일자,휴일구분,전체건수,성인건수,청소년건수,어린이건수,경로건수,유공자건수,장애인건수,3세미만건수,연간회원건수,평균기온,일강수량,평균상대습도,평균현지기압,미세먼지_PM10,미세먼지_PM25
2023-01-01,일요일,1875,904,57,381,27,2,24,94,386,-0.8,0,54.1,1022.6,37,25
2023-01-02,평일,422,197,12,124,5,6,1,15,62,-3,0,40.6,1023.9,18,9
2023-01-03,평일,379,177,37,85,14,2,4,8,52,-3.5,0,55,1022.4,23,11
2023-01-04,평일,498,210,25,111,9,4,10,49,80,-1.5,0,53.3,1022.3,25,14
2023-01-05,평일,426,194,42,113,10,2,4,13,48,-1.1,0,66.1,1022.5,54,43
2023-01-06,평일,533,235,20,200,2,1,2,16,57,1.1,2.1,72.4,1014.3,95,87
2023-01-07,토요일,1705,873,73,437,9,3,29,110,171,2.6,0.7,62.1,1011.8,118,80
2023-01-08,일요일,1917,892,67,398,35,4,19,111,391,1.2,0,62.4,1016.7,77,26
2023-01-09,평일,345,172,24,84,10,1,1,16,37,1.9,0,62.5,1016.2,69,30
2023-01-10,평일,488,224,16,145,12,1,3,20,67,1.2,0,55.8,1020.3,48,26
2023-01-11,평일,616,273,47,156,7,2,18,53,60,2.2,0,55,1018,50,33
2023-01-12,평일,870,411,66,206,12,3,12,37,123,5.1,0,52.6,1014,45,27
2023-01-13,평일,126,78,2,38,2,0,0,3,3,9,21.6,94.4,1003.3,27,16
2023-01-14,토요일,443,217,29,110,3,0,8,11,65,7.3,2.6,93,1005.3,9,5
2023-01-15,일요일,393,177,30,89,8,0,5,6,78,0.4,0.5,81,1010.3,12,6
2023-01-16,평일,332,140,35,109,7,1,1,9,30,-3.1,0,58.5,1016.8,21,10
2023-01-17,평일,273,133,27,82,8,1,4,7,11,-2.4,0,55.1,1018.6,28,16
2023-01-18,평일,300,156,49,62,5,2,6,4,16,-0.8,0,61.6,1017.9,47,21
2023-01-19,평일,387,217,30,91,2,0,2,20,25,0.6,0,56.3,1015.8,57,25
2023-01-20,평일,290,91,23,121,4,0,3,7,41,-1,0.2,43.1,1019.3,72,16
2023-01-21,토요일,910,451,50,172,19,9,10,29,170,-3.3,0,51,1022.2,25,9
2023-01-22,일요일,1274,721,50,271,49,4,9,22,148,-0.5,0,58.1,1017.8,28,12
2023-01-23,휴일,3810,1833,152,787,102,32,100,307,497,0.6,0,61.5,1014.7,50,27
2023-01-24,휴일,200,110,13,37,4,0,4,3,29,-10.9,0,50.8,1020.4,28,9
2023-01-25,평일,32,18,5,6,0,1,1,0,1,-11.4,0,42.9,1022.4,23,6
2023-01-26,평일,96,55,6,19,1,0,1,7,7,-5.8,0.7,70.1,1015.7,23,15
2023-01-27,평일,122,78,12,19,1,0,4,1,7,-6,0,55.1,1014.6,23,11
2023-01-28,토요일,893,366,125,269,10,1,10,8,104,-5.8,0,60.4,1014.5,25,10
2023-01-29,일요일,1372,630,73,291,13,0,14,38,313,-1.1,0,63.4,1011.8,40,14
2023-01-30,평일,497,194,76,156,2,3,5,8,53,-0.4,0,42.8,1015.3,38,10
2023-01-31,평일,419,210,36,98,6,7,4,7,51,2.3,0,54.8,1010.6,27,13
2023-02-01,평일,474,224,58,98,9,1,7,39,38,3.1,0,53.9,1011.2,43,18
2023-02-02,평일,348,177,41,79,3,0,7,16,25,-1.5,0,42.8,1018.4,41,14
2023-02-03,평일,540,242,69,125,6,3,39,14,42,-0.8,0,41.4,1015.3,35,12
2023-02-04,토요일,3244,1587,163,791,24,6,21,156,496,-0.6,0,53.8,1017,38,28
2023-02-05,일요일,3716,1742,152,900,36,13,41,174,658,0.7,0,57.6,1017,55,42
2023-02-06,평일,646,326,39,173,6,3,11,32,56,2.1,0,52.8,1014,67,50
2023-02-07,평일,505,249,74,115,8,1,8,15,35,2.9,0,52.5,1012.9,82,63
2023-02-08,평일,610,309,69,125,10,1,10,46,40,1.8,0,53.4,1018.4,80,65
2023-02-09,평일,733,317,56,276,10,0,4,29,41,3.5,1.1,54.4,1018.3,46,34
2023-02-10,평일,542,202,41,185,15,4,10,43,42,2.9,3,83.1,1012.4,22,16
2023-02-11,토요일,4168,2020,279,1226,27,10,42,160,404,0.9,0,83.6,1015.5,46,40
2023-02-12,일요일,3595,1668,205,898,37,9,43,195,540,1.9,0,79.3,1013.3,60,54
2023-02-13,평일,703,358,46,195,11,2,12,23,56,6.3,0,62.3,1009.6,39,26
2023-02-14,평일,833,368,71,311,1,4,6,21,51,2.4,0,53,1014.2,46,31
2023-02-15,평일,778,331,50,264,9,3,17,76,28,3.4,0,55.6,1020.2,22,12
2023-02-16,평일,811,270,60,391,12,1,3,10,64,2.7,0,63.6,1022.3,26,21
2023-02-17,평일,1370,578,166,486,11,2,9,39,79,4.2,0,51,1019.1,40,28
2023-02-18,토요일,2946,1342,147,983,30,8,14,99,323,6.4,0.8,55.6,1011.7,48,37
2023-02-19,일요일,2828,1365,190,660,23,8,28,141,413,3.6,0.5,59.6,1011.7,38,31
2023-02-20,평일,897,450,97,250,8,1,17,8,66,-0.1,0,43.4,1018.4,29,5
2023-02-21,평일,595,264,68,198,4,2,10,6,43,-1.1,0,35.6,1025.9,28,13
2023-02-22,평일,1089,444,108,381,9,1,7,12,127,2.1,0,48.9,1021.8,28,17
2023-02-23,평일,1913,778,104,753,22,2,18,59,177,3.4,0,48.4,1016.1,37,22
2023-02-24,평일,2736,1111,122,1176,34,7,43,64,179,2.9,0,49.3,1016.6,54,38
2023-02-25,토요일,5844,2906,314,1870,63,6,40,145,500,0.7,0,41.5,1023.7,30,12
2023-02-26,일요일,6554,3241,319,1962,76,14,45,204,693,1.9,0,37,1028.3,28,15
2023-02-27,평일,4312,2053,152,1555,57,13,19,137,326,4.4,0,38.5,1025.7,34,20
2023-02-28,평일,4655,2014,166,1743,43,9,34,231,415,5.8,0,54.3,1019.1,31,21
2023-03-01,휴일,4924,2326,117,1226,49,17,41,299,849,6.6,0,52.5,1013.9,33,18
2023-03-02,평일,332,178,2,36,7,1,19,22,67,2.3,0,25.9,1019.6,41,6
2023-03-03,평일,447,241,3,62,28,8,8,20,77,4.2,0,45.9,1020,34,10
2023-03-04,토요일,5028,2440,109,1170,44,12,80,373,800,6.4,0,53.3,1020.5,57,32
2023-03-05,일요일,5316,2489,93,1129,53,7,65,369,1111,7.9,0,41,1019,77,53
2023-03-06,평일,433,239,0,53,11,7,12,56,55,8.3,0,38.6,1015.5,62,41
2023-03-07,평일,391,255,6,42,10,3,9,21,45,11.9,0,41.6,1012.5,56,29
2023-03-08,평일,467,269,3,59,3,1,12,40,80,14.5,0,34.9,1011,54,24
2023-03-09,평일,337,163,2,32,6,20,9,38,67,13.9,0,57.3,1007.4,55,33
2023-03-10,평일,729,404,9,101,10,1,27,62,115,14.3,0,48.4,1011.1,72,43
2023-03-11,토요일,8168,4010,166,2033,68,17,81,463,1330,16.4,0,33,1013.7,80,36
2023-03-12,일요일,174,62,8,25,2,0,1,13,63,6.8,12.4,62.1,1012.5,56,21
2023-03-13,평일,231,134,1,40,7,1,8,17,23,3.5,0,31.6,1014.8,30,6
2023-03-14,평일,403,227,1,61,3,5,9,26,71,9.4,0,38.4,1010.5,36,10
2023-03-15,평일,472,266,5,75,9,1,12,47,57,11.5,0,56.4,1012.4,28,9
2023-03-16,평일,337,186,8,54,5,2,8,28,46,6.1,0,24.4,1020.2,62,11
2023-03-17,평일,664,357,1,90,29,9,47,56,75,7.3,0,35.4,1015.1,50,14
2023-03-18,토요일,6472,3165,198,1776,85,23,76,239,910,9.3,0,32,1011.1,49,22
2023-03-19,일요일,6538,3120,147,1521,74,16,93,419,1148,8.7,0,41.4,1012,64,37
2023-03-20,평일,522,322,7,84,10,4,5,26,64,10.6,0,37.8,1007.8,62,38
2023-03-21,평일,586,313,3,85,7,4,52,34,88,14,0,32.5,1003.6,53,19
2023-03-22,평일,772,343,3,101,16,12,44,128,125,17,0,44.9,1001.4,44,20
2023-03-23,평일,125,69,2,19,3,1,8,6,17,15,11.4,77,998.8,62,24
2023-03-24,평일,845,483,6,189,13,4,19,45,86,12.4,0,55,1007.2,166,30
2023-03-25,토요일,5718,2709,142,1677,71,24,60,358,677,10.8,0,65.5,1010.4,69,13
2023-03-26,일요일,6562,3211,165,1458,79,29,92,409,1119,9.7,0,36,1009.6,56,14
2023-03-27,평일,688,358,9,110,23,11,27,56,94,7.4,0,35.5,1014,34,12
2023-03-28,평일,544,303,13,102,13,9,18,32,54,8.7,0,47.1,1016,83,31
2023-03-29,평일,701,381,6,100,24,4,24,57,105,11.8,0,43.5,1014.4,73,26
2023-03-30,평일,1011,472,33,151,53,13,89,85,115,14.2,0,30.3,1011.4,61,22
2023-03-31,평일,1693,833,13,453,38,18,41,84,213,14.7,0,31,1010.2,72,28
2023-04-01,토요일,8698,4383,223,2290,128,43,105,423,1103,16.8,0,30.9,1008.1,61,30
2023-04-02,일요일,7663,3880,193,1689,93,13,56,402,1337,16.9,0,26.8,1011.3,42,22
2023-04-03,평일,1495,740,208,244,53,13,29,89,119,16.8,0,25.8,1014.2,46,25
2023-04-04,평일,751,320,160,120,29,3,25,28,66,15.2,7.6,50.9,1010.9,24,8
2023-04-05,평일,248,212,1,31,0,1,1,0,2,12.1,18.5,91,1001.8,26,11
2023-04-06,평일,362,89,106,112,23,7,6,2,17,8.7,4.2,88.5,1003.7,58,73
2023-04-07,평일,1086,479,172,193,29,7,61,66,79,9,0.3,60,1007.1,68,53
2023-04-08,토요일,6751,3270,192,1857,113,36,116,394,773,8.6,0,44.4,1011.9,42,6
2023-04-09,일요일,7109,3469,140,1527,142,21,121,409,1280,10.1,0,47,1011.7,62,11
2023-04-10,평일,1234,675,13,388,23,7,27,26,75,12.6,0,45.1,1007.7,40,9
2023-04-11,평일,1219,87,163,723,11,5,194,4,32,14.7,0,65.5,1003.9,40,11
2023-04-12,평일,932,331,196,213,78,2,43,14,55,10.9,0,30.1,1010.1,209,19
2023-04-13,평일,1484,407,111,788,32,7,25,41,73,13.5,0,28.8,1009.4,166,20
2023-04-14,평일,2418,700,346,1002,45,15,116,69,125,15.1,0,35.8,1005.1,62,10
2023-04-15,토요일,2592,1047,70,641,63,20,69,68,614,12.5,13.2,74.5,997.2,49,15
2023-04-16,일요일,5282,2622,85,1320,81,18,79,254,823,10.9,0,64.5,998.1,102,26
2023-04-17,평일,2563,639,46,1572,44,13,87,46,116,13.6,0,51.3,1007.1,82,20
2023-04-18,평일,701,51,18,595,7,3,3,1,23,13.8,1.3,78.3,1003.3,53,17
2023-04-19,평일,3368,692,499,1845,84,15,26,89,118,20.2,0,65,1001.6,37,13
2023-04-20,평일,4016,593,89,3034,58,5,97,44,96,19.9,0,69.5,1001.9,47,13
2023-04-21,평일,5205,1033,131,3691,52,12,59,84,143,17.5,0,61,1003.8,86,16
2023-04-22,토요일,8324,3495,160,3002,113,109,205,465,775,16.2,0,30.4,1011.3,218,25
2023-04-23,일요일,5342,2801,87,1213,107,45,124,241,724,15.9,0,36.4,1014.7,135,19
2023-04-24,평일,2269,585,19,1368,43,40,93,44,77,15,0,41.9,1014.8,42,15
2023-04-25,평일,1367,80,2,1208,7,0,53,3,14,9.3,1.8,74.6,1008,23,10
2023-04-26,평일,3412,644,8,2562,23,10,26,60,79,9.5,0,66.8,1006.6,27,11
2023-04-27,평일,6257,822,519,4473,93,18,102,125,105,12.7,0,51.5,1012.1,26,11
2023-04-28,평일,5822,1102,1126,3283,49,8,64,52,138,16.2,0,53.6,1008.3,31,13
2023-04-29,토요일,1231,631,43,344,31,5,9,21,147,14,7.6,81,1000,30,11
2023-04-30,일요일,11765,6341,279,3077,191,58,178,704,937,13.5,0,57.4,1003.4,41,11
2023-05-01,휴일,11328,4755,715,4149,148,37,94,461,969,14.7,0,49.6,1009.5,49,19
2023-05-02,평일,2313,570,182,1343,39,4,26,50,99,17,0,42.1,1014.3,29,12
2023-05-03,평일,2954,754,720,1094,106,8,59,76,137,19.1,0,46.4,1012.9,33,13
2023-05-04,평일,7327,776,4878,1324,38,9,50,106,146,20.1,1.8,63,1005.6,26,12
2023-05-05,휴일,697,346,19,157,20,4,39,18,94,19,83.3,92.6,995.1,12,3
2023-05-06,토요일,766,408,24,217,16,1,7,25,68,15.1,38.6,89.3,997.1,7,3
2023-05-07,일요일,2698,1316,101,638,58,7,57,187,334,12,0.2,66.5,1004.1,30,18
2023-05-08,평일,1664,612,217,442,214,7,36,55,81,13.7,0,59.3,1008.7,35,18
2023-05-09,평일,2175,749,258,873,36,8,57,102,92,16.5,0,54.8,1008.9,42,22
2023-05-10,평일,3337,453,1738,872,17,18,30,81,128,17.3,0,51.9,1008.9,44,26
2023-05-11,평일,2231,525,621,885,44,7,28,58,63,18.9,0,45,1010.1,38,21
2023-05-12,평일,5363,804,2022,2046,25,11,182,102,171,18.5,0,46.4,1009,33,19
2023-05-13,토요일,9643,4437,408,2614,137,52,153,548,1294,18.2,0,54.3,1004.9,32,18
2023-05-14,일요일,6823,3201,257,1469,84,33,132,484,1163,17.8,0,51.3,1001.6,24,11
2023-05-15,평일,1385,549,153,401,26,8,50,103,95,20.5,0,50.9,1000.8,33,18
2023-05-16,평일,1611,480,20,790,86,18,87,58,72,23.5,0,41.9,1003.4,45,21
2023-05-17,평일,2084,518,569,761,11,1,73,53,98,23.6,0,44.8,1005.4,37,16
2023-05-18,평일,1810,251,642,779,15,6,58,28,31,19.2,0,68,1003,27,16
2023-05-19,평일,3749,1082,1179,1129,27,11,49,115,157,20.8,0,61.9,1001.3,15,6
2023-05-20,토요일,8572,3976,261,2330,106,26,89,456,1328,20.6,0,66.6,1003.1,23,10
2023-05-21,일요일,5741,2730,196,1339,94,17,123,361,881,18.3,0,69.1,1002.1,37,10
2023-05-22,평일,785,397,15,197,49,6,31,51,39,17.5,5.7,67.8,1000.8,121,28
2023-05-23,평일,1398,477,147,542,18,5,74,31,104,18.5,0,62.5,1002.8,54,16
2023-05-24,평일,1082,375,13,361,53,15,112,68,85,19.9,0,54.8,1006.8,44,19
2023-05-25,평일,1796,449,37,949,18,0,187,58,98,21.3,0,45,1008.4,36,14
2023-05-26,평일,2939,738,1032,849,18,16,35,90,161,21.8,0,52.9,1010.3,29,11
2023-05-27,토요일,8312,4213,245,2333,116,46,113,395,851,20.8,0.6,79,1009.4,37,15
2023-05-28,일요일,852,455,34,212,18,6,12,23,92,20.2,34.7,91.8,1005,13,5
2023-05-29,평일,1005,441,17,142,25,5,13,63,299,20.4,28,89.3,1002.5,9,2
2023-05-30,평일,786,333,75,166,32,5,20,81,74,21.6,0,73,1002.4,14,5
2023-05-31,평일,1102,414,6,293,42,7,163,74,103,22.3,0,53.6,1002.8,21,7
2023-06-01,평일,1476,380,586,283,73,12,7,72,63,22.4,0,63.9,998.3,31,13
2023-06-02,평일,1604,481,653,209,26,5,21,80,129,21.9,0,67.8,995,33,15
2023-06-03,토요일,8655,4221,216,2252,106,28,80,619,1133,21.9,0,51.6,1001,29,14
2023-06-04,일요일,8697,4326,239,2278,118,20,110,649,957,22.6,0,50.1,1003.3,27,13
2023-06-05,평일,6034,2853,229,2188,67,35,78,305,279,21.5,0,59.3,1003.8,25,15
2023-06-06,휴일,7563,3665,167,1883,80,19,75,658,1016,21.4,0,62.1,999.8,21,10
2023-06-07,평일,728,279,87,185,16,2,9,61,89,21.7,0,68,1001.2,30,18
2023-06-08,평일,781,292,119,209,5,0,44,52,60,22.3,0.3,69.6,996.8,25,11
2023-06-09,평일,1049,352,180,295,9,3,25,64,121,23.2,0.3,56.8,996.3,29,13
2023-06-10,토요일,3946,1760,68,1017,29,11,48,246,767,23.3,1.3,63.1,997.2,26,14
2023-06-11,일요일,3240,1555,67,685,58,13,35,195,632,23.5,0,67.5,997.4,22,12
2023-06-12,평일,641,242,5,266,15,7,12,44,50,23.3,0,65,997.7,26,13
2023-06-13,평일,752,328,25,252,12,5,17,31,82,22.8,0,64,996.7,28,14
2023-06-14,평일,820,191,5,479,1,1,36,31,76,22.6,0,60.8,998.1,22,11
2023-06-15,평일,948,283,8,491,14,2,33,43,74,22.3,0,63.9,1001,28,15
2023-06-16,평일,1243,523,12,524,9,4,9,57,105,24.4,0,57.3,1005.4,32,18
2023-06-17,토요일,5801,2721,116,1478,47,133,79,366,861,25,0,54.3,1005,35,21
2023-06-18,일요일,2842,1444,57,697,49,11,24,171,389,26.1,0,50.4,999.7,32,19
2023-06-19,평일,333,189,7,75,8,2,4,31,17,27,0,51.6,998.7,40,23
2023-06-20,평일,556,235,73,118,23,2,10,41,54,23.7,2.9,61,996.7,23,10
2023-06-21,평일,153,82,4,25,3,0,2,10,27,21.3,1.6,87.1,993.6,21,9
2023-06-22,평일,476,228,2,82,26,1,17,45,75,22.9,0,69.3,996.6,22,11
2023-06-23,평일,752,414,6,166,11,3,14,50,88,25.7,0,61.3,1001.5,25,13
2023-06-24,토요일,5164,2534,97,1270,47,16,99,294,807,27.1,0,59.9,1005.8,28,16
2023-06-25,일요일,2484,1167,53,507,59,14,49,205,430,26.7,0,58,1004,25,16
2023-06-26,평일,37,17,1,13,0,2,0,1,3,23.8,54.5,89.8,999.5,13,4
2023-06-27,평일,339,183,0,41,31,3,8,27,46,26.1,25.3,70.8,1001.3,22,10
2023-06-28,평일,304,157,8,47,3,0,7,32,50,24.1,5.7,78.8,1000.6,22,6
2023-06-29,평일,47,23,1,16,1,2,2,0,2,24.6,50.8,88.1,994.3,32,12
2023-06-30,평일,141,80,1,25,1,2,0,8,24,24.2,4.8,90.5,993.1,14,5
2023-07-01,토요일,3265,1496,94,784,29,11,32,220,599,27.3,0,75.6,998.1,22,10
2023-07-02,일요일,1910,832,84,375,16,7,26,153,417,27.5,0,73.5,1000.7,32,20
2023-07-03,평일,221,117,8,31,3,3,24,8,27,28.4,0,71,997.8,35,18
2023-07-04,평일,22,9,1,5,0,2,2,0,3,24.7,80.2,87.3,993.1,18,9
2023-07-05,평일,270,138,6,33,9,2,4,21,57,24.3,27.7,77.8,989.2,20,10
2023-07-06,평일,496,180,131,80,8,0,19,26,52,26.4,0,59.8,995,40,12
2023-07-07,평일,132,67,8,25,3,3,1,7,18,21.6,68.7,87.6,995.1,24,10
2023-07-08,토요일,2625,1265,70,469,27,8,33,220,533,23.9,2.6,85.6,995.1,17,5
2023-07-09,일요일,1412,647,34,229,16,9,16,116,345,26.4,0.1,81.6,995.3,27,14
2023-07-10,평일,206,106,9,49,3,2,10,7,20,26.5,36.2,74.8,996.8,16,12
2023-07-11,평일,57,28,0,13,0,1,1,3,11,23.6,39.6,89,998.4,21,5
2023-07-12,평일,166,76,6,18,1,1,5,20,39,26.7,7.8,81.4,997.9,24,10
2023-07-13,평일,30,20,1,2,0,0,2,1,4,25.2,9.5,90,996.9,27,8
2023-07-14,평일,4,2,0,0,0,0,0,0,2,24.2,221.8,94.5,992.1,10,4
2023-07-15,토요일,42,19,0,5,6,2,3,1,6,23.2,105.6,93,994.4,13,4
2023-07-16,일요일,417,124,4,42,6,2,13,35,191,24.3,1.5,88.5,1000.3,20,5
2023-07-17,평일,164,88,15,33,1,2,2,6,17,25.4,30.9,87,1004.3,11,3
2023-07-18,평일,15,10,1,4,0,0,0,0,0,23,73,94.4,1003,10,2
2023-07-19,평일,282,137,18,51,3,1,6,23,43,26,0,78,999.9,22,9
2023-07-20,평일,676,489,64,64,6,2,3,14,34,26.8,0,75.8,1001.6,44,25
2023-07-21,평일,319,128,44,90,5,0,6,8,38,27.6,0,75,1004.2,39,24
2023-07-22,토요일,1630,588,117,298,13,4,15,105,490,25.3,1,78.4,1004.7,23,9
2023-07-23,일요일,345,115,8,34,4,2,6,25,151,24.8,20.2,89.4,1001.1,15,4
2023-07-24,평일,520,217,11,113,11,5,9,26,128,26.1,5.1,82.3,1001.6,14,3
2023-07-25,평일,427,166,13,90,9,3,8,37,101,25.1,9.1,88,1005.7,17,5
2023-07-26,평일,808,335,72,208,7,0,1,41,144,25.9,3.7,83.8,1007.4,13,4
2023-07-27,평일,1029,446,34,288,18,0,26,50,167,27.5,0.3,76.8,1006.9,21,8
2023-07-28,평일,1113,444,60,395,10,3,8,46,147,28.4,0.1,76.1,1006.5,22,13
2023-07-29,토요일,3454,1600,106,705,36,10,36,198,763,29.5,0,70.3,1006.6,40,21
2023-07-30,일요일,1727,780,89,397,23,2,33,60,343,27.4,31.6,80.3,1005.6,36,16
2023-07-31,평일,1640,712,89,498,20,9,31,94,187,27.8,0,77.4,1005,28,12
2023-08-01,평일,1349,667,71,411,11,1,11,42,135,29.5,0,70.4,1002.7,-,-
2023-08-02,평일,1228,576,92,335,16,6,19,60,124,29.1,0,72.6,1000.3,52,24
2023-08-03,평일,1061,518,43,262,8,4,29,68,129,29.2,0,67.5,998.6,35,11
2023-08-04,평일,1091,533,48,327,2,3,11,51,116,29.6,0,70.3,996.8,31,12
2023-08-05,토요일,3074,1363,141,628,30,19,55,171,667,30,0,67.1,993.2,33,17
2023-08-06,일요일,1420,567,102,249,8,5,22,103,364,29.5,6.3,71.4,990.5,25,11
2023-08-07,평일,376,170,26,106,2,1,3,15,53,29.7,0,70.4,991.6,18,5
2023-08-08,평일,381,174,49,91,0,4,13,16,34,30.1,0,66.6,994.3,12,5
2023-08-09,평일,1583,218,1069,221,3,1,15,11,45,26.4,45.4,79.5,995.2,13,4
2023-08-10,평일,1,0,0,1,0,0,0,0,0,21.3,143.3,93.8,987.7,4,2
2023-08-11,평일,811,405,44,248,11,4,13,34,52,25.3,8,80.4,993.2,25,9
2023-08-12,토요일,4604,2022,157,1045,28,20,61,434,837,24.2,3.7,83.6,996.7,28,11
2023-08-13,일요일,4005,1977,126,896,28,12,46,311,609,26.8,0,78.9,997.1,37,16
2023-08-14,평일,1478,715,67,458,11,3,16,68,140,28.1,0,74,998,40,20
2023-08-15,휴일,2829,1311,99,643,25,6,40,189,516,28.1,0,73.1,996.9,43,16
2023-08-16,평일,672,355,25,211,12,0,3,20,46,27.7,0,72,996.4,42,17
2023-08-17,평일,648,339,16,211,5,4,5,12,56,26.1,1.5,80.5,997.4,29,12
2023-08-18,평일,754,355,23,247,8,2,12,39,68,28.3,0.2,72.9,999.2,19,10
2023-08-19,토요일,3691,1747,81,880,25,19,50,274,615,28.2,0,72.4,1002.1,15,10
2023-08-20,일요일,2187,976,72,466,15,9,14,153,482,28.1,0,71.1,1003.5,37,14
2023-08-21,평일,484,216,7,185,0,2,15,10,49,29.2,0,69.6,1000.3,17,11
2023-08-22,평일,472,191,3,155,1,2,64,19,37,27.6,1.5,73.3,997.2,20,11
2023-08-23,평일,166,87,2,28,2,0,9,10,28,26.7,22.8,83,997.4,17,4
2023-08-24,평일,154,75,0,30,0,2,8,8,31,25.5,44.3,89.1,998.3,11,4
2023-08-25,평일,848,404,9,243,5,5,13,53,116,26.2,0,70.3,1000.6,23,9
2023-08-26,토요일,6063,2520,97,1332,38,53,89,629,1305,25,0,74.8,1002,35,16
2023-08-27,일요일,3988,1820,65,827,27,4,51,337,857,26.2,0,71.8,1000.7,35,18
2023-08-28,평일,378,199,9,62,5,2,6,41,54,26.1,0,73.5,999.1,18,8
2023-08-29,평일,92,49,6,18,0,3,5,2,9,24.8,5.5,86.3,998.5,18,5
2023-08-30,평일,34,21,3,3,0,0,3,4,0,21.1,44.4,93.9,1002,14,5
2023-08-31,평일,584,327,10,83,6,6,6,68,78,22.5,0,81.3,1003.2,21,9
2023-09-01,평일,1392,622,14,482,10,3,86,72,103,23.1,0,72.8,1004.4,31,15
2023-09-02,토요일,8479,4266,184,2032,65,28,62,716,1126,24.6,0,70.8,1004.1,29,14
2023-09-03,일요일,4024,1861,70,803,33,17,40,408,792,27,0,74.5,1004.4,19,4
2023-09-04,평일,924,413,25,320,7,9,20,56,74,27.4,0,75.3,1004.2,15,6
2023-09-05,평일,749,370,114,118,19,7,12,56,53,26.9,0,66.8,1003.9,29,9
2023-09-06,평일,494,278,5,106,11,2,13,30,49,26,0,67.6,1004.2,21,8
2023-09-07,평일,836,354,10,316,1,3,13,43,96,25,0,60,1006.8,19,7
2023-09-08,평일,1660,566,627,259,9,5,8,70,116,23.3,0,61.3,1005.6,19,6
2023-09-09,토요일,9667,4929,212,2483,71,17,87,716,1152,24.1,0,67.6,1003.5,27,11
2023-09-10,일요일,5892,2872,124,1348,39,28,65,599,817,24.9,0,68.6,1002.6,30,14
2023-09-11,평일,541,259,6,134,5,2,56,34,45,25.2,0,68.8,1002,37,18
2023-09-12,평일,662,329,13,161,19,3,5,58,74,24.5,0,71.4,1003.2,30,15
2023-09-13,평일,192,73,2,75,8,0,8,4,22,21,27.5,91.8,1003.9,24,11
2023-09-14,평일,1879,294,253,1213,9,2,24,41,43,22.1,5.9,87.1,1004.9,13,5
2023-09-15,평일,477,140,81,184,7,12,16,19,18,21.9,15.1,93.5,1005.8,11,4
2023-09-16,토요일,884,395,32,206,4,4,19,68,156,22.5,58.9,93.8,1004.3,14,4
2023-09-17,일요일,3668,1681,34,632,34,24,51,406,806,24.4,0,83.4,1002.9,14,4
2023-09-18,평일,730,349,46,202,8,1,27,49,48,24.5,2.2,79.6,1005,17,4
2023-09-19,평일,1091,379,7,560,4,0,17,50,74,23.6,0,78.8,1006.7,31,13
2023-09-20,평일,317,31,82,173,0,3,11,5,12,20.9,152.7,93.1,1001.4,32,16
2023-09-21,평일,1009,258,4,653,11,0,4,19,60,18.4,3,89.3,1003.2,12,4
2023-09-22,평일,2302,685,80,1190,21,3,28,101,194,18.6,0,79.8,1008.4,18,8
2023-09-23,토요일,9723,4712,182,2475,44,35,140,1000,1135,19.5,0,72.9,1011.9,19,9
2023-09-24,일요일,6996,3436,90,1529,37,30,67,681,1126,21.1,0,58.4,1011.8,11,3
2023-09-25,평일,1089,350,155,431,10,5,18,52,68,21.4,4,74,1008.4,17,4
2023-09-26,평일,260,76,8,123,0,1,32,5,15,20.4,35.2,94,1005.1,12,4
2023-09-27,평일,478,262,25,106,9,0,5,35,36,21.5,1.4,89,1004,12,4
2023-09-28,평일,5877,3065,127,1321,161,52,83,569,499,22.2,0,74.5,1006.5,38,17
2023-09-29,평일,8644,4520,253,1873,332,60,176,972,458,20.2,0,74.3,1006.6,48,26
2023-09-30,토요일,12866,6706,385,3032,350,147,347,1109,790,18.6,4.3,77.3,1004.4,22,10
2023-10-01,일요일,14691,7792,396,3763,322,62,220,1229,907,17.8,0,60.9,1007,21,7
2023-10-02,휴일,17317,8095,461,4229,224,73,365,2839,1031,16.7,0,65.5,1010.6,17,7
2023-10-03,휴일,6763,3362,192,1534,75,56,124,721,699,15.2,0,79.5,1010,18,7
2023-10-04,평일,1384,346,205,698,18,7,27,40,43,17.8,0,71.4,1006.7,20,9
2023-10-05,평일,2406,664,477,1106,16,0,36,68,39,14.5,0,42.6,1009,32,5
2023-10-06,평일,3483,651,1106,1456,22,7,82,75,84,15,0,57,1011.6,22,9
2023-10-07,토요일,7624,3837,191,2046,72,47,103,697,631,15.7,0,70.9,1014.1,23,12
2023-10-08,일요일,10691,5846,214,2857,99,24,112,791,748,17.2,0,64.8,1014.5,11,4
2023-10-09,휴일,6819,3295,206,1612,78,45,140,751,692,17.3,0,70,1011.9,16,6
2023-10-10,평일,1539,489,310,534,15,6,57,75,53,16.5,0,72.3,1013.1,27,12
2023-10-11,평일,1701,483,127,882,23,14,40,79,53,16.6,0,65.4,1016.4,30,13
2023-10-12,평일,2917,490,870,1357,16,5,54,70,55,16.1,0,64.9,1016.3,26,9
2023-10-13,평일,5600,940,1384,2947,49,20,73,91,96,16.4,0,69.9,1010,30,12
2023-10-14,토요일,6553,3108,215,2008,50,39,202,413,518,15.3,0,75.5,1002.7,31,19
2023-10-15,일요일,6515,3259,178,1613,75,14,151,547,678,15.1,0,75.6,1003.7,24,12
2023-10-16,평일,1478,543,150,585,23,9,20,96,52,14.7,0,64.5,1007.8,34,12
2023-10-17,평일,1893,624,312,675,27,18,60,100,77,13.3,0,63.8,1011.8,29,8
2023-10-18,평일,3536,676,1096,1448,52,16,88,85,75,14.8,0,65.6,1011.9,28,12
2023-10-19,평일,1909,212,348,1273,19,6,14,26,11,15.2,11.1,85.9,1008.3,25,12
2023-10-20,평일,4853,699,2507,1426,24,14,44,71,68,11.8,1.1,60.5,1009.7,17,4
2023-10-21,토요일,8687,4061,396,2952,85,27,167,491,508,10.6,0,59.8,1013.1,19,5
2023-10-22,일요일,5895,2952,221,1419,79,51,77,390,706,11.8,0,68.5,1015.7,21,6
2023-10-23,평일,1625,455,418,553,20,9,41,73,56,13.7,0,75.5,1015,27,11
2023-10-24,평일,1478,505,58,568,105,4,58,104,76,14,0,77.1,1012.6,33,17
2023-10-25,평일,2365,554,858,639,84,14,52,84,80,15.7,0,74.9,1010.4,35,19
2023-10-26,평일,2498,683,600,892,127,5,98,56,37,16.6,0,77.5,1007.4,48,31
2023-10-27,평일,4392,1098,1363,1494,36,36,100,144,121,14.3,0,71.1,1007.1,54,28
2023-10-28,토요일,9691,4612,319,2982,117,71,202,755,633,13.3,0,74.1,1010.7,46,25
2023-10-29,일요일,7149,3624,183,1555,136,47,177,680,747,13.3,0,70.8,1013.7,37,19
2023-10-30,평일,1685,506,32,889,34,8,45,108,63,14.1,0,72.1,1014.7,44,23
2023-10-31,평일,1887,580,278,608,59,18,159,79,106,14.8,0,67.6,1014.4,47,26
2023-11-01,평일,1568,491,379,524,26,8,23,71,46,18.1,0,68.8,1010.9,47,23
2023-11-02,평일,2381,587,804,719,28,9,34,100,100,19.6,0,59.1,1009.7,37,16
2023-11-03,평일,2737,859,368,1223,27,7,36,131,86,19.3,0,69.4,1008.4,32,15
2023-11-04,토요일,4212,1910,102,1426,81,11,68,285,329,18.8,0,81,1012.2,26,14
2023-11-05,일요일,2313,1025,52,427,62,21,77,233,416,19.3,7.5,75.4,1008.5,23,13
2023-11-06,평일,447,188,12,180,16,0,22,17,12,15.5,11.5,64.9,1000.9,23,8
2023-11-07,평일,910,365,7,392,30,7,53,34,22,8.3,0,55.1,1013.5,21,8
2023-11-08,평일,614,285,6,175,50,6,20,37,35,8.4,0,60.4,1014.5,20,9
2023-11-09,평일,1248,441,288,372,22,6,23,60,36,11.5,8.3,73.8,1012.3,34,16
2023-11-10,평일,2069,492,752,644,16,5,53,60,47,5.7,0.3,49.8,1017.1,21,10
2023-11-11,토요일,3883,1800,151,1394,46,12,32,225,223,1.7,0,54.4,1020.6,22,12
2023-11-12,일요일,2486,1235,82,720,23,7,27,166,226,1.7,0,61.5,1019.5,23,12
2023-11-13,평일,374,221,6,99,4,5,13,16,10,2.4,0,58.3,1020.2,23,12
2023-11-14,평일,717,215,32,362,23,9,21,27,28,5.5,0,67,1018.9,25,12
2023-11-15,평일,980,293,12,561,12,5,33,30,34,7,0,68.5,1019.8,41,26
2023-11-16,평일,965,77,562,310,0,2,1,10,3,5.3,7.5,88.1,1012.3,38,31
2023-11-17,평일,337,165,20,117,16,0,0,12,7,2.5,1,71.8,1006.5,13,4
2023-11-18,토요일,2166,951,153,849,6,7,32,81,87,1.6,0.8,67.6,1010.7,21,8
2023-11-19,일요일,2756,1418,77,577,24,13,43,202,402,7.8,0,67.6,1010.3,35,15
2023-11-20,평일,756,228,189,225,4,3,12,48,47,6,0,58.4,1015.7,32,14
2023-11-21,평일,820,275,241,154,12,7,56,40,35,6.2,0,58.4,1014,31,14
2023-11-22,평일,819,281,69,295,35,21,9,57,52,7.9,0,72.6,1009.3,29,18
2023-11-23,평일,716,278,44,280,9,4,19,35,47,12.8,0,59,1006.3,59,29
2023-11-24,평일,652,194,257,167,11,0,4,10,9,1.2,0,47.3,1020.3,17,6
2023-11-25,토요일,1681,866,104,480,12,2,25,70,122,-1.2,0,38,1024.2,20,8
2023-11-26,일요일,1592,875,42,337,14,1,14,108,201,4.2,0.4,49.9,1016.9,23,15
2023-11-27,평일,133,79,5,24,5,4,1,7,8,7,3,82.1,1007.1,20,12
2023-11-28,평일,172,111,9,27,10,0,1,9,5,3.4,0,59.4,1013.4,29,14
2023-11-29,평일,212,123,25,24,4,5,6,16,9,2.4,0,66.8,1016.9,24,14
2023-11-30,평일,244,141,51,29,3,0,4,8,8,-2.1,0,49.8,1020.7,19,7
2023-12-01,평일,426,144,74,169,3,2,4,13,17,-1.7,0,58.8,1018.4,25,11
2023-12-02,토요일,1425,660,81,470,14,6,23,56,115,2.8,0,61.4,1017.4,29,15
2023-12-03,일요일,1454,711,49,386,17,3,12,99,177,2.7,0,49.4,1018.5,37,20
2023-12-04,평일,258,145,11,65,3,2,5,11,16,2.3,0,60.4,1014.2,37,18
2023-12-05,평일,326,138,20,66,16,4,47,9,26,3.6,0,65.6,1009.9,45,25
2023-12-06,평일,248,114,20,82,16,0,1,4,11,6,5.3,73.6,1003.3,73,49
2023-12-07,평일,232,113,25,28,3,5,24,7,27,6.3,0,55.6,1008.2,57,12
2023-12-08,평일,591,321,23,118,9,0,0,43,77,10.6,0,62.5,1006.6,66,19
2023-12-09,토요일,6177,2933,114,1581,45,61,110,558,775,13.3,0,71,1010,55,23
2023-12-10,일요일,4753,2342,113,1170,41,16,50,371,650,13.9,0,71.4,1014,50,28
2023-12-11,평일,25,16,1,2,3,0,0,2,1,11.9,37,82.6,1007.3,25,10
2023-12-12,평일,302,97,144,26,0,0,10,8,17,7.6,0.5,75.6,1011.9,11,2
2023-12-13,평일,338,189,30,53,4,1,9,22,30,9.5,0,66.5,1019.4,15,5
2023-12-14,평일,203,31,157,5,3,0,2,2,3,9.6,26.6,79,1014.1,14,7
2023-12-15,평일,21,16,0,4,0,0,0,1,0,8.9,47,93.4,1004.1,8,4
2023-12-16,토요일,387,169,64,104,1,3,4,15,27,-1.8,2.8,75.8,1014.5,20,5
2023-12-17,일요일,125,60,5,19,0,2,9,11,19,-8.5,0,61.5,1025.8,22,9
2023-12-18,평일,100,60,6,15,2,2,8,5,2,-5.6,0,53.9,1026.5,16,8
2023-12-19,평일,68,41,10,12,0,0,2,1,2,-2.5,0,59.8,1020.1,30,17
2023-12-20,평일,497,210,275,4,0,0,2,0,6,-5.5,0.5,70.5,1018.9,34,19
2023-12-21,평일,38,24,3,2,2,0,6,0,1,-9.7,0,64.8,1022,21,10
2023-12-22,평일,146,88,25,24,0,4,2,3,0,-9.5,0,57.5,1028,24,9
2023-12-23,토요일,647,334,86,135,3,0,12,15,62,-5.6,0,57.1,1028.6,26,12
2023-12-24,일요일,1632,977,86,368,8,5,16,51,121,-1.5,0.7,75.3,1022.6,27,18
2023-12-25,휴일,1605,822,182,303,20,5,33,44,196,-0.4,0,79.6,1021.1,39,25
2023-12-26,평일,404,234,16,68,3,2,1,27,53,2.2,0,72.3,1021.7,38,24
2023-12-27,평일,594,283,26,139,16,2,6,50,72,2.6,0,73.6,1022.2,40,24
2023-12-28,평일,663,369,24,146,10,6,13,41,54,1.2,0,78.3,1020.7,53,38
2023-12-29,평일,776,397,44,189,13,0,13,45,75,1.9,0,74.6,1019,65,45
2023-12-30,토요일,685,378,36,163,14,6,5,29,54,0.8,1.9,89.3,1010.1,87,61
2023-12-31,일요일,984,522,49,240,20,2,7,42,102,3.8,1.8,85,1010,37,27
2024-01-01,휴일,2418,1158,104,513,37,39,76,166,325,3.8,0,75.3,1019,26,15
2024-01-02,평일,548,255,35,175,10,2,4,21,46,4,0,72.3,1014.1,33,21
2024-01-03,평일,393,200,12,112,5,0,3,31,30,1.9,0.2,75.3,1011.8,48,32
2024-01-04,평일,506,247,21,133,11,2,9,21,62,1,0,73.3,1014.7,41,25
2024-01-05,평일,647,321,29,190,3,7,10,39,48,5.6,0,74.1,1012.7,71,45
2024-01-06,토요일,2238,1102,87,605,25,4,37,138,240,1.4,0.3,66,1014.1,49,24
2024-01-07,일요일,926,438,69,231,7,4,28,48,101,-2.2,0,52.4,1018.3,21,10
2024-01-08,평일,282,130,53,63,2,0,5,18,11,-3.8,0,51,1018.9,19,8
2024-01-09,평일,143,77,13,36,7,2,1,3,4,0.8,2.8,69.5,1011.7,24,15
2024-01-10,평일,173,80,21,53,2,0,0,5,12,-1.3,0.6,85.1,1012.8,100,59
2024-01-11,평일,326,168,21,102,6,1,7,9,12,0.6,0,77,1011.1,51,32
2024-01-12,평일,419,202,49,122,5,0,10,6,25,2.9,0,56.8,1011.2,41,24
2024-01-13,토요일,2175,1039,94,590,23,6,28,140,255,0.4,0,53.5,1016.9,28,12
2024-01-14,일요일,1594,758,60,422,18,3,16,103,214,1.2,3.5,77.4,1014,30,18
2024-01-15,평일,324,192,19,88,4,0,7,12,2,-2.1,0,50.4,1020.1,26,13
2024-01-16,평일,330,161,31,90,6,4,7,11,20,-1.9,0,53.3,1024.1,28,12
2024-01-17,평일,125,59,8,47,4,2,2,3,0,0.8,12.7,81.1,1017.6,37,25
2024-01-18,평일,151,104,9,27,3,0,0,3,5,4.3,15.2,90,1014.6,23,22
2024-01-19,평일,568,293,37,166,10,2,8,26,26,5.9,0,66.6,1019.1,19,8
2024-01-20,토요일,199,105,18,53,1,0,3,12,7,4.4,12.2,80.5,1016.2,5,2
2024-01-21,일요일,1414,664,61,350,10,3,13,93,220,2.7,0.2,82.3,1016.8,12,6
2024-01-22,평일,149,77,30,34,2,0,2,2,2,-5.4,0,62.6,1019.8,19,7
2024-01-23,평일,36,23,6,3,0,0,1,0,3,-9.2,0.1,65.3,1018.2,21,7
2024-01-24,평일,92,43,32,3,1,0,3,6,4,-6.9,0,62.8,1018.3,19,8
2024-01-25,평일,176,69,52,37,0,0,2,5,11,-4.3,0,51.4,1020.7,24,11
2024-01-26,평일,416,256,25,99,5,2,6,10,13,-1.9,0,66.3,1021.2,34,19
2024-01-27,토요일,2058,890,115,645,29,15,28,103,233,0.1,0,61.8,1019.4,49,31
2024-01-28,일요일,1982,974,81,507,23,0,10,139,248,-0.3,0,64,1020.9,39,26
2024-01-29,평일,526,284,71,125,6,4,9,20,7,-1,0,63.4,1023.1,41,24
2024-01-30,평일,431,223,20,134,4,2,11,18,19,1.3,0,54.6,1020.5,59,39
2024-01-31,평일,412,188,19,131,8,4,16,15,31,5.9,0,46.3,1016.1,52,35
2024-02-01,평일,282,141,34,74,5,3,5,7,13,4,0,62.4,1016.5,103,66
2024-02-02,평일,457,192,48,143,5,3,5,19,42,4.1,0,60.5,1018.9,53,38
2024-02-03,토요일,1992,914,89,589,15,7,56,120,202,4.6,0.4,71,1019,27,18
2024-02-04,일요일,2898,1372,140,678,13,12,27,243,413,6.2,1.3,72.9,1016.6,10,4
2024-02-05,평일,16,6,0,5,2,0,2,0,1,4.1,12.3,83.3,1011.6,3,3
2024-02-06,평일,103,48,4,42,1,0,2,4,2,1.7,1.1,87.4,1016.4,14,10
2024-02-07,평일,229,101,23,63,7,2,7,7,19,0.3,0,63.8,1015.4,34,20
2024-02-08,평일,391,167,45,111,12,1,10,19,26,0.6,0,66.4,1013.7,45,31
2024-02-09,평일,1800,900,64,424,47,14,23,136,192,1.2,0,61.6,1014.4,38,22
2024-02-10,토요일,2370,1259,96,600,110,14,49,112,130,1.3,0,67.3,1015.8,60,37
2024-02-11,일요일,2908,1498,114,727,87,21,45,159,257,0.8,0,64.9,1017,58,39
2024-02-12,평일,4536,2040,184,1114,63,11,101,339,684,3.6,0,54.9,1021.2,57,33
2024-02-13,평일,1424,670,80,423,24,9,36,99,83,8.4,0,59.5,1018,47,28
2024-02-14,평일,537,258,46,135,5,0,26,26,41,13.2,0,72.8,1013.3,35,16
2024-02-15,평일,114,42,20,44,2,0,2,4,0,5.9,2,83,1011.7,20,13
2024-02-16,평일,1013,413,136,345,13,1,7,33,65,3.1,0,63.1,1016.4,26,12
2024-02-17,토요일,6254,2736,278,1748,43,32,181,645,591,5.5,0,62.3,1013.7,30,17
2024-02-18,일요일,3586,1590,246,1060,21,14,20,247,388,5.5,28.4,81.8,1010.3,32,23
2024-02-19,평일,122,51,13,40,2,0,14,2,0,9.8,16.6,94.5,1004.4,14,8
2024-02-20,평일,89,37,16,24,2,2,0,3,5,5.3,5,89.4,1014.1,20,13
2024-02-21,평일,23,12,5,3,0,0,0,0,3,4,17.9,87.5,1012,4,2
2024-02-22,평일,93,48,3,27,1,2,9,1,2,2.1,3.7,80.1,1017.3,5,2
2024-02-23,평일,1036,401,90,430,12,2,41,24,36,3,0,66.8,1021,10,4
2024-02-24,토요일,2854,1209,268,951,25,4,75,108,214,2.9,3.3,65.3,1020,13,4
2024-02-25,일요일,1308,598,100,415,14,0,24,49,108,2.3,1.7,86.8,1015.5,15,9
2024-02-26,평일,1723,794,99,560,40,2,38,75,115,3.7,0,68,1019.4,28,20
2024-02-27,평일,2308,916,140,889,34,6,31,108,184,5.3,0,48.4,1021.7,21,9
2024-02-28,평일,3488,1326,166,1452,54,14,52,240,184,6.3,0,50.5,1020.1,31,8
2024-02-29,평일,932,410,37,353,11,3,11,48,59,5.1,0.2,66.4,1014.5,31,15
2024-03-01,휴일,2841,1372,232,847,32,10,43,122,183,-2.2,0,37.6,1016.3,37,11
2024-03-02,토요일,2606,1305,164,768,39,8,16,111,195,-0.9,0,52.1,1013.7,28,6
2024-03-03,일요일,2089,991,61,478,14,3,39,201,302,5.3,1.2,72.4,1010.5,71,38
2024-03-04,평일,288,133,6,28,10,0,39,27,45,6.7,0,59.4,1012.4,103,46
2024-03-05,평일,16,11,0,1,0,0,0,2,2,5.9,2.5,81.1,1006.4,29,15
2024-03-06,평일,257,130,3,13,41,3,20,28,19,7,0,62.1,1007.9,24,11
2024-03-07,평일,195,116,4,16,4,3,10,23,19,4.6,0,51.3,1009.6,32,15
2024-03-08,평일,253,146,14,24,4,4,13,26,22,2.9,0,44.5,1011,38,18
2024-03-09,토요일,2483,1198,79,570,26,16,66,181,347,2.3,0,43.9,1016.3,30,14
2024-03-10,일요일,4398,1929,97,891,42,17,87,484,851,4.6,0,43.3,1020.2,33,18
2024-03-11,평일,202,133,2,24,3,2,1,33,4,6.4,0,56.4,1012.4,31,14
2024-03-12,평일,102,66,0,13,7,3,6,7,0,5.6,2,76.6,1007.8,29,17
2024-03-13,평일,287,168,0,25,6,4,7,31,46,6.6,0,54.8,1013.2,40,22
2024-03-14,평일,471,311,3,44,4,1,21,53,34,8.4,0,56,1014.1,43,25
2024-03-15,평일,678,360,8,91,11,0,21,99,88,9.5,0,48.1,1016.2,33,17
2024-03-16,토요일,8942,4138,141,2006,82,99,200,1182,1094,11.4,0,41.8,1013.3,33,15
2024-03-17,일요일,4193,1974,94,949,53,11,65,379,668,9.7,0,51.8,1009.3,76,17
2024-03-18,평일,418,264,2,48,6,6,14,50,28,7.9,0,34.6,1013.5,27,10
2024-03-19,평일,119,66,2,16,2,0,22,3,8,7.2,0,53,1008.9,49,21
2024-03-20,평일,263,135,3,26,4,4,43,19,29,4.6,0,43.1,1012.5,35,17
2024-03-21,평일,291,174,1,42,5,8,15,21,25,5.2,0,48.3,1010.8,32,15
2024-03-22,평일,507,284,6,119,7,2,16,38,35,10.1,4.1,58.1,1005.4,39,18
2024-03-23,토요일,8250,3903,135,1754,106,72,186,766,1328,14.9,0.3,53.9,1006.7,56,23
2024-03-24,일요일,5964,2787,151,1307,71,18,93,584,953,14.1,0,47.8,1008.8,36,13
2024-03-25,평일,169,86,1,64,0,0,1,14,3,9.4,6.8,72.1,1007.2,18,4
2024-03-26,평일,165,106,1,9,0,2,8,15,24,6.7,19.5,80.5,1011.1,12,4
2024-03-27,평일,559,299,9,99,13,5,23,46,65,10.2,0,65.8,1014.6,16,8
2024-03-28,평일,62,25,0,16,20,0,0,0,1,9,21.3,90.9,1002.3,18,12
2024-03-29,평일,530,288,52,111,7,8,16,34,14,9.3,0.2,77.6,1000.3,108,30
2024-03-30,토요일,5773,2810,149,1511,66,27,101,450,659,10,0,66.1,1004,77,22
2024-03-31,일요일,6485,3060,145,1371,76,21,90,664,1058,10.9,0,44.9,1004.4,53,14
2024-04-01,평일,1922,844,123,749,22,4,20,93,67,13.1,0,41,1006.6,39,14
2024-04-02,평일,828,456,2,133,14,12,32,101,78,16.1,0,46.5,1004.7,43,15
2024-04-03,평일,69,20,4,37,3,4,0,1,0,13.2,16,92.4,998.7,13,7
2024-04-04,평일,679,313,138,103,27,5,11,31,51,13.4,0,71.6,1007,24,8
2024-04-05,평일,1683,665,290,375,30,14,31,114,164,13.3,0,59.4,1011.4,34,12
2024-04-06,휴일,8883,4068,143,2430,132,78,198,668,1166,13.2,0,58.6,1011.1,43,18
2024-04-07,일요일,6874,3370,123,1463,111,30,119,552,1106,15.9,0,43.4,1009.6,50,27
2024-04-08,평일,978,464,62,160,48,4,116,66,58,16.5,0,41,1008.4,63,30
2024-04-09,평일,2368,827,390,771,20,28,95,135,102,15.3,0,43.8,1012.1,46,21
2024-04-10,평일,9456,4193,277,2258,134,99,355,998,1142,14.5,0,51.1,1016.6,35,10
2024-04-11,평일,1570,580,284,446,73,14,23,81,69,16.1,0,60,1013.4,44,15
2024-04-12,평일,1799,751,62,587,44,16,81,128,130,17.5,0,55.6,1010.1,43,19
2024-04-13,토요일,10658,4685,231,2910,176,153,278,1033,1192,19.3,0,46.9,1009.4,42,18
2024-04-14,일요일,6535,3250,127,1410,104,41,122,568,913,20.3,0,45.3,1008.7,36,14
2024-04-15,평일,170,39,0,112,5,5,4,1,4,16.2,7.5,80.1,1003,22,9
2024-04-16,평일,1358,317,2,823,39,35,31,49,62,14.3,0.5,75.1,1004.6,61,16
2024-04-17,평일,2811,416,334,1762,33,12,136,55,63,15.6,0,57.4,1004.1,178,36
2024-04-18,평일,2414,435,4,1763,34,20,51,60,47,17.3,0,48.5,1002.5,164,23
2024-04-19,평일,3998,1019,251,2155,62,26,200,159,126,18.2,0,45.4,1004.7,55,14
2024-04-20,토요일,1940,731,126,847,55,12,25,47,97,14.1,3.5,78.6,1001.2,36,12
2024-04-21,일요일,4289,2069,77,963,71,30,67,312,700,16.2,0.1,72,1002.6,16,6
2024-04-22,평일,1840,603,19,926,37,6,100,89,60,17.4,0,56.3,1005.2,33,12
2024-04-23,평일,2465,386,6,1571,89,20,268,68,57,16.4,0,55.8,1003.1,23,9
2024-04-24,평일,2705,493,20,1863,191,0,30,52,56,13.8,4.3,75.4,1000.2,24,7
2024-04-25,평일,3982,638,129,2774,213,7,42,101,78,15.6,0,67.5,1003.7,29,10
2024-04-26,평일,4579,914,82,3151,28,15,140,162,87,17.8,0,62.5,1002.2,32,12
2024-04-27,토요일,10944,5214,175,3080,161,87,255,786,1186,18.7,0,49.3,1003.5,34,11
2024-04-28,일요일,6250,3064,121,1476,184,20,85,489,811,19.9,0,50,1004.8,27,10
2024-04-29,평일,902,133,267,453,9,4,2,21,13,17.2,0.8,71.6,1000.9,32,15
2024-04-30,평일,3189,616,354,1899,112,19,29,90,70,16.6,0,70.8,998.8,37,21
2024-05-01,평일,9285,3565,1198,2932,108,54,194,471,763,16.5,0,50.8,1004.4,26,11
2024-05-02,평일,2125,564,679,618,53,7,55,77,72,17,0,50.5,1010.3,36,16
2024-05-03,평일,5444,900,2895,1239,29,13,111,147,110,18.4,0,45,1010.3,42,20
2024-05-04,토요일,16458,7806,562,3914,306,264,379,2060,1167,21.1,0,48,1008.1,35,20
2024-05-05,일요일,999,469,32,273,28,8,27,30,132,18.1,55.4,90.9,1001.9,20,10
2024-05-06,평일,1941,932,49,461,29,24,25,142,279,14.4,2,86.5,1000.5,16,9
2024-05-07,평일,400,55,146,183,2,0,3,4,7,12.9,14.1,90.8,1003.3,23,15
2024-05-08,평일,1940,451,458,750,63,23,72,65,58,14.4,1.8,63.6,1009.7,19,5
2024-05-09,평일,3233,386,989,1623,73,14,28,64,56,15.6,0,55.4,1011.1,22,10
2024-05-10,평일,5247,958,2609,1279,126,5,63,87,120,17.9,0,51.1,1010.1,28,11
2024-05-11,토요일,5058,1986,244,1630,79,36,102,359,622,18.9,8.5,69.3,1004.3,21,8
2024-05-12,일요일,5177,2437,145,1128,74,24,103,448,818,16.6,3.1,61.5,1003.2,70,11
2024-05-13,평일,1199,363,361,291,19,11,31,72,51,17.6,0,52.6,1006.5,30,11
2024-05-14,평일,4910,689,2652,1274,16,6,103,91,79,18.5,0,49.5,1007.9,28,14
2024-05-15,평일,4891,2246,135,1159,55,47,116,450,683,13.7,8.7,70.8,1004.2,26,7
2024-05-16,평일,1428,472,101,627,83,3,35,80,27,14.2,3,63.6,1002.7,20,7
2024-05-17,평일,2848,646,1074,767,52,8,120,67,114,19.2,0,53.3,1006.7,34,13
2024-05-18,토요일,8633,4291,223,2170,152,39,104,488,1166,20.4,0,57,1009,23,8
2024-05-19,일요일,5089,2419,135,1125,101,30,86,452,741,21.6,0,58.3,1007.2,21,9
2024-05-20,평일,1202,406,386,218,17,2,34,90,49,19.3,0,67.5,1007.8,28,14
2024-05-21,평일,1481,344,255,712,18,11,28,57,56,20.5,0,70.9,1010.5,30,16
2024-05-22,평일,1500,297,402,625,21,8,45,50,52,21.5,0,69.6,1007.8,42,24
2024-05-23,평일,2478,401,843,1051,30,10,32,52,59,22.2,0,64.3,1003.4,41,24
2024-05-24,평일,3111,672,1269,922,43,7,23,85,90,21.2,0,68.9,1004.6,44,25
2024-05-25,토요일,7738,3739,198,1851,96,25,134,624,1071,19.4,0,54.8,1007.8,23,9
2024-05-26,일요일,3328,1601,92,745,56,24,68,285,457,20.4,30.2,74,998.4,24,11
2024-05-27,평일,720,326,5,253,5,3,7,56,65,18.5,0,59.5,996.8,23,6
2024-05-28,평일,752,384,39,155,19,7,38,57,53,18.8,0,58.6,998.5,18,6
2024-05-29,평일,1097,303,308,306,15,5,21,58,81,20.9,0,56.3,1004.9,21,10
2024-05-30,평일,1125,308,19,581,12,11,67,68,59,21.1,0,58.4,1003.4,28,11
2024-05-31,평일,1940,645,496,528,19,9,30,106,107,21.4,0,50.9,1002.4,19,10
2024-06-01,토요일,7624,3369,223,2059,94,37,161,577,1104,20,0,58.3,1003,19,11
2024-06-02,일요일,4225,1998,110,849,78,34,57,399,700,20.1,0,54.5,1002.5,21,11
2024-06-03,평일,587,279,19,144,5,8,24,49,59,20.8,0,54.9,1002.9,25,11
2024-06-04,평일,714,254,4,280,61,3,22,56,34,21.6,0,49.5,1007.8,18,8
2024-06-05,평일,1339,435,183,551,23,1,15,53,78,22.5,0,60.1,1010.2,30,17
2024-06-06,휴일,6672,3132,208,1814,102,32,128,539,717,22.8,0,57,1008.7,36,19
2024-06-07,평일,5938,2635,245,2157,95,61,171,332,242,22.8,0,56.8,1005.7,40,21
2024-06-08,토요일,3213,1411,78,614,55,172,97,205,581,20.5,4.7,83.5,1001.5,26,14
2024-06-09,일요일,3980,1844,75,829,43,23,60,370,736,23.9,0,66.4,1000.2,21,7
2024-06-10,평일,546,181,5,268,7,4,11,25,45,24.7,0,59.9,1000.3,39,20
2024-06-11,평일,505,192,4,209,21,1,18,30,30,25.8,0,54.8,999.6,40,21
2024-06-12,평일,526,162,221,69,11,0,12,28,23,25.3,0,48.8,998,31,16
2024-06-13,평일,584,148,23,335,6,2,23,20,27,25.9,0,45.3,997,33,16
2024-06-14,평일,625,247,169,116,4,0,12,38,39,26.6,0,52.9,997.6,31,18
2024-06-15,토요일,4038,1871,60,892,54,37,123,301,700,24.3,2.8,73.8,996.1,26,16
2024-06-16,일요일,2582,1163,72,513,48,13,45,222,506,24.4,0,59.4,999.1,19,10
2024-06-17,평일,359,199,8,65,6,0,7,26,48,23.4,0,59.4,1000.4,25,12
2024-06-18,평일,271,158,0,45,2,7,13,19,27,25.4,0,53.1,999.6,26,15
2024-06-19,평일,221,128,1,49,5,0,2,20,16,27.5,0,49.3,1000.6,27,13
2024-06-20,평일,366,169,0,108,8,2,4,29,46,25.7,0,48.8,997.1,22,13
2024-06-21,평일,634,316,14,190,21,2,3,38,50,26.4,0,55.5,995.1,28,17
2024-06-22,토요일,441,190,9,91,5,0,16,17,113,23.5,13.2,89.8,990.7,22,11
2024-06-23,일요일,2287,931,12,380,22,19,23,207,693,24.2,1.1,83.8,991.6,12,6
2024-06-24,평일,352,158,3,107,10,4,8,22,40,25.3,0,66.4,996.4,38,16
2024-06-25,평일,469,224,9,75,7,8,25,43,78,22.9,0,60.6,1003.6,23,8
2024-06-26,평일,347,165,34,44,6,0,8,45,45,24.3,0,60.6,1007.2,22,9
2024-06-27,평일,462,233,11,77,9,5,20,62,45,23.7,0,63.5,1004.2,24,13
2024-06-28,평일,663,300,12,179,51,2,13,35,71,25.7,0,58.5,999.8,23,12
2024-06-29,토요일,1556,663,20,332,38,7,33,132,331,25.3,45.1,74.6,996.2,18,10
2024-06-30,일요일,605,200,10,66,10,3,19,53,244,24.2,10,88.8,991.4,12,4
2024-07-01,평일,290,161,5,39,0,0,4,32,49,26.2,0,72.4,996.4,24,10
2024-07-02,평일,38,24,0,1,0,0,0,4,9,24,57,90.5,996.8,15,7
2024-07-03,평일,172,75,14,26,6,2,10,21,18,25.7,31.9,79.8,1001.5,20,9
2024-07-04,평일,168,91,3,20,1,0,4,24,25,28.1,0,68.9,999.7,30,15
2024-07-05,평일,350,178,19,45,7,5,24,19,53,25.8,3.9,70,997.7,12,4
2024-07-06,토요일,1844,742,52,326,17,4,31,142,530,27.5,0.1,74.5,996.5,19,9
2024-07-07,일요일,195,64,3,25,1,4,1,14,83,25.5,36.2,91.6,997,27,10
2024-07-08,평일,14,8,0,2,0,0,0,1,3,23.9,137.5,96.6,996,10,3
2024-07-09,평일,13,9,0,1,2,0,0,1,0,23.1,15.3,94.6,997.3,9,3
2024-07-10,평일,313,127,27,136,1,0,1,5,16,23.4,88.6,89.8,992.8,9,2
2024-07-11,평일,234,124,2,29,10,2,4,36,27,24.4,2.4,84.8,994.8,25,11
2024-07-12,평일,625,236,16,250,8,0,4,44,67,26,0,77,995,28,14
2024-07-13,토요일,2064,915,47,396,24,7,28,159,488,26.3,4.9,75.5,998,24,13
2024-07-14,일요일,1730,706,42,324,31,8,18,156,445,26.2,0,75.9,1001.7,14,9
2024-07-15,평일,222,117,8,49,2,2,1,13,30,26.6,0.2,76.9,1003.8,11,3
2024-07-16,평일,16,11,0,3,0,0,2,0,0,24.6,45.6,89.3,1003.5,18,4
2024-07-17,평일,274,118,27,58,3,1,17,19,31,26.7,0.8,81.5,1001.4,10,3
2024-07-18,평일,30,15,2,3,0,0,3,3,4,25.9,28.8,84.4,995.9,13,5
2024-07-19,평일,250,91,49,34,0,1,8,22,45,25.1,1.4,88.8,998.7,12,4
2024-07-20,토요일,752,295,13,149,8,6,7,57,217,26,15.2,87,999.9,12,5
2024-07-21,일요일,1348,501,32,224,15,6,32,97,441,27.8,1.5,79.3,1000.6,14,4
2024-07-22,평일,289,115,17,83,7,2,7,22,36,28.9,0,72.8,999,11,4
2024-07-23,평일,239,97,26,77,7,2,6,8,16,27.2,3.9,83.3,998,10,3
2024-07-24,평일,259,108,32,72,3,2,10,7,25,28.6,2.5,79.3,997.5,13,3
2024-07-25,평일,295,110,26,85,2,0,4,11,57,28.1,0.1,81,999.1,10,3
2024-07-26,평일,439,163,39,134,8,0,15,13,67,28.4,1.3,81.1,1002.7,-,-
2024-07-27,토요일,1310,533,61,311,19,0,22,93,271,28.2,6,83.6,1007.3,28,4
2024-07-28,일요일,1251,512,45,268,15,5,27,60,319,29.7,0,71.8,1005.7,12,4
2024-07-29,평일,1163,499,67,340,23,6,8,65,155,28.6,0,73.8,1002.6,15,4
2024-07-30,평일,1366,479,48,297,12,114,130,176,110,28.7,0,73.4,1000.6,14,4
2024-07-31,평일,1149,501,114,328,19,0,15,46,126,29.5,0,74,999.5,16,3
2024-08-01,평일,1544,754,79,443,32,1,20,86,129,30,0,73,997.7,18,5
2024-08-02,평일,1565,768,103,388,25,2,17,75,187,30.3,0,76,997.3,23,11
2024-08-03,토요일,3161,1306,176,678,27,13,70,204,687,30.7,0,74.5,1000,41,17
2024-08-04,일요일,1070,453,57,201,6,5,23,69,256,29.1,0.9,80.1,1000.4,31,15
2024-08-05,평일,439,185,21,134,6,2,5,16,70,27.4,34.3,87.1,1000.7,20,10
2024-08-06,평일,519,251,27,126,10,10,26,26,43,28.6,0,78,1000.2,24,9
2024-08-07,평일,422,189,22,124,5,0,2,16,64,28.9,1,78.3,998.8,23,11
2024-08-08,평일,549,242,28,179,4,3,29,15,49,27.3,0,81.9,997.8,31,10
2024-08-09,평일,757,264,96,263,8,2,15,19,90,28.4,0,74.6,996.9,21,18
2024-08-10,토요일,2474,1041,119,477,25,6,61,141,604,28.7,0,76.5,996,31,17
2024-08-11,일요일,1458,598,64,262,18,5,21,120,370,29.6,0,72.5,995.5,26,17
2024-08-12,평일,303,148,29,76,5,2,5,12,26,30.5,0,72,997.2,31,18
2024-08-13,평일,539,240,40,149,64,3,1,12,30,29.2,19.3,71.1,1000.4,20,10
2024-08-14,평일,538,245,26,186,11,2,9,19,40,29.5,0,64.3,1000.5,15,8
2024-08-15,휴일,1577,715,108,297,13,12,41,115,276,29.5,0,66.4,1000.2,12,12
2024-08-16,평일,860,423,35,224,17,8,22,54,77,29.7,0,66.1,1001.3,11,6
2024-08-17,토요일,3913,1734,130,796,47,28,78,298,802,29.5,0,67,1002.8,14,9
2024-08-18,일요일,1472,661,44,287,8,0,15,96,361,29.5,0,68.6,1002.1,10,6
2024-08-19,평일,268,115,6,79,4,2,4,10,48,29.9,0.1,68.1,1000.8,15,10
2024-08-20,평일,238,126,1,41,2,0,8,13,47,29.7,17,77.6,1001.3,19,13
2024-08-21,평일,174,85,4,34,1,4,8,12,26,28.6,3.8,83.5,1000.7,9,3
2024-08-22,평일,145,98,3,26,1,2,2,4,9,28.5,0.5,78.1,998.1,10,4
2024-08-23,평일,361,174,11,68,6,1,13,21,67,28.3,0,76,1001.4,22,13
2024-08-24,토요일,3972,1761,83,836,22,25,82,261,902,28.1,6.8,79.3,1002.8,37,28
2024-08-25,일요일,2048,919,59,392,19,7,43,150,459,28,0.5,79.5,1001.7,29,20
2024-08-26,평일,257,135,11,46,8,2,8,17,30,27.9,0,81.6,999.3,30,21
2024-08-27,평일,303,175,4,77,7,0,1,16,23,26.3,0.1,83.3,998.7,26,14
2024-08-28,평일,376,225,10,71,1,2,2,31,34,27,0,67.3,1000.7,9,4
2024-08-29,평일,412,236,9,68,10,4,4,37,44,27,3,70.1,998.4,7,3
2024-08-30,평일,484,270,13,99,4,2,0,39,57,27.3,0,69.9,997.5,10,6
2024-08-31,토요일,6056,2915,137,1397,48,51,117,386,1005,26.6,0,70.3,999.5,24,15
2024-09-01,일요일,2804,1283,64,554,36,27,46,272,522,26.9,0,69.1,1000.2,25,17
2024-09-02,평일,276,142,5,56,4,2,6,29,32,24.8,0,75,1001.9,22,13
2024-09-03,평일,677,190,316,70,3,2,11,32,53,27.1,0,61.3,1004.2,12,5
2024-09-04,평일,373,178,3,91,7,5,8,25,56,26.8,0,57.8,1002.1,10,4
2024-09-05,평일,347,167,7,105,2,0,2,26,38,27.2,0,70.3,1000.6,18,10
2024-09-06,평일,1393,373,693,226,3,2,14,38,44,25.6,0.5,82.6,1003.7,20,11
2024-09-07,토요일,6178,3057,96,1423,48,33,83,488,950,26.6,0,75.9,1005.8,13,9
2024-09-08,일요일,3290,1501,58,755,24,14,43,311,584,27.6,0,67.5,1006,13,10
2024-09-09,평일,241,136,3,50,1,0,2,29,20,29,0,67.9,1005.3,23,13
2024-09-10,평일,572,182,7,328,0,0,2,29,24,29.5,0,62.8,1005.7,21,11
2024-09-11,평일,487,87,2,384,0,2,0,11,1,28.1,21.2,79.8,1008.2,23,11
2024-09-12,평일,1364,108,328,859,2,0,28,10,29,26.5,4.1,89.9,1007.3,16,6
2024-09-13,평일,598,260,138,128,6,1,4,21,40,28,0,77,1002,16,8
2024-09-14,토요일,4544,2294,76,1003,75,18,60,359,659,28.8,0,74.4,998.8,12,8
2024-09-15,일요일,4707,2406,139,1147,96,41,84,321,473,29.3,0,70.3,1001.9,12,6
2024-09-16,휴일,3483,1848,97,788,115,23,91,265,256,28,0,70.4,1007.7,4,3
2024-09-17,휴일,4538,2410,113,1008,154,36,101,305,411,29.7,0,72,1007,7,4
2024-09-18,휴일,1555,749,37,325,22,9,27,111,275,28.2,2,81.8,1006.4,13,7
2024-09-19,평일,494,267,8,158,14,0,0,26,21,28.5,0,76,1006.7,10,5
2024-09-20,평일,96,33,43,8,3,0,6,3,0,25.5,45.6,93.5,1002.6,10,3
2024-09-21,토요일,96,29,0,10,3,0,6,7,41,21.4,131.2,95.9,998.7,2,1
2024-09-22,일요일,6021,2683,61,1074,63,52,103,841,1144,21.3,0,75.1,1004.4,5,2
2024-09-23,평일,726,281,7,263,6,13,27,68,61,21,0,59.6,1010,6,3
2024-09-24,평일,1659,423,65,944,49,12,29,66,71,20.9,0,64.3,1008.6,10,2
2024-09-25,평일,1989,446,183,1205,8,4,12,64,67,23.2,0,72,1006.6,13,4
2024-09-26,평일,2789,432,14,2194,18,3,19,54,55,24.1,0,74.3,1005.4,13,6
2024-09-27,평일,3582,784,357,2201,12,1,16,109,102,23,0,72.8,1005.9,18,9
2024-09-28,토요일,10122,4812,166,2789,138,52,145,1013,1007,22.7,0,71.9,1010.3,14,6
2024-09-29,일요일,6720,3325,78,1506,94,26,77,782,832,22.8,0,64.4,1012.1,7,4
2024-09-30,평일,1463,535,24,694,13,5,6,123,63,21,0,64.6,1008.2,8,3
2024-10-01,평일,3774,1586,61,1098,34,7,55,327,606,17,2,81,1004.8,11,5
2024-10-02,평일,3155,1166,445,1217,27,6,38,153,103,14.9,0,59.6,1010.9,12,5
2024-10-03,휴일,2872,1282,124,807,28,16,39,205,371,12.9,4,87.3,1014.4,15,7
2024-10-04,평일,7517,2899,1146,2594,66,17,73,418,304,16.2,0,80.5,1016.3,10,5
2024-10-05,토요일,12048,5934,262,2945,130,72,195,989,1521,17.2,0,74.1,1015.2,8,5
2024-10-06,일요일,3747,1700,41,703,40,22,40,350,851,16.6,0.2,88,1012.8,12,7
2024-10-07,평일,1583,355,505,557,11,0,48,50,57,17,2.3,85.3,1010.2,28,14
2024-10-08,평일,5177,834,1559,2477,24,9,16,135,123,16.7,0,81.8,1009.2,40,24
2024-10-09,평일,10038,4331,379,2259,119,37,167,1059,1687,18.5,0,70.4,1008.5,21,12
2024-10-10,평일,2441,498,331,1323,13,7,12,94,163,17.7,0,72.4,1007.7,13,7
2024-10-11,평일,5237,937,2156,1591,24,17,178,193,141,17.6,0,75.9,1010.8,19,13
2024-10-12,토요일,10698,5228,306,2611,109,35,215,931,1263,17.2,0,73.3,1015.4,28,18
2024-10-13,일요일,6690,3221,151,1419,81,21,94,678,1025,17.7,0,73.8,1015.4,21,15
2024-10-14,평일,243,113,3,98,7,0,0,12,10,17.7,8.3,91.5,1011.7,13,6
2024-10-15,평일,2112,260,12,1736,9,0,15,43,37,18.3,33.5,96.9,1010.1,11,5
2024-10-16,평일,3308,726,590,1664,21,5,98,103,101,18.9,0,86.5,1014.6,30,18
2024-10-17,평일,4014,646,117,2833,151,17,41,102,107,19.1,0,78.6,1014.2,21,9
2024-10-18,평일,4200,193,2213,1699,1,7,40,24,23,20,41.6,89.4,1005.7,19,7
2024-10-19,토요일,5334,2466,216,1540,98,31,106,346,531,17.6,1.9,84.4,1010.4,10,4
2024-10-20,일요일,5916,2894,165,1365,60,27,111,512,782,13.3,0,60.6,1022,10,2
2024-10-21,평일,964,358,55,387,29,3,26,56,50,13.9,0.4,85,1016,14,4
2024-10-22,평일,973,101,450,400,12,2,5,2,1,16.6,13.1,97.4,1007.2,5,2
2024-10-23,평일,1558,407,298,692,8,13,19,54,67,13.7,1.2,72.3,1009.6,15,4
2024-10-24,평일,2381,496,240,1344,34,18,114,71,64,12,0,76,1014.8,20,12
2024-10-25,평일,4875,1182,1429,1713,68,5,254,77,147,14.5,0,78,1016.7,20,11
2024-10-26,토요일,11830,5493,482,3087,148,52,175,1029,1364,17.2,0,74.4,1012.9,16,8
2024-10-27,일요일,6221,3087,196,1362,81,29,63,507,896,15.2,0.7,86.4,1006.9,17,10
2024-10-28,평일,1374,416,306,498,24,10,15,68,37,14.8,0,81.3,1007.6,24,17
2024-10-29,평일,2127,535,582,784,45,6,52,72,51,14.9,0,70.5,1011,14,4
2024-10-30,평일,1754,545,299,611,52,14,50,82,101,14.7,0,76.8,1014.8,25,16
2024-10-31,평일,2468,587,679,839,59,10,94,76,124,14.5,0,75.6,1015.1,28,21
2024-11-01,평일,2033,356,1069,459,29,4,11,41,64,13.3,1.6,88.1,1011.4,22,14
2024-11-02,토요일,6831,2960,183,2279,77,25,107,378,822,16.9,0.1,77.9,1009.9,18,11
2024-11-03,일요일,6928,3239,131,1582,110,30,55,634,1147,16.2,0,76.4,1014.3,16,11
2024-11-04,평일,805,361,13,245,21,7,63,25,70,14.5,0,69.3,1013.1,19,12
2024-11-05,평일,1003,353,334,138,23,14,37,34,70,9.8,0,56.4,1014.5,20,8
2024-11-06,평일,1065,282,172,496,11,4,13,29,58,7.3,0,54.9,1018.6,17,9
2024-11-07,평일,1239,341,48,591,19,10,102,61,67,7.7,0,66.9,1021.8,26,16
2024-11-08,평일,1834,601,302,666,28,18,52,49,118,10.5,0,73,1020,26,16
2024-11-09,토요일,6737,2947,262,2128,88,22,144,341,805,12.4,0,76.9,1018.4,23,16
2024-11-10,일요일,5082,2457,91,1163,61,6,59,414,831,13.3,0,78,1014.5,16,11
2024-11-11,평일,692,364,3,143,15,2,38,57,70,13.3,0,74.8,1012.3,27,18
2024-11-12,평일,1016,544,48,236,18,12,55,41,62,13.7,0,67.5,1012.1,32,23
2024-11-13,평일,936,385,25,290,12,5,26,88,105,13.1,0,71.9,1014.5,33,19
2024-11-14,평일,1675,351,868,315,14,3,15,52,57,13.8,0.1,78.4,1012.8,28,15
2024-11-15,평일,2113,604,680,606,16,4,42,69,92,14.8,5.5,78.6,1011,18,10
2024-11-16,토요일,7322,3294,169,2090,82,26,149,607,905,16.8,0.1,74.4,1008.7,19,10
2024-11-17,일요일,3116,1493,93,747,20,19,24,223,497,9.1,0,51.6,1015.3,17,9
2024-11-18,평일,670,218,251,125,9,0,17,24,26,2.6,0,34.4,1024.1,12,5
2024-11-19,평일,674,222,240,94,11,2,54,19,32,5.4,0,59.3,1021.6,18,10
2024-11-20,평일,623,213,152,86,15,11,83,32,31,6.7,0,67,1016.7,28,18
2024-11-21,평일,524,205,15,125,3,0,111,19,46,9.8,0,69.4,1012.8,37,28
2024-11-22,평일,958,390,163,254,10,5,33,57,46,7.2,0,54.1,1015.3,30,20
2024-11-23,토요일,3711,1786,111,1067,43,13,44,195,452,5.3,0,62,1019.3,25,16
2024-11-24,일요일,3402,1511,75,730,38,18,54,271,705,6.6,0,67,1021.3,26,19
2024-11-25,평일,579,301,69,117,6,4,8,24,50,9.7,0.3,66.8,1015.8,22,16
2024-11-26,평일,81,48,6,14,1,0,10,1,1,7.6,18,72.4,1005.3,11,4
2024-11-27,평일,249,226,6,8,0,0,6,1,2,2.3,3.8,75.5,1004.7,10,5
2024-11-28,평일,100,35,2,49,0,0,1,1,12,3.2,4.7,79.6,1003.9,10,5
2024-11-29,평일,177,69,43,25,9,2,9,3,17,2.2,0.4,81.1,1005.6,17,11
2024-11-30,토요일,2055,903,99,536,28,3,34,120,332,5.3,0,73.3,1008.1,12,6
2024-12-01,일요일,2309,1062,42,522,14,2,29,184,454,7.6,0,80,1008.1,19,11
2024-12-02,평일,423,232,9,86,5,4,16,41,30,8.3,0,75.6,1008.8,36,27
2024-12-03,평일,178,109,4,22,5,2,17,11,8,2.1,0,48.5,1015.4,16,6
2024-12-04,평일,161,78,18,26,6,6,4,9,14,3.6,0,48.5,1013.9,17,9
2024-12-05,평일,254,88,127,21,1,0,0,10,7,4.5,0,69.5,1009.7,19,14
2024-12-06,평일,419,179,11,159,8,0,5,20,37,4,0,65,1013,13,6
2024-12-07,토요일,1773,755,87,593,15,4,24,76,219,1.4,0,66.3,1016.1,17,9
2024-12-08,일요일,1484,635,44,346,15,8,23,98,315,0.5,0,58,1018.5,14,9
2024-12-09,평일,288,159,23,57,4,2,11,24,8,2,0,63.4,1016.9,23,13
2024-12-10,평일,312,91,145,25,6,3,3,22,17,3.9,0,58.6,1016,28,18
2024-12-11,평일,142,81,6,26,1,1,2,11,14,2.5,0,62.6,1014.6,39,29
2024-12-12,평일,174,104,24,9,2,0,2,15,18,1.2,0,54.8,1016.7,34,20
2024-12-13,평일,278,84,29,140,2,4,5,5,9,0.6,0,59.5,1014.5,20,13
2024-12-14,토요일,1360,552,121,403,7,3,21,73,180,0.5,0,59.1,1017.2,18,11
2024-12-15,일요일,472,178,81,76,3,1,12,24,97,1.7,1.4,81.5,1013.6,12,8
2024-12-16,평일,232,125,20,42,6,0,4,13,22,2.7,0.1,61.4,1014.5,12,6
2024-12-17,평일,205,95,5,39,5,4,22,8,27,1.6,0,54.8,1017.1,17,12
2024-12-18,평일,147,93,19,19,2,2,1,5,6,-2,0,50.4,1018.6,17,9
2024-12-19,평일,287,224,23,17,10,0,2,6,5,-1.9,0,54.1,1021.2,27,17
2024-12-20,평일,178,99,28,27,3,2,0,9,10,0.7,0.2,67.4,1014.6,29,17
2024-12-21,토요일,544,234,58,125,4,1,17,24,81,0.6,1.9,75.1,1011.7,28,16
2024-12-22,일요일,749,357,28,141,7,2,13,38,163,-2.5,0,55.9,1019.5,15,4
2024-12-23,평일,233,107,53,34,7,1,12,11,8,-0.4,0,73.9,1018.9,17,8
2024-12-24,평일,249,178,8,20,5,2,9,13,14,0.6,0,65.5,1020.1,21,10
2024-12-25,휴일,2692,1365,211,549,25,3,31,130,378,2.5,0,67,1017.7,22,11
2024-12-26,평일,423,218,19,101,8,0,5,30,42,2.4,0,59.3,1017.1,33,11
2024-12-27,평일,371,226,19,62,4,0,5,26,29,-1.4,0.1,61.4,1018.3,23,9
2024-12-28,토요일,713,328,33,181,10,1,43,39,78,-2,0,62,1016.7,23,11
2024-12-29,일요일,1124,552,46,216,23,6,20,58,203,2.1,0,67.8,1017.3,20,8
2024-12-30,평일,880,454,19,218,16,3,4,59,107,6.7,0,65.3,1011.6,38,15
2024-12-31,평일,635,333,12,129,13,1,8,38,101,2.3,0,44.1,1013.3,42,11
2025-01-01,휴일,1960,975,67,381,48,10,32,146,301,2.6,0,60.5,1014.9,27,9
2025-01-02,평일,545,262,12,138,10,7,9,34,73,1.8,0,53.3,1016.6,33,12
2025-01-03,평일,440,224,10,116,5,4,12,31,38,0.3,0,50.8,1018.5,17,7
2025-01-04,토요일,1197,570,31,276,11,2,19,78,210,0.6,0,57.3,1018.9,17,7
2025-01-05,일요일,429,227,10,84,2,0,9,20,77,2.2,0.3,80.5,1012.5,19,10
2025-01-06,평일,195,105,7,59,5,0,0,6,13,2,1.8,75.5,1008.9,34,14
2025-01-07,평일,150,75,19,33,2,1,3,3,14,-1.5,0.5,66.6,1011.3,17,7
2025-01-08,평일,47,30,1,10,0,0,2,1,3,-1.7,0.6,82.8,1012.6,15,8
2025-01-09,평일,25,15,4,4,0,0,0,0,2,-8.1,0,47.8,1018.2,16,5
2025-01-10,평일,45,32,1,2,0,0,2,3,5,-6.6,0,55.6,1024.1,24,10
2025-01-11,토요일,522,244,35,117,29,1,4,25,67,-3,0,64.8,1020.9,25,14
2025-01-12,일요일,831,364,22,179,17,4,24,38,183,-1.9,0,68.3,1016.7,28,17
2025-01-13,평일,304,165,16,81,4,1,8,15,14,1.1,0,65.5,1017.9,36,21
2025-01-14,평일,370,124,122,43,5,0,29,20,27,4.9,0.1,56.4,1016.5,42,20
2025-01-15,평일,173,93,26,44,3,0,0,3,4,-1.8,0,45.5,1020.7,27,7
2025-01-16,평일,195,99,19,60,6,0,1,9,1,0.9,0,57,1017.3,20,7
2025-01-17,평일,372,177,42,110,0,5,5,13,20,1.3,0,58.6,1018.6,41,21
2025-01-18,토요일,1658,695,79,460,17,7,20,81,299,1,0,50.8,1016.2,38,18
2025-01-19,일요일,2000,847,75,416,33,6,30,136,457,1.7,0,62.3,1010,26,16
2025-01-20,평일,344,160,32,103,3,0,14,17,15,2.8,0,71.8,1008.9,42,25
2025-01-21,평일,316,168,28,79,4,1,2,13,21,2.5,0,70.6,1014.4,77,55
2025-01-22,평일,295,178,34,39,6,0,6,8,24,3.4,0,71.3,1016.5,74,64
2025-01-23,평일,291,168,15,76,5,0,8,11,8,2.9,0,51.4,1017,53,45
2025-01-24,평일,419,205,33,100,7,2,13,19,40,2.6,0,45,1018,38,30
2025-01-25,토요일,2221,980,88,523,15,4,29,169,413,4.3,0,53.5,1020.1,26,21
2025-01-26,일요일,3009,1533,102,716,55,5,20,197,381,5.2,0,50.9,1016.8,9,5
2025-01-27,평일,475,290,25,98,11,0,9,16,26,0.3,4.5,82.8,1008.3,30,10
2025-01-28,평일,153,97,8,21,3,0,9,5,10,-1.4,4.4,79.8,1009.2,12,7
2025-01-29,평일,320,182,18,51,15,1,7,10,36,-2.6,0.3,71.5,1017,16,10
2025-01-30,평일,1008,493,38,179,36,7,24,57,174,-1.8,0,68.3,1020.1,18,12
2025-01-31,평일,900,466,58,246,22,3,5,45,55,1.9,0,70.6,1017.8,27,23
2025-02-01,토요일,1168,565,54,253,18,0,7,83,188,3.5,0.2,84.5,1013,41,38
2025-02-02,일요일,2048,845,91,403,17,2,35,166,489,2.4,0,78,1010.8,40,33
2025-02-03,평일,280,162,24,61,2,0,13,5,13,-1.4,0.2,50,1012.1,27,16
2025-02-04,평일,93,66,11,10,1,0,0,2,3,-6.2,0,58.1,1011.4,12,6
2025-02-05,평일,95,70,8,10,1,0,1,3,2,-6.4,0,56.1,1011.1,13,7
2025-02-06,평일,170,69,21,77,1,0,1,0,1,-4.1,0.7,61.9,1013.5,15,10
2025-02-07,평일,22,14,0,1,1,0,0,1,5,-6.4,1.3,73.6,1013.2,21,8
2025-02-08,토요일,358,151,41,95,6,1,3,8,53,-6.6,0,64.4,1020.5,19,7
2025-02-09,일요일,752,376,51,145,10,1,13,32,124,-3.9,0,64.1,1019.5,17,9
2025-02-10,평일,280,156,23,66,4,0,7,11,13,-2.6,0,71.5,1019.4,19,15
2025-02-11,평일,437,195,112,83,1,2,3,10,31,0.3,0,55,1020,34,25
2025-02-12,평일,18,13,0,1,0,0,2,1,1,1.1,8.3,82.1,1009.5,24,19
2025-02-13,평일,504,191,76,184,7,0,5,15,26,1.1,0,47.4,1016.2,22,6
2025-02-14,평일,978,352,88,420,8,3,14,38,55,3.5,0,63.5,1014.4,43,17
2025-02-15,토요일,3500,1515,247,933,29,4,20,244,508,2.9,0,64.8,1010.3,54,31
2025-02-16,일요일,4319,1847,169,1023,37,11,90,336,806,5.1,0,67.3,1009,56,43
2025-02-17,평일,625,311,71,193,10,0,5,19,16,1.3,0,34,1016,37,9
2025-02-18,평일,392,205,40,102,10,0,8,5,22,-0.9,0,39.9,1018.6,22,6
2025-02-19,평일,420,210,21,153,3,1,2,5,25,-1.6,0,42.6,1020.7,20,7
2025-02-20,평일,482,208,62,168,6,0,20,5,13,-1.9,0,44.4,1022.1,21,10
2025-02-21,평일,604,250,50,244,7,0,17,18,18,-1.5,0,42.3,1022.9,22,8
2025-02-22,토요일,1888,874,139,557,15,5,91,67,140,-1,0.4,54.6,1024.2,26,13
2025-02-23,일요일,1353,637,107,351,47,2,21,60,128,-2.7,0,47.5,1023.3,24,11
2025-02-24,평일,846,413,84,270,11,0,2,27,39,-0.7,0,41.3,1023.8,20,9
2025-02-25,평일,921,384,94,360,8,0,6,25,44,1.7,0,58.8,1019.6,22,9
2025-02-26,평일,1440,630,63,449,26,4,20,106,142,5.3,0,44.4,1016.4,51,26
2025-02-27,평일,3257,1408,92,1078,49,13,42,211,364,6.6,0,28.1,1014.3,41,15
2025-02-28,평일,4263,1828,172,1570,55,6,36,287,309,9.8,0,55.8,1012.4,28,15
2025-03-01,휴일,3108,1499,106,899,21,17,55,233,278,6.3,2.6,88.3,1010.3,32,23
2025-03-02,일요일,2076,1038,45,444,35,5,55,145,309,9.7,5.7,84.5,1006.7,34,23
2025-03-03,평일,529,226,27,93,7,4,18,25,129,3.5,23,71.4,1013.2,9,3
2025-03-04,평일,24,12,0,3,0,0,0,5,4,3.4,0.9,70.4,1012.6,7,2
2025-03-05,평일,147,83,0,13,1,1,36,9,4,5.5,0,66.1,1013.9,8,3
2025-03-06,평일,110,56,2,3,1,4,6,17,21,5.1,0,56.3,1017.7,29,17
2025-03-07,평일,232,119,1,25,9,4,4,29,41,5.6,0,49.5,1019.4,44,30
2025-03-08,토요일,2891,1192,66,530,34,19,100,226,724,6.2,0,54,1018.2,30,18
2025-03-09,일요일,5150,2221,74,977,56,12,111,399,1300,6.8,0,57.3,1021.6,39,26
2025-03-10,평일,373,208,2,33,10,6,10,65,39,8.2,0,46.9,1018.1,42,28
2025-03-11,평일,325,185,0,23,11,2,16,47,41,9.8,0,45.8,1012.7,40,26
2025-03-12,평일,238,129,0,28,4,1,5,29,42,9.6,0,62.1,1009.1,44,28
2025-03-13,평일,244,145,0,28,6,0,21,23,21,10.3,0,48.6,1014.5,57,21
2025-03-14,평일,1059,685,8,97,10,44,12,93,110,12.9,0,31.8,1016.5,62,16
2025-03-15,토요일,5445,2522,110,1295,59,29,96,419,915,9.8,0,52.5,1014.1,21,4
2025-03-16,일요일,498,213,22,94,4,5,17,27,116,4.5,0.9,59.4,1006.8,24,11
2025-03-17,평일,210,125,3,22,3,4,10,25,18,3.8,0,35.4,1009.3,35,16
2025-03-18,평일,16,11,0,2,0,0,0,1,2,1.2,3.9,77.4,1008.2,32,22
2025-03-19,평일,147,94,5,13,2,6,5,9,13,3.2,0,47,1016.3,45,30
2025-03-20,평일,258,128,3,37,7,1,10,30,42,7.6,0,61.4,1011.5,51,31
2025-03-21,평일,645,334,13,108,8,4,24,67,87,12.8,0,51.1,1005.3,62,35
2025-03-22,토요일,7545,3654,184,1820,92,11,72,576,1136,14.9,0,42.8,1003.5,69,42
2025-03-23,일요일,7285,3581,112,1622,77,44,108,544,1197,16.6,0,40.1,1002.5,67,36
2025-03-24,평일,574,346,9,76,11,3,17,67,45,16.6,0,53.4,996.7,72,37
2025-03-25,평일,382,226,3,63,11,0,8,46,25,15.4,0,54.4,994.2,122,44
2025-03-26,평일,619,308,17,149,10,0,21,50,64,18.5,0,36,996.3,79,17
2025-03-27,평일,170,76,2,60,3,0,6,10,13,16.1,0.7,68.3,994.4,60,17
2025-03-28,평일,669,440,14,79,11,4,17,36,68,7.5,0,42.1,1007,38,18
2025-03-29,토요일,2495,1115,129,760,25,7,14,113,332,3.9,0,42.6,1015.3,23,6
2025-03-30,일요일,2365,1141,98,540,58,7,41,118,362,4.4,0,43.9,1020.6,24,7
2025-03-31,평일,564,295,4,138,9,6,26,51,35,8.1,0,52.4,1017.7,32,12
2025-04-01,평일,686,277,1,205,66,6,43,39,49,10.3,0,46.9,1014.3,47,25
2025-04-02,평일,438,242,5,73,14,2,20,45,37,9.6,0,47.9,1011.2,44,27
2025-04-03,평일,485,252,4,124,17,1,14,31,42,10.3,0,57.8,1012,38,28
2025-04-04,평일,1372,527,373,237,12,4,19,75,125,11.7,0.4,55.8,1011.7,43,32
2025-04-05,토요일,662,284,50,191,8,0,23,23,83,9.4,11.7,79.1,1004.9,34,23
2025-04-06,일요일,7432,3519,241,1449,140,43,102,574,1364,10.7,0,53.6,1008.3,33,15
2025-04-07,평일,1093,628,4,185,69,7,24,102,74,13.8,0,43,1009.2,38,15
2025-04-08,평일,742,339,0,117,27,21,72,92,74,15.6,0,41.4,1006.2,54,18
2025-04-09,평일,1110,287,410,236,45,11,27,38,56,13.9,0,42.4,1003.3,36,13
2025-04-10,평일,879,262,56,289,110,11,52,43,56,14,0,53.1,999.3,46,19
2025-04-11,평일,2966,1051,584,699,99,20,90,179,244,16.2,0,47,1002.8,39,23
2025-04-12,토요일,3537,1331,82,1073,94,29,77,267,584,14.7,13,57,998.5,32,16
2025-04-13,일요일,1800,870,41,432,32,5,38,117,265,5.8,5.2,68.1,994.3,39,6
2025-04-14,평일,82,35,0,11,22,2,2,7,3,5.1,6.2,81.6,991.4,20,6
2025-04-15,평일,1421,511,3,741,13,3,39,69,42,8.8,0,66.9,999.4,20,12
2025-04-16,평일,2573,472,411,1360,26,14,120,101,69,16,0,50.9,1000.5,32,16
2025-04-17,평일,2028,551,2,1188,27,24,56,86,94,21.8,0,54.1,998,51,15
2025-04-18,평일,2922,1228,10,1125,30,16,182,166,165,21.4,0,63.5,1001.6,62,19
2025-04-19,토요일,6944,2656,116,2768,106,57,95,415,731,20.8,4.2,70.5,1001,37,9
2025-04-20,일요일,6785,3267,71,1518,97,63,219,499,1051,17.6,0.9,78.9,1004.7,20,8
2025-04-21,평일,1567,610,3,623,62,13,81,107,68,21.5,0,62.4,1006,19,7
2025-04-22,평일,212,50,0,71,2,0,84,0,5,17.7,25.6,91.5,997.7,14,8
2025-04-23,평일,1869,494,4,1094,32,7,68,94,76,17.5,0,77.1,998.7,10,7
2025-04-24,평일,2265,785,14,1104,107,13,47,125,70,15,0,55.1,1002.1,22,16
2025-04-25,평일,3883,1174,255,2067,80,15,76,88,128,12.7,0,33.1,1008.6,39,25
2025-04-26,토요일,10180,4781,138,2899,185,97,245,814,1021,14.4,0,37.4,1011.3,18,7
2025-04-27,일요일,7330,3706,110,1698,179,34,91,447,1065,17.2,0,26.9,1007.6,12,5
2025-04-28,평일,1349,513,147,395,82,12,54,84,62,15.3,0,39.6,1002.3,22,9
2025-04-29,평일,1488,564,2,602,128,12,39,96,45,14.7,0,42.5,1005.5,29,16
2025-04-30,평일,1954,595,490,550,33,26,138,79,43,18.6,0,40.8,1005.7,31,15
2025-05-01,평일,5638,828,3303,940,46,17,68,163,273,14.8,35.9,77,1000.2,24,10
2025-05-02,평일,8065,2796,1948,2100,138,40,194,576,273,13.6,0,55.8,1003.1,26,12
2025-05-03,토요일,2479,1284,79,582,94,12,47,113,268,10.5,22.1,83.5,1001.3,17,12
2025-05-04,일요일,20083,10857,657,5263,441,193,375,1305,992,14.3,0,48.1,1005.5,23,9
2025-05-05,휴일,13476,7162,441,3582,314,91,259,800,827,11.9,0.1,60.4,1004.1,18,8
2025-05-06,휴일,5696,2846,233,1255,130,38,96,409,689,13.1,0,66.5,999.6,16,9
2025-05-07,평일,1133,397,251,216,44,9,96,88,32,14.7,0,61.9,1005.9,17,8
2025-05-08,평일,2136,366,1202,274,44,16,86,93,55,18.2,0,55.4,1008.8,58,14
2025-05-09,평일,2122,32,2025,58,1,0,3,1,2,15.4,11,85.1,997,21,7
2025-05-10,토요일,1422,512,95,552,34,2,74,39,114,12.6,4.4,90.1,994.9,15,6
2025-05-11,일요일,5558,2685,184,1208,130,28,58,269,996,15.4,0,69.1,999,33,22
2025-05-12,평일,3022,440,1683,676,31,12,34,77,69,17.7,0,59.4,1003,29,20
2025-05-13,평일,1655,345,779,349,23,2,59,47,51,19.3,0,53.5,1007.5,32,21
2025-05-14,평일,1941,447,768,532,81,8,27,42,36,21,0,51.8,1008.1,31,20
2025-05-15,평일,1803,267,1099,220,77,2,77,22,39,21.6,4.2,81.3,1007,17,7
2025-05-16,평일,2664,574,1629,374,19,2,29,19,18,20.5,14.3,88.8,1004,14,4
2025-05-17,토요일,7626,3472,186,2143,153,69,154,430,1019,19.4,0.5,81.3,998.7,18,9
2025-05-18,일요일,6361,3144,117,1467,80,37,97,393,1026,16.2,0,56.6,1003.4,33,15
2025-05-19,평일,2091,1482,176,222,23,6,43,79,60,18.8,0,65.1,998.8,28,11
2025-05-20,평일,1643,318,978,193,51,4,15,57,27,25.4,0,71.6,1000.5,18,5
2025-05-21,평일,1063,338,352,233,16,4,18,46,56,25.5,0,72.4,998.8,14,5
2025-05-22,평일,1166,302,359,188,172,6,55,56,28,21.2,0.3,80.3,999.9,17,10
2025-05-23,평일,2502,677,997,513,36,3,31,83,162,19.9,0,43.5,1003.2,20,14
2025-05-24,토요일,5446,2401,218,1677,103,24,47,231,745,16,0.6,60.5,1001.6,12,7
2025-05-25,일요일,7277,3463,198,1580,110,24,103,472,1327,17.8,0,64.9,1006.7,14,7
2025-05-26,평일,955,448,4,266,28,4,33,65,107,19.7,0,54.1,1009.2,26,15
2025-05-27,평일,1112,295,455,220,14,5,40,39,44,20.5,0,52.6,1010.3,34,24
2025-05-28,평일,1098,276,189,166,277,7,54,38,91,20.7,0,56.3,1009.9,33,22
2025-05-29,평일,822,258,195,164,27,6,62,45,65,20.6,0,58.5,1007.2,33,24
2025-05-30,평일,1669,631,326,413,20,6,20,87,166,20.4,0,52.8,1004.9,27,19
2025-05-31,토요일,8430,3626,219,2422,146,38,117,394,1468,20.4,0,58.8,1003.7,28,19
2025-06-01,일요일,5291,2533,99,1064,84,24,51,546,890,22.4,0,56.8,1001.7,34,26
2025-06-02,평일,1455,489,501,302,16,10,28,61,48,20.4,0,65.6,996.1,38,28
2025-06-03,휴일,5239,2380,107,1369,72,25,67,438,781,21.1,0,53.9,993.1,33,23
2025-06-04,평일,853,307,142,256,11,4,45,55,33,20.8,0,48.9,997.8,25,12
2025-06-05,평일,1657,460,733,288,25,7,21,54,69,21.2,0,47.3,1003.4,18,8
2025-06-06,휴일,8557,4585,234,2337,168,23,75,264,871,23.7,0,40.8,1001.7,28,14
2025-06-07,토요일,10047,5111,238,2476,164,70,164,670,1154,24.3,0,53.1,1000.8,34,17
2025-06-08,일요일,3915,1964,79,792,39,18,36,318,669,25.5,0,65.9,1000.3,28,16
2025-06-09,평일,457,254,3,93,9,0,16,53,29,25.5,0,62.9,999.4,18,12
2025-06-10,평일,372,182,9,89,10,2,13,39,28,23.6,0,66.6,999.6,19,10
2025-06-11,평일,444,269,1,81,19,4,5,36,29,23.1,0,48.8,1004.4,14,8
2025-06-12,평일,413,175,7,75,44,5,49,33,25,25.1,0,43.6,1006.8,21,11
2025-06-13,평일,314,184,0,54,11,2,15,32,16,21.3,39.9,73.9,1005.3,22,13
2025-06-14,토요일,2770,1256,41,550,43,10,29,173,668,23.8,44.7,84.8,994.5,10,2
2025-06-15,일요일,2050,917,40,429,29,12,27,155,441,26.3,37.4,73.4,991.8,20,12
2025-06-16,평일,446,328,2,51,6,2,1,21,35,24.2,26.3,83.1,991.7,22,10
2025-06-17,평일,576,195,182,130,9,0,11,23,26,25,3.6,74.6,997.6,33,14
2025-06-18,평일,462,180,2,221,7,2,6,16,28,25.8,0,62.8,1003.5,31,16
2025-06-19,평일,311,162,3,90,8,0,0,22,26,27.2,0,63.6,1004.8,-,-
2025-06-20,평일,83,51,0,15,10,3,0,3,1,24.9,49.4,85.5,998.8,6,1
2025-06-21,토요일,214,78,4,28,1,1,15,8,79,21.1,78.3,94.9,996.9,7,2
2025-06-22,일요일,4393,1993,48,853,69,15,50,471,894,23.3,0,71.1,999.5,15,8
2025-06-23,평일,439,265,4,74,5,6,8,38,39,25.1,0,65.5,999.9,23,11
2025-06-24,평일,155,87,2,33,9,2,2,13,7,21.9,19.1,76.5,1000.3,17,10
2025-06-25,평일,239,95,48,52,1,0,12,12,19,21.2,1.3,84.8,999.5,12,4
2025-06-26,평일,347,208,3,48,3,6,1,23,55,22.9,0.1,80.6,1001.6,24,13
2025-06-27,평일,751,388,28,127,25,7,7,75,94,25.3,0,75.5,1001.1,29,19
2025-06-28,토요일,2246,954,37,402,39,4,21,166,623,27.5,0,79.1,999.9,25,15
2025-06-29,일요일,1824,842,27,356,21,4,28,156,390,28.7,0,71.9,1000.7,11,6
2025-06-30,평일,209,130,3,46,3,0,1,15,11,29.1,0,69.8,1003.3,11,3
2025-07-01,평일,155,79,3,31,5,0,15,7,15,29,0,73.9,1005.2,9,3
2025-07-02,평일,192,132,15,22,2,0,8,1,12,29.4,0,71.3,1005.2,11,4
2025-07-03,평일,147,77,2,48,2,0,2,7,9,28.6,0,69.1,1003.1,22,13
2025-07-04,평일,320,129,48,49,5,4,7,16,62,27.9,0,72.1,1000.4,21,11
2025-07-05,토요일,1477,598,84,272,17,6,36,91,373,28.6,0,71.1,999,16,5
2025-07-06,일요일,826,334,38,146,7,1,15,69,216,29,0,72.3,998,17,7
2025-07-07,평일,155,98,4,31,1,0,4,6,11,30,0,74.5,998.4,26,16
2025-07-08,평일,63,33,6,11,3,0,0,3,7,31.4,0,65.9,1000.2,29,19
2025-07-09,평일,70,40,4,9,7,0,3,6,1,31,0,48.1,1001.9,13,8
2025-07-10,평일,100,44,17,22,2,2,10,1,2,29.8,0,42.4,1003.3,11,4
2025-07-11,평일,245,140,2,16,5,0,34,18,30,29,0,44.9,1004.4,13,4
2025-07-12,토요일,1191,654,17,163,11,0,8,76,262,28.6,0,54.4,1001.6,18,6
2025-07-13,일요일,772,425,12,64,6,1,14,76,174,25.3,2.3,78.9,994.8,24,13
2025-07-14,평일,271,213,0,16,3,1,4,24,10,23.4,20.9,83.3,987.4,17,9
2025-07-15,평일,210,101,3,14,4,3,17,23,45,22.9,2,84.8,989.1,8,2
2025-07-16,평일,51,31,2,6,1,0,2,3,6,22.6,66.1,90.8,995,18,9
2025-07-17,휴일,31,19,6,4,0,0,0,0,2,22,168.4,96.6,997.3,9,3
2025-07-18,평일,113,65,3,8,0,4,4,7,22,24.3,0.1,90.3,999.1,11,4
2025-07-19,토요일,366,157,0,57,0,0,4,24,124,24.6,33.5,93.1,1001.9,6,1
2025-07-20,일요일,2345,1412,18,177,15,9,16,218,480,27.9,0,77.3,1004.9,16,5
2025-07-21,평일,210,159,3,15,1,1,0,16,15,28.4,0,76.1,1006.5,16,8
2025-07-22,평일,500,258,53,154,2,2,8,10,13,28.6,7.5,78,1006.8,10,3
2025-07-23,평일,760,639,20,52,20,0,2,11,16,28.9,0,75,1005.4,19,8
2025-07-24,평일,323,224,28,38,1,0,3,15,14,29.9,0,70.1,1003,23,13
2025-07-25,평일,393,244,67,19,1,2,0,27,33,30.4,0,68,1001.2,18,10
2025-07-26,토요일,993,360,76,192,10,2,10,48,295,30.6,0,66.8,999.9,11,5
2025-07-27,일요일,976,363,29,196,11,2,24,65,286,31.6,0,61.5,997.9,9,3
2025-07-28,평일,774,359,20,216,9,2,13,57,98,30.9,0,66.3,995.8,18,8
2025-07-29,평일,588,230,46,170,7,0,8,32,95,31.2,0,62.6,993.4,20,12
2025-07-30,평일,705,301,58,180,5,0,9,43,109,30.9,0,59.6,993.5,14,8
2025-07-31,평일,845,364,45,188,15,4,11,59,159,29.9,0,61.9,995.4,17,10
2025-08-01,평일,971,454,48,240,16,6,8,52,147,30.4,0,64.5,995.6,23,15
2025-08-02,토요일,1428,582,96,302,26,4,16,78,324,31.2,0,65.3,995.3,31,20
2025-08-03,일요일,1256,469,40,214,14,9,15,105,390,27.4,46.7,80.8,993.6,22,15
2025-08-04,평일,465,229,17,115,10,0,5,43,46,28.4,11.4,81,993.3,13,7
2025-08-05,평일,451,194,17,155,9,3,1,26,46,29.3,0,71,997.4,14,8
2025-08-06,평일,264,108,5,86,5,0,3,13,44,28,1.9,84.3,995.1,16,4
2025-08-07,평일,511,222,48,184,2,0,13,26,16,27.5,0,74.5,995.6,14,6
2025-08-08,평일,759,353,47,158,8,0,13,46,134,26.1,0,75,997.5,17,7
2025-08-09,토요일,1475,580,97,299,13,2,15,90,379,24.3,0.8,89.6,996.4,21,11
2025-08-10,일요일,2914,1158,86,487,22,5,36,266,854,26.2,0,73.5,994.5,15,8
2025-08-11,평일,960,515,89,203,7,2,9,28,107,24.3,2.3,86.4,997.8,16,6
2025-08-12,평일,832,330,35,200,13,8,16,54,176,24.3,0.2,82.8,1002.9,10,3
2025-08-13,평일,582,257,37,165,7,7,13,35,61,26.8,5.4,86,1005.6,11,3
2025-08-14,평일,1090,466,56,337,17,1,13,56,144,28.5,0,74.5,1007.7,10,2
2025-08-15,휴일,5223,2428,206,1168,54,7,88,441,831,28.9,0,78.6,1007.6,12,3
2025-08-16,토요일,4962,2400,146,1045,49,11,48,394,869,28.6,0,74.6,1006.4,13,3
2025-08-17,일요일,2465,1155,94,491,29,3,20,180,493,28.2,0,76.3,1007.3,12,5
2025-08-18,평일,758,330,22,158,14,6,12,45,171,29.2,0,70.9,1007.1,19,12
2025-08-19,평일,688,281,14,116,8,0,3,41,225,29,0,73,1004.5,10,3
2025-08-20,평일,378,193,5,88,7,2,12,26,45,29.5,0,70.9,1002.7,17,9
2025-08-21,평일,382,169,4,110,2,0,7,24,66,29.9,0,70.3,1002.8,14,6
2025-08-22,평일,1106,483,36,240,9,2,18,68,250,29.8,0,70.1,1002.1,14,8
2025-08-23,토요일,3886,1624,86,707,36,14,54,336,1029,29.2,0,73.1,1003.3,12,6
2025-08-24,일요일,2439,1127,72,411,30,16,35,180,568,30.6,0,65.3,1004.3,14,6
2025-08-25,평일,185,120,5,24,2,0,0,17,17,30.3,0,70,1002.9,15,3
2025-08-26,평일,515,427,4,44,1,1,1,11,26,26.2,36.8,87,1002,11,3
2025-08-27,평일,674,532,17,50,12,5,13,25,20,26.9,0,76.9,1003.9,10,5
2025-08-28,평일,555,465,2,52,4,0,5,13,14,28.1,0,72.8,1005.1,21,10
2025-08-29,평일,443,256,5,73,7,1,12,37,52,29.3,0,74.4,1006.6,11,4
2025-08-30,토요일,3905,2137,90,739,40,4,20,231,644,29.4,0,72,1006.6,8,3
2025-08-31,일요일,1279,566,33,269,11,1,13,89,297,27.9,0,76.9,1002.8,16,9
2025-09-01,평일,233,98,8,102,1,2,4,9,9,26.8,7.4,82.4,999.4,10,3
2025-09-02,평일,243,109,2,72,6,5,4,19,26,25.4,0.1,79.5,1002.3,12,5
2025-09-03,평일,217,108,3,32,4,0,6,29,35,26,8.8,79.4,1003.6,15,7
2025-09-04,평일,233,83,2,111,2,0,4,14,17,26.1,0.4,82.1,1002.3,14,5
2025-09-05,평일,800,261,331,103,3,5,9,46,42,28.1,0,72.3,1002.8,13,6
2025-09-06,토요일,4474,2278,75,924,44,11,54,320,768,28,23.3,76.3,1001.3,12,5
2025-09-07,일요일,1397,603,31,196,37,8,20,147,355,24.4,41.1,90.5,1001,11,3
2025-09-08,평일,360,195,4,51,7,0,15,55,33,22.2,0,85.5,1003.9,15,6
2025-09-09,평일,178,88,0,31,0,2,21,14,22,20.4,8.4,85.6,1005.7,14,4
2025-09-10,평일,902,594,37,139,10,3,20,45,54,23.8,0,78.4,1005.4,16,6
2025-09-11,평일,660,200,6,302,3,6,35,54,54,24.9,0,69.6,1008,15,3
2025-09-12,평일,755,279,42,328,4,2,19,57,24,22.8,24.4,83.3,1005.3,14,2
2025-09-13,토요일,4296,2267,71,768,43,21,35,322,769,25.1,20.1,83,998.9,11,3
2025-09-14,일요일,5287,2230,75,1085,46,13,69,619,1150,25.3,0,78.4,1004.2,12,5
2025-09-15,평일,566,332,5,127,14,1,11,42,34,25.3,0,81,1007.8,18,5
2025-09-16,평일,664,146,8,447,6,2,5,30,20,25.8,65.3,88,1005.2,16,5
2025-09-17,평일,51,29,0,4,2,0,2,4,10,23.5,48.7,93.3,1003.1,10,2
2025-09-18,평일,1634,236,227,1039,9,3,15,65,40,21.9,0,80.5,1007.9,15,4
2025-09-19,평일,1595,689,189,550,36,4,2,69,56,20.3,6,77.8,1008.3,12,2
2025-09-20,토요일,6527,3431,80,1478,58,26,65,518,871,20.1,53.6,90.6,1001.9,10,3
2025-09-21,일요일,6066,3045,44,1204,48,26,48,615,1036,21.6,0,75.3,1009.4,10,3
2025-09-22,평일,941,375,5,355,9,5,15,100,77,21.2,0,66.5,1012.8,10,3
2025-09-23,평일,1591,416,5,996,11,4,12,80,67,22.3,0,60.8,1011,11,3
2025-09-24,평일,939,150,6,683,9,4,32,24,31,22.9,11.5,81.3,1006.7,12,3
2025-09-25,평일,1319,48,393,867,3,0,2,4,2,22.2,14.8,96.4,1010.2,8,2
2025-09-26,평일,3559,838,214,2077,316,6,12,78,18,21.3,0,83.5,1011.7,24,13
2025-09-27,토요일,8580,4479,178,2160,65,21,69,456,1152,23.1,0,78.3,1009.4,25,13
2025-09-28,일요일,521,257,29,82,4,1,6,28,114,20.4,27.2,95.3,1003.6,14,6
2025-09-29,평일,1740,470,8,1093,11,8,16,80,54,19.9,0,80,1005.4,20,9
2025-09-30,평일,2341,376,917,892,12,3,25,73,43,19.3,0,79.8,1005.6,17,8
2025-10-01,평일,1261,323,103,622,8,11,25,57,112,20.3,0,75.9,1006.6,22,12
2025-10-02,평일,3453,423,2208,432,9,23,181,118,59,20.5,0,80.3,1009.9,25,14
2025-10-03,휴일,755,362,24,178,8,0,12,60,111,18.5,13.7,93.6,1008.2,12,6
2025-10-04,토요일,5589,3002,135,1307,145,12,55,360,573,20.7,1.5,94.6,1005.8,9,2
2025-10-05,일요일,4507,2437,125,979,162,47,62,343,352,21.7,0.9,94.5,1006.7,11,5
2025-10-06,휴일,1838,1045,64,393,87,11,24,110,104,19.9,31.2,95.5,1007.3,9,4
2025-10-07,휴일,2720,1463,99,593,112,26,43,183,201,19.9,12.9,95.8,1006.9,4,1
2025-10-08,휴일,11506,6070,351,2891,259,61,124,895,855,21.2,1.3,91.6,1008.6,8,2
2025-10-09,휴일,10194,5048,352,2420,199,79,124,929,1043,21.1,0,76,1012.2,10,2
2025-10-10,평일,5381,2597,248,1704,77,25,64,325,341,21.5,0,73.5,1009.5,18,4
2025-10-11,토요일,10236,5580,423,2427,92,36,151,572,955,23.1,0,72.9,1005.3,20,5
2025-10-12,일요일,3200,1494,93,614,46,12,38,345,558,20.9,0.8,88.3,1005.5,11,3
2025-10-13,평일,102,38,5,12,2,3,31,8,3,18.6,58.3,93.1,1006.5,7,1
2025-10-14,평일,1675,340,272,927,8,20,41,50,17,18.3,5.7,88.8,1009.1,4,1
2025-10-15,평일,1730,281,301,950,14,4,51,90,39,20.3,14.1,79.8,1010.7,9,2
2025-10-16,평일,2231,227,835,1040,13,4,19,64,29,19.4,30.6,88.8,1010.4,8,2
2025-10-17,평일,4313,706,2120,1137,15,35,68,157,75,19.8,20.9,81.8,1012.6,12,3
2025-10-18,토요일,5410,2671,245,1526,39,115,40,318,456,16.6,19.3,92.3,1011.7,10,6
2025-10-19,일요일,6114,3132,172,1409,71,27,87,435,781,16.3,0,79,1015.4,17,9
2025-10-20,평일,2304,1086,173,700,21,17,142,129,36,11.5,0,71.8,1019.2,25,10
2025-10-21,평일,3462,358,1199,1583,10,57,127,100,28,11.3,0,73.3,1020.7,22,10
2025-10-22,평일,2171,431,622,834,8,31,84,92,69,13.4,0,78,1019.7,15,9
2025-10-23,평일,3606,831,426,2034,35,22,67,136,55,15.8,0,76.6,1018.7,10,2
2025-10-24,평일,4768,906,1708,1838,45,6,83,105,77,15.7,0,76.4,1017.3,8,3
2025-10-25,토요일,9769,5046,419,2736,152,33,144,418,821,14.3,0,77.1,1013.5,19,9
2025-10-26,일요일,5410,2882,159,1308,71,19,69,403,499,13.2,0,74.9,1010.8,22,13
2025-10-27,평일,1094,473,29,397,23,16,47,77,32,9.5,0,53.4,1014.4,20,7
2025-10-28,평일,2275,268,813,912,14,8,180,47,33,8.5,0,63.3,1020,17,5
2025-10-29,평일,1893,411,590,703,11,5,53,74,46,9.6,0,67.5,1021.2,21,12
2025-10-30,평일,2187,415,745,660,38,39,144,95,51,10.2,0,75.3,1017.7,24,12
2025-10-31,평일,5376,894,2499,1458,50,56,184,151,84,12.6,0,75.9,1009,22,14
2025-11-01,토요일,7367,3538,178,2213,94,29,87,392,836,13.6,0.6,69,1005.9,22,11
2025-11-02,일요일,3985,1993,99,867,45,130,44,287,520,9.4,2.1,65.3,1011.7,21,6
2025-11-03,평일,994,337,228,231,13,16,74,71,24,7,0,64.6,1020.2,21,8
2025-11-04,평일,886,275,225,270,22,4,17,39,34,10.5,0,72.6,1018.4,23,12
2025-11-05,평일,1297,349,451,293,16,24,52,72,40,10.4,0,78.1,1016.2,32,23
2025-11-06,평일,1663,551,237,719,19,10,52,39,36,11.3,0,79.4,1016.2,35,28
2025-11-07,평일,2839,971,243,1168,24,38,195,123,77,13.3,0,73.6,1016.5,36,29
2025-11-08,토요일,6139,3126,183,1728,153,9,46,305,589,13.7,0.4,77.8,1014.3,27,16
2025-11-09,일요일,3941,2036,68,971,46,14,38,276,492,13.7,0,66.3,1009.2,39,16
2025-11-10,평일,742,400,3,180,11,10,16,65,57,8.9,0,42,1012.4,17,4
2025-11-11,평일,699,324,37,192,29,15,31,55,16,8.2,0,58.8,1015.1,21,10
2025-11-12,평일,575,266,28,134,14,10,52,53,18,8.8,0,70.6,1015.3,27,19
2025-11-13,평일,1611,380,672,385,20,13,44,63,34,9.3,0,70,1011.8,34,24
2025-11-14,평일,2211,647,509,766,21,36,86,106,40,8.5,0,66,1013.6,27,16
2025-11-15,토요일,6062,3118,191,1732,114,21,38,329,519,8.8,0,63,1018.5,25,15
2025-11-16,일요일,4275,2155,110,964,64,12,31,299,640,11.2,0.9,64.5,1017.9,21,15
2025-11-17,평일,540,324,34,114,7,3,6,34,18,5.6,0,52.8,1020.5,32,9
2025-11-18,평일,312,162,35,44,3,6,30,18,14,3,0,52.5,1019,24,10
2025-11-19,평일,583,167,200,117,38,5,20,20,16,4.4,0,55.3,1018,27,14
2025-11-20,평일,484,224,17,146,6,9,14,45,23,8.5,0,61.9,1016.3,29,17
2025-11-21,평일,856,406,34,254,8,9,62,55,28,7,0,56.1,1017.7,19,6
2025-11-22,토요일,4045,2197,131,1062,50,5,32,169,399,7.6,0,67.8,1017.8,24,15
2025-11-23,일요일,3261,1699,79,671,55,18,41,306,392,8.8,0,71.6,1014.5,27,24
2025-11-24,평일,639,365,24,103,13,3,33,63,35,12,0,72.4,1009.3,38,41
2025-11-25,평일,102,54,13,16,5,0,2,9,3,8,7,75.9,1008.5,46,37
2025-11-26,평일,740,229,282,152,10,3,7,37,20,7.2,0,64,1016.3,40,23
2025-11-27,평일,67,41,0,11,1,0,1,11,2,5.2,6.1,76.5,1008.6,34,15
2025-11-28,평일,777,290,156,220,5,12,19,46,29,3.7,0,50,1013.4,16,6
2025-11-29,토요일,3672,1914,121,969,30,6,25,233,374,6.6,0,62.9,1009.6,21,8
2025-11-30,일요일,3187,1599,73,620,48,7,27,284,529,13.9,0,70.4,1007.7,50,13
2025-12-01,평일,562,332,11,148,3,1,3,41,23,7.9,0,49.9,1011.9,41,15
2025-12-02,평일,241,120,28,58,0,4,7,16,8,2.2,0,43.9,1015.6,21,9
2025-12-03,평일,163,56,21,48,21,0,10,3,4,-3.2,0,49.4,1017.9,16,6
2025-12-04,평일,166,76,37,30,0,2,10,4,7,-1.6,1.1,61.1,1018.2,17,8
2025-12-05,평일,273,111,14,121,1,3,5,10,8,-1.1,0,54.3,1019.7,20,12
2025-12-06,토요일,1554,798,57,467,21,2,7,87,115,4.3,0,64,1013.5,15,7
2025-12-07,일요일,2678,1359,65,634,38,6,20,209,347,10.4,0,74.3,1012.5,50,37
2025-12-08,평일,296,191,5,59,1,0,0,32,8,4.9,0,33.8,1018.9,31,16
2025-12-09,평일,192,113,22,35,0,0,2,11,9,2.2,0,58.3,1020.1,19,9
2025-12-10,평일,323,185,25,45,3,2,21,25,17,5.1,0,66.5,1016.6,35,12
2025-12-11,평일,930,103,734,26,9,18,16,13,11,5,6.9,71.9,1013.5,29,16
2025-12-12,평일,431,183,85,96,2,0,9,30,26,3.1,0,58.8,1021.7,16,7
2025-12-13,토요일,610,247,43,193,5,7,25,28,62,3.6,10,82.4,1014.1,10,3
2025-12-14,일요일,917,463,42,171,21,7,7,63,143,1.1,0,78,1012.4,13,6
2025-12-15,평일,305,200,16,43,2,2,5,23,14,1.8,0,77.9,1016.8,22,9
2025-12-16,평일,237,130,28,27,7,4,2,25,14,5.7,0,79.1,1014,27,13
2025-12-17,평일,253,174,14,31,3,4,4,18,5,5.2,0,68.4,1015.6,38,19
2025-12-18,평일,282,161,40,52,3,2,3,17,4,2.4,0,62.8,1018.3,29,15
2025-12-19,평일,354,203,22,47,2,3,23,29,25,4.7,0,68.4,1013.5,33,15
2025-12-20,토요일,1273,614,78,268,15,1,17,173,107,7.7,2.8,82.3,1011.4,36,23
2025-12-21,일요일,1428,724,57,153,14,2,28,243,207,-0.1,0,45,1020.8,17,3
2025-12-22,평일,432,222,67,57,8,3,7,59,9,-0.5,0,55.6,1022.2,26,10
2025-12-23,평일,174,104,10,18,7,0,2,23,10,1.7,10.9,76.9,1014.4,24,10
2025-12-24,평일,263,173,17,19,3,1,4,35,11,2.6,3.1,88.4,1010.2,13,9
2025-12-25,휴일,2540,1391,162,342,11,0,24,343,267,-1.7,0,63.8,1012.7,21,8
2025-12-26,평일,373,211,26,58,9,0,11,54,4,-6.2,0,41.9,1019.1,14,4
2025-12-27,토요일,1081,546,40,171,16,0,13,162,133,-2.2,0.1,69.3,1017.9,19,9
2025-12-28,일요일,1459,728,41,130,19,4,16,239,282,3.6,0,77.5,1013.7,16,9
2025-12-29,평일,786,434,24,193,11,4,5,70,45,5.3,1,79.4,1010.6,36,24
2025-12-30,평일,757,409,27,172,15,0,12,61,61,0.4,0,46.9,1016.9,26,12
2025-12-31,평일,384,201,32,96,6,0,7,23,19,-3.4,0,44.8,1019.4,14,6
2026-01-01,휴일,735,437,38,160,7,0,21,34,38,-6.2,0,42,1018.1,12,4
2026-01-02,평일,419,255,22,107,3,2,1,22,7,-6.2,0,53.1,1017.5,16,5
2026-01-03,토요일,988,518,45,256,8,2,16,63,80,-2.9,0,65,1019.2,20,9
2026-01-04,일요일,1084,534,28,228,11,7,15,76,185,2.5,0,62.5,1015.8,29,19
2026-01-05,평일,418,238,18,85,14,2,9,28,24,-0.2,0,52.1,1014.6,21,11
2026-01-06,평일,242,123,19,54,6,1,21,13,5,-0.7,0,47.9,1015.4,21,8
2026-01-07,평일,251,145,7,67,6,6,4,11,5,1.3,0,54.6,1013,24,10
2026-01-08,평일,221,114,24,64,6,0,0,11,2,-3.6,0,37.8,1019.1,17,4
2026-01-09,평일,324,180,9,96,5,3,11,13,7,1.2,0,55.5,1012.9,14,4
2026-01-10,토요일,497,271,44,108,1,0,13,24,36,3.9,1.1,54.8,1005.1,43,11
2026-01-11,일요일,346,186,33,67,4,0,3,14,39,-5,0,48.3,1016.2,15,5
2026-01-12,평일,234,137,20,55,1,4,3,9,5,-1.5,1.3,68.4,1010.6,18,7
2026-01-13,평일,110,68,8,26,0,0,0,3,5,0.5,0.3,53.3,1010.2,31,12
2026-01-14,평일,179,107,19,34,0,3,7,6,3,-1,0,42.3,1014,19,5
2026-01-15,평일,413,218,25,91,8,1,11,31,28,7.9,0,73.3,1007.2,62,39
2026-01-16,평일,472,209,42,180,11,2,6,10,12,2.6,0,81,1010.8,65,42
2026-01-17,토요일,2223,1348,87,453,14,7,24,117,173,2.5,0,58.6,1013,49,33
2026-01-18,일요일,2088,1080,91,478,24,7,10,163,235,1.6,0,57.4,1013.1,44,35
2026-01-19,평일,278,156,8,69,2,0,13,18,12,-1,0.6,59.5,1015.9,28,20
2026-01-20,평일,116,82,4,19,1,0,3,3,4,-6.4,0,44.3,1019.5,24,9
2026-01-21,평일,187,77,35,54,4,0,6,5,6,-7.1,0,56.8,1019.5,17,7
2026-01-22,평일,61,38,5,14,0,0,0,4,0,-6.9,0,53.6,1020.4,18,5
2026-01-23,평일,224,125,25,40,3,2,5,10,14,-3.8,0,65.8,1018,26,15
2026-01-24,토요일,703,329,60,233,10,0,8,24,39,-3,0.9,53.8,1018,22,12
2026-01-25,일요일,806,419,68,179,9,3,13,27,88,-4,0,43.9,1022,15,6
2026-01-26,평일,471,216,156,68,2,0,13,14,2,-3.5,0,56.8,1018.3,21,10
2026-01-27,평일,221,129,17,54,4,2,4,7,4,-1.8,0,47.9,1018,26,13
2026-01-28,평일,215,103,36,51,6,0,2,10,7,-4,0,35.9,1021.3,24,7
2026-01-29,평일,202,90,19,62,2,3,13,5,8,-3,0,41.8,1022,24,11
2026-01-30,평일,310,164,26,88,7,2,9,8,6,-4.6,0,40,1022.5,22,7
2026-01-31,토요일,1070,546,107,233,10,1,10,48,115,-3.6,0,49,1020.2,27,17
2026-02-01,일요일,1093,555,59,252,11,2,22,44,148,-1,0.1,51,1018.2,31,21
2026-02-02,평일,252,186,7,36,1,2,4,9,7,-1.9,2.4,64.8,1019.1,25,16
2026-02-03,평일,188,122,13,32,2,0,4,4,11,-0.5,0,63.5,1021,27,16
2026-02-04,평일,306,162,26,53,7,4,7,30,17,2.1,0,68.3,1014.5,36,31
2026-02-05,평일,528,262,29,137,13,1,23,36,27,4.8,0,66.3,1010.7,44,39
2026-02-06,평일,263,125,18,95,3,0,4,13,5,-2.9,0,38.4,1015.8,53,15
2026-02-07,토요일,770,390,100,191,4,0,9,25,51,-5.7,0,39.8,1016.6,33,5
2026-02-08,일요일,434,206,64,76,3,2,10,21,52,-6.7,0,50.4,1020.8,23,9
2026-02-09,평일,387,189,48,94,4,3,6,18,25,-2,0,55.3,1020.1,21,7
2026-02-10,평일,173,73,20,57,0,1,2,7,13,1.5,0,71.1,1013.2,24,17
2026-02-11,평일,334,141,48,106,6,0,8,12,13,3.1,0,73.9,1013.3,34,30
2026-02-12,평일,374,187,23,96,5,5,16,18,24,2.6,0,61.5,1014.7,46,31
2026-02-13,평일,681,382,69,144,10,0,18,28,30,4.6,0,65.4,1012,69,44
2026-02-14,토요일,2689,1305,95,605,3,6,24,220,431,6.6,0,73.3,1009,77,49
2026-02-15,일요일,3278,1737,130,741,6,11,24,260,369,5.8,0,60.9,1012,61,31
2026-02-16,평일,3680,2039,110,853,1,16,36,383,242,2.1,0,45.8,1015.7,39,12
2026-02-17,평일,3557,1906,132,737,2,17,59,457,247,1.9,0,52.8,1014.7,34,14
2026-02-18,평일,3331,1649,124,760,3,13,46,348,388,3.5,0,49,1013.7,33,12
2026-02-19,평일,1160,604,73,328,19,6,20,72,38,2.1,0,47.9,1015.8,24,8
2026-02-20,평일,1410,734,101,386,13,5,8,105,58,5.6,0,49,1010.2,41,24
2026-02-21,토요일,8201,4233,272,2101,66,16,60,609,844,10.6,0,44.6,1004.1,50,28
2026-02-22,일요일,3104,1567,160,738,30,12,42,232,323,9.4,0,44.8,1003.8,100,15
2026-02-23,평일,1306,624,125,380,21,5,41,49,61,3,0,31.8,1017,28,3
2026-02-24,평일,84,30,13,34,2,2,3,0,0,0.8,9.3,71.4,1016.2,30,9
2026-02-25,평일,1490,725,50,449,27,4,27,115,93,6.3,0,66.6,1014.7,25,9
2026-02-26,평일,3075,1373,131,1042,65,10,34,249,171,7.7,0,61.6,1011.5,22,4
2026-02-27,평일,3161,1453,133,1127,27,1,19,214,187,8.2,0,68.3,1007.9,23,5
2026-02-28,토요일,8158,4370,316,2253,89,7,21,545,557,7.9,0,63,1013.4,25,9
2026-03-01,일요일,7811,4212,247,1969,73,24,79,503,704,8.6,0,57.3,1015.5,30,8
2026-03-02,평일,197,86,18,44,0,0,5,6,38,5.9,17.5,80.3,1011.5,13,3
2026-03-03,평일,197,104,1,26,5,3,7,17,34,6.9,0.1,70.8,1013.5,12,2
2026-03-04,평일,221,137,0,19,10,2,6,26,21,6.5,0,55.9,1016.4,26,9
2026-03-05,평일,1201,1120,6,7,8,2,5,29,24,7.4,7,69.3,1014.2,36,20
2026-03-06,평일,104,68,0,10,1,1,3,6,15,2,7.3,76.5,1014.3,30,16
2026-03-07,토요일,1709,819,70,316,21,3,33,145,302,1.5,0,51,1019.1,32,13
2026-03-08,일요일,2229,1071,70,424,17,5,32,190,420,2.2,0,46.9,1019.9,29,12
2026-03-09,평일,143,100,4,12,1,2,3,10,11,2.8,0,56.4,1019.1,48,27
2026-03-10,평일,172,111,0,9,10,4,4,19,15,3.6,0,56.1,1018.4,57,36
2026-03-11,평일,234,135,6,21,5,3,25,17,22,4.9,0,52.9,1017.5,47,28
2026-03-12,평일,221,134,3,30,11,2,2,17,22,6.8,0,58.4,1018.3,50,33
2026-03-13,평일,400,239,0,51,2,0,19,61,28,7.4,0,46.4,1021.1,21,7
2026-03-14,토요일,4695,2329,100,1160,52,11,57,394,592,7.6,0,45.3,1020.3,27,14
2026-03-15,일요일,2120,1027,77,488,14,1,22,167,324,6.2,0,66.4,1017.8,48,35
2026-03-16,평일,362,229,0,44,9,3,6,39,32,7.5,0,60.9,1015,48,31
2026-03-17,평일,383,218,5,40,6,1,50,44,19,9.3,0,46.1,1012.9,46,28
2026-03-18,평일,37,23,0,5,0,0,1,8,0,6.2,9.5,87.8,1006.8,34,27
2026-03-19,평일,324,209,1,54,3,1,17,25,14,6,0,51.1,1010.6,38,17
2026-03-20,평일,622,337,8,101,18,11,21,73,53,6.9,0,57.5,1013,37,14
2026-03-21,토요일,6262,3155,165,1513,57,10,85,543,734,8.9,0,51.6,1015.3,38,21
2026-03-22,일요일,5617,2774,102,1246,48,16,65,520,846,10.6,0,36.1,1011.3,34,19
2026-03-23,평일,797,446,5,114,12,8,52,107,53,11.8,0,35.5,1011.4,38,17
2026-03-24,평일,600,311,10,87,9,5,85,57,36,13.4,0,44.5,1009.5,51,29
2026-03-25,평일,507,306,5,52,18,3,14,69,40,13.3,0,50,1006.3,45,23
2026-03-26,평일,607,279,12,138,17,6,46,72,37,13.1,0,50.8,1007.4,52,27
2026-03-27,평일,918,467,9,253,28,3,13,103,42,13.3,0,47.3,1006.1,62,32
2026-03-28,토요일,7953,4028,161,2099,90,27,86,739,723,13.2,0,50.9,1007.6,51,29
2026-03-29,일요일,6587,3318,136,1566,81,10,61,528,887,13.9,0,38.8,1008,32,17
2026-03-30,평일,605,335,7,129,5,0,11,79,39,12.9,11.3,61.4,1004.8,35,14
2026-03-31,평일,342,178,2,49,10,5,6,46,46,14,17.2,72.3,1002,21,6
2026-04-01,평일,669,349,9,202,7,2,13,60,27,13.3,0,61.5,1005.2,27,14
2026-04-02,평일,829,477,5,130,28,6,31,105,47,11.6,0,54.4,1007.8,39,22
2026-04-03,평일,1293,597,265,232,27,6,21,91,54,14.6,0,57.4,1005.4,54,35
2026-04-04,토요일,2782,1357,42,730,31,9,71,177,365,11.5,33.8,86.3,994.8,19,9
2026-04-05,일요일,6799,3445,140,1448,106,31,89,460,1080,11.6,0,54.3,1001.2,32,16
2026-04-06,평일,517,242,4,178,12,2,21,44,14,10,7.3,77.1,1002.8,27,12
2026-04-07,평일,687,338,6,160,20,3,50,69,41,8.2,0,37,1009,21,3
2026-04-08,평일,0,0,0,0,0,0,0,0,0,10.3,0,39.4,1010.7,22,6
2026-04-09,평일,0,0,0,0,0,0,0,0,0,10.9,14.5,76.5,997.6,24,11
2026-04-10,평일,0,0,0,0,0,0,0,0,0,10.6,4.1,90.6,996.2,23,11
2026-04-11,토요일,0,0,0,0,0,0,0,0,0,13.5,0,73.3,1004.7,39,29
2026-04-12,일요일,0,0,0,0,0,0,0,0,0,15.8,0,53.4,1007.3,46,26
2026-04-13,평일,0,0,0,0,0,0,0,0,0,19,0,38.1,1006.9,30,11
2026-04-14,평일,0,0,0,0,0,0,0,0,0,18.5,0,39.6,1004.7,34,11
2026-04-15,평일,0,0,0,0,0,0,0,0,0,19,0,43.9,1004.4,35,13
2026-04-16,평일,0,0,0,0,0,0,0,0,0,19.9,0,32.4,1009.2,28,7
2026-04-17,평일,0,0,0,0,0,0,0,0,0,15,1.4,56.9,1007.7,26,8
2026-04-18,토요일,0,0,0,0,0,0,0,0,0,18,0,59.3,1006.7,34,11
2026-04-19,일요일,0,0,0,0,0,0,0,0,0,20,0,54.3,1004.8,35,10
2026-04-20,평일,0,0,0,0,0,0,0,0,0,13.3,0.2,66.4,1005.1,56,16
2026-04-21,평일,0,0,0,0,0,0,0,0,0,13.3,0,40,1010.5,105,10
2026-04-22,평일,0,0,0,0,0,0,0,0,0,14.4,0,40.4,1006.4,55,7
2026-04-23,평일,0,0,0,0,0,0,0,0,0,16.4,0,37.5,1002.6,52,9
2026-04-24,평일,0,0,0,0,0,0,0,0,0,16.7,0,29,1008.1,28,5
2026-04-25,토요일,0,0,0,0,0,0,0,0,0,17.7,0,36.3,1010.2,40,8
2026-04-26,일요일,0,0,0,0,0,0,0,0,0,17.3,0,36.1,1005.1,36,8
2026-04-27,평일,0,0,0,0,0,0,0,0,0,17.4,0,35.1,1004,40,9
2026-04-28,평일,0,0,0,0,0,0,0,0,0,14.7,0,51,1006.4,41,12
2026-04-29,평일,0,0,0,0,0,0,0,0,0,14.2,0,53,1010.4,34,11
2026-04-30,평일,0,0,0,0,0,0,0,0,0,16.2,0,42.9,1006.1,36,12
2026-05-01,평일,0,0,0,0,0,0,0,0,0,16.7,0,42.5,1002.4,41,11
2026-05-02,토요일,0,0,0,0,0,0,0,0,0,17.8,0,55.6,1003.4,51,23
2026-05-03,일요일,0,0,0,0,0,0,0,0,0,12.8,17.2,92.3,995.5,32,12
2026-05-04,평일,0,0,0,0,0,0,0,0,0,14.2,0,52,1005.4,32,6
2026-05-05,휴일,0,0,0,0,0,0,0,0,0,14.9,0,49.1,1009.9,31,6
2026-05-06,평일,0,0,0,0,0,0,0,0,0,17.2,0,52.4,1008.1,29,6
2026-05-07,평일,0,0,0,0,0,0,0,0,0,16.6,0.1,64.4,1004.3,31,8
2026-05-08,평일,0,0,0,0,0,0,0,0,0,15.7,0,44.1,1007.2,33,7
2026-05-09,토요일,0,0,0,0,0,0,0,0,0,16.1,0,47.5,1011.2,29,6
2026-05-10,일요일,0,0,0,0,0,0,0,0,0,18.1,0,48.9,1009.3,29,7
2026-05-11,평일,0,0,0,0,0,0,0,0,0,18.8,0.1,65.8,1006.5,27,6
2026-05-12,평일,0,0,0,0,0,0,0,0,0,17.2,23,90.4,1001.6,23,3
2026-05-13,평일,0,0,0,0,0,0,0,0,0,20,0,67.8,1001.8,37,13
2026-05-14,평일,0,0,0,0,0,0,0,0,0,23.1,0,55.1,1006.8,39,16
2026-05-15,평일,0,0,0,0,0,0,0,0,0,23.2,0,50.5,1012.7,32,12
2026-05-16,토요일,0,0,0,0,0,0,0,0,0,22.8,0,52.8,1013.3,38,15
2026-05-17,일요일,0,0,0,0,0,0,0,0,0,22.7,0,51.9,1011.2,35,14
2026-05-18,평일,0,0,0,0,0,0,0,0,0,23.2,0,50.4,1008.4,38,17
2026-05-19,평일,0,0,0,0,0,0,0,0,0,22.2,0,50.5,1005.6,39,18
2026-05-20,평일,0,0,0,0,0,0,0,0,0,16.4,74,90.9,1000.9,23,7
2026-05-21,평일,0,0,0,0,0,0,0,0,0,17.5,3.1,93,998.1,17,3
2026-05-22,평일,0,0,0,0,0,0,0,0,0,20.9,0,64.6,1003.7,22,6
2026-05-23,토요일,0,0,0,0,0,0,0,0,0,19.4,0,61.9,1004.2,26,9
2026-05-24,일요일,0,0,0,0,0,0,0,0,0,21.6,0,66.3,1005.4,24,9
2026-05-25,평일,0,0,0,0,0,0,0,0,0,24.6,0,67,1002.6,31,12
2026-05-26,평일,0,0,0,0,0,0,0,0,0,24.7,0.3,71.4,998.7,31,12
2026-05-27,평일,0,0,0,0,0,0,0,0,0,22.3,16.8,83.3,996.5,20,5
2026-05-28,평일,0,0,0,0,0,0,0,0,0,21.1,4.9,90.1,996.8,21,5
2026-05-29,평일,0,0,0,0,0,0,0,0,0,21.3,0,65.6,1001.4,45,19
2026-05-30,토요일,0,0,0,0,0,0,0,0,0,22.4,0,59.3,1003.2,30,12
2026-05-31,일요일,0,0,0,0,0,0,0,0,0,24,0,52.9,1005.6,28,10
2026-06-01,평일,0,0,0,0,0,0,0,0,0,24,0,55.4,1005.8,33,14
2026-06-02,평일,0,0,0,0,0,0,0,0,0,23.6,0,67.4,999,31,14
2026-06-03,평일,0,0,0,0,0,0,0,0,0,25.2,0,68.4,996.1,32,15
2026-06-04,평일,2,0,0,0,0,0,0,0,2,24.4,5.4,71.4,994.6,35,15
2026-06-05,평일,1207,413,182,257,46,21,58,99,131,21.3,0,55.8,1000.2,16,5
2026-06-06,휴일,5592,2654,136,1176,139,33,153,429,872,22.4,0,50,1004.6,17,6
2026-06-07,일요일,4951,2366,89,978,99,40,107,353,919,23.3,0,57.3,1000.7,18,6
2026-06-08,평일,1119,556,25,250,56,17,31,117,67,20.6,0,66.8,999.7,27,12
2026-06-09,평일,879,340,165,182,27,4,37,64,60,21.8,0,60,1000.4,27,12
2026-06-10,평일,858,418,120,95,20,8,18,102,77,21.8,0,52.3,1001.7,21,7
2026-06-11,평일,758,382,8,182,29,13,16,93,35,21.2,0,63.1,1003.9,15,5
2026-06-12,평일,928,509,7,152,17,7,42,105,89,22,0,60.4,1005.7,18,8
2026-06-13,토요일,7700,3738,138,1774,140,25,160,617,1108,24.2,0,50.5,1003.9,40,8
2026-06-14,일요일,4524,2203,89,916,103,10,61,249,893,22.9,3.1,71.9,1003.3,18,9
2026-06-15,평일,856,495,24,174,20,2,8,86,47,24.8,0,57.3,1005.1,18,10
2026-06-16,평일,940,691,0,154,8,6,5,34,42,26.8,0,53,1005.4,19,10
2026-06-17,평일,692,366,29,175,17,2,18,48,37,25,17.8,72,1003,26,7
2026-06-18,평일,524,299,7,64,9,6,30,62,47,25.7,0.9,76.4,1001,15,6
2026-06-19,평일,693,406,10,146,14,8,25,49,35,25.8,10.3,76.4,998.9,23,11
2026-06-20,토요일,1391,685,14,281,16,2,22,85,286,22.1,61.2,92.4,992,8,2
2026-06-21,일요일,7113,3582,104,1413,101,14,83,473,1343,23.1,0.7,75.8,1001,10,3
2026-06-22,평일,783,477,3,133,18,6,12,83,51,22.5,1.2,81.3,1001.6,17,7
2026-06-23,평일,798,469,5,113,26,14,22,88,61,22.3,0,67.9,1002.6,13,5
2026-06-24,평일,909,508,27,116,20,11,29,127,71,22.2,0,63,1000.5,6,1
2026-06-25,평일,540,306,26,81,22,10,5,56,34,22.9,0.3,69.6,997.4,12,3
2026-06-26,평일,1024,610,26,170,17,7,17,110,67,23.8,0,64.5,997.8,16,8
2026-06-27,토요일,7560,4019,104,1995,80,28,87,377,870,25.4,0,62.1,997.5,20,10
2026-06-28,일요일,4372,2391,70,866,57,10,49,321,608,25.8,0.3,64.6,1001.3,20,11
2026-06-29,평일,798,441,6,152,14,0,27,105,53,26.5,0,68.8,1003.9,20,10
2026-06-30,평일,518,290,13,104,15,17,8,43,28,26,8.5,68.3,1003.5,-,-
