content,sdate,edate,place
충남대평생교육원 임학빈 사진교실,2023-01-06,2023-01-09,116
대전도시철도와 함께하는 중구 문화공연 안내,2023-01-06,2023-02-26,105
제8회 연안관리 홍보 콘텐츠 수상작 전시,2023-01-09,2023-01-18,111
장애아동 교육권 보장 캠페인 및 작품전시회,2023-01-30,2023-02-03,111
시니어 패션쇼,2023-02-06,2023-02-06,111
임동환wave의 모락모락버스킹,2023-02-25,2023-02-25,116
중구 연극 공연 안내,2023-02-27,2023-03-12,105
학교폭력 예방 포스터 전시,2023-03-02,2023-03-31,111
금강사랑 그림그리기대회 수상작 전시회,2023-03-06,2023-03-17,116
대전도시철도와 함께하는 중구 문화공연 안내,2023-03-14,2023-03-17,105
대전도시철도와 함께하는 중구 문화공연 안내,2023-03-18,2023-05-07,105
찾아가는 홍보 캠페인 ,2023-03-27,2023-03-31,101
제3회 봄 시화전,2023-04-01,2023-04-15,104
2023 한마음 치매극복 걷기행사 홍보부스,2023-04-04,2023-04-04,111
캠페인,2023-04-12,2023-04-26,116
시낭송연습,2023-04-16,2023-04-16,107
보이스피싱 피해예방 가두캠페인,2023-04-18,2023-04-18,111
출근길 보이스피싱 예방 캠페인 ,2023-04-18,2023-04-18,105
출근길 보이스피싱 예방 캠페인 ,2023-04-18,2023-04-18,112
출근길 보이스피싱 예방 캠페인 ,2023-04-18,2023-04-18,104
출근길 보이스피싱 예방 캠페인 ,2023-04-18,2023-04-18,122
테스트,2023-05-20,2023-05-21,122
시낭송공연,2023-05-21,2023-05-21,107
"활동 그림전 「자원봉사, 대전의 온기」",2023-05-22,2023-05-24,121
2023 농아인의 날 주간행사,2023-05-31,2023-05-31,104
대전도시철도와 함께하는 중구 문화공연 안내,2023-06-01,2023-07-16,105
구강보건의 날 기념 홍보 포스터 공모 작품 전시회,2023-06-05,2023-06-12,111
aaa,2023-06-05,2023-06-07,101
복지사각지대발굴을 위한 홍보활동캠페인,2023-06-08,2023-06-08,110
대전아트청소년오케스트라 작은음악회,2023-06-10,2023-06-10,111
유노오케스트라 공연 ,2023-06-11,2023-06-11,120
우송정보대학교  k-뷰티학과 졸업 작품 전시회,2023-06-12,2023-06-20,104
유니세프 홍보 캠페인,2023-06-27,2023-06-29,116
백제문화제재단 사진전,2023-07-03,2023-07-10,104
밀알복지재단 장애인식개선 캠페인,2023-07-10,2023-07-13,111
백제문화제재단 사진전,2023-07-10,2023-07-17,105
2023년 유성구중독관리통합지원센터 지하철 캠페인,2023-07-10,2023-07-10,122
2023년 유성구중독관리통합지원센터 지하철 캠페인,2023-07-11,2023-07-11,121
2023년 유성구중독관리통합지원센터 지하철 캠페인,2023-07-12,2023-07-12,120
아동학대 예방 캠페인,2023-07-13,2023-07-13,112
2023년 유성구중독관리통합지원센터 지하철 캠페인,2023-07-13,2023-07-13,119
아동학대 예방 캠페인,2023-07-13,2023-07-13,105
2023년 유성구중독관리통합지원센터 지하철 캠페인,2023-07-13,2023-07-13,118
아동학대 예방 캠페인,2023-07-13,2023-07-13,105
2023년 유성구중독관리통합지원센터 지하철 캠페인,2023-07-14,2023-07-14,117
2023년 유성구중독관리통합지원센터 지하철 캠페인,2023-07-17,2023-07-17,116
백제문화제재단 사진전,2023-07-17,2023-07-24,107
밀알복지재단 장애인식개선 캠페인,2023-07-18,2023-07-21,116
제 10회 대전장애인 백일장 및 사생대회 작품 전시회,2023-07-18,2023-07-24,111
법무부 저스티스 서포터스 마약예방 캠페인,2023-07-23,2023-07-23,105
밀알복지재단 장애인식개선 캠페인,2023-07-24,2023-07-28,122
밀알복지재단 장애인식개선 캠페인,2023-07-31,2023-08-04,104
캘리 및 그림 전시회,2023-08-01,2023-08-05,116
사전연명의료의향서 홍보,2023-08-03,2023-08-03,111
밀알복지재단 장애인식개선 캠페인,2023-08-07,2023-08-11,112
안녕? 다름! 안녕? 닮음!,2023-08-07,2023-08-09,111
밀알복지재단 장애인식개선 캠페인,2023-08-14,2023-08-18,107
2023년 을지연습 안보 사진전,2023-08-14,2023-08-18,112
2023년 자살예방의 날 기념행사 홍보,2023-08-18,2023-08-31,104
2023년 자살예방의 날 기념행사 홍보,2023-08-18,2023-08-31,109
2023년 자살예방의 날 기념행사 홍보,2023-08-18,2023-08-31,114
2023년 자살예방의 날 기념행사 홍보,2023-08-18,2023-08-31,113
2023년 자살예방의 날 기념행사 홍보,2023-08-18,2023-08-31,110
샤인&포토 사진전시,2023-08-21,2023-08-29,104
밀알복지재단 장애인식개선 캠페인,2023-08-21,2023-08-25,109
제20회 에너지의 날 행사,2023-08-22,2023-08-22,111
마약 예방 캠페인,2023-08-24,2023-08-24,107
메디체크와 함께하는 건강캠페인,2023-08-24,2023-08-24,109
소비자에게 찾아가는 정보전시회,2023-08-25,2023-09-01,111
밀알복지재단 장애인식개선 캠페인,2023-08-28,2023-09-01,105
백제문화제재단 사진전,2023-08-28,2023-09-04,118
대전도시철도와 함께하는 중구 문화공연 안내,2023-08-29,2023-10-15,105
안전문화캠페인,2023-08-30,2023-08-30,116
찾아가는 건강보험 재난적의료비지원 상담실,2023-08-30,2023-08-30,116
의림지 작품전시회,2023-09-01,2023-09-03,104
의림지 작품전시회,2023-09-01,2023-09-27,104
제4회 푸른하늘의 날 행사,2023-09-02,2023-09-07,111
의림지 작품전시회,2023-09-04,2023-09-22,104
백제문화제재단 사진전,2023-09-04,2023-09-11,106
심뇌혈관질환예방을 위한 레드서클 캠페인,2023-09-04,2023-09-08,120
2023 자살예방의날캠페인,2023-09-06,2023-09-06,104
2023 자살예방의 날 캠페인,2023-09-07,2023-09-07,103
2023 자살예방의 날 캠페인,2023-09-08,2023-09-08,101
2023 들썩들썩 인 대전,2023-09-09,2023-09-09,111
백제문화제재단 사진전,2023-09-11,2023-09-18,113
보건복지부 사전연명의료의향서 등록제도 안내,2023-09-11,2023-09-12,109
그날의 백제역사유적지구,2023-09-13,2023-09-27,106
2023년 찾아가는 일자리 이동상담소,2023-09-13,2023-09-13,116
대전문화재단 시화순회전시,2023-09-14,2023-09-27,106
보건복지부 사전연명의료의향서 등록제도 안내,2023-09-14,2023-09-14,109
백제문화제재단 사진전,2023-09-18,2023-09-25,115
테스트,2023-09-19,2023-09-20,122
테스트,2023-09-21,2023-09-22,122
가을 시화전,2023-09-24,2023-10-07,104
백제문화제재단 사진전,2023-09-25,2023-10-02,119
테스트,2023-09-25,2023-09-26,122
기상청 달콤기후 공모전 수상작 전시회,2023-10-02,2023-10-12,111
백제문화제재단 사진전,2023-10-02,2023-10-09,120
대전문화재단 시화순회전시,2023-10-04,2023-10-13,107
2023년 임산부의 날 캠페인,2023-10-06,2023-10-06,116
아동학대예방캠페인,2023-10-06,2023-10-06,103
교통문화운동 온라인 그림그리기 대회 수상작 전시,2023-10-11,2023-10-17,107
대전문화재단 시화순회전시,2023-10-13,2023-10-27,111
장애인식개선 캠페인,2023-10-13,2023-10-30,112
바이올린 1인 버스킹 공연,2023-10-14,2023-10-14,122
포특사,2023-10-16,2023-10-20,111
2023년 대장암 검진 수검독려 캠페인,2023-10-16,2023-10-16,116
손위생 캠페인,2023-10-17,2023-10-17,107
2023년 교통문화운동 온라인 그림대회 수상작품 전시,2023-10-18,2023-10-24,111
2023년 찾아가는 일자리 이동상담소,2023-10-18,2023-10-18,116
2023년 찾아가는 일자리 이동상담소,2023-10-18,2023-10-18,116
청년장애인웹툰아카데미 작품 전시회,2023-10-23,2023-10-27,121
사전연명의료 관련 교육 봉사활동,2023-10-25,2023-10-25,109
대전문화재단 시화순회전시,2023-10-27,2023-11-10,116
2023년 지역아동 특기적성 성장발표회,2023-11-01,2023-11-08,111
월간사진회 사진 전시회,2023-11-01,2023-11-06,104
한밭사우회 사진전,2023-11-07,2023-11-14,104
(굿모닝충청) 교통안전 관련 사진 전시,2023-11-10,2023-11-17,107
소비자 정보 전시회,2023-11-11,2023-11-18,111
소방안전문화 캠페인,2023-11-13,2023-11-17,120
제24회 대전장애인문화예술 및 자활실천대회,2023-11-15,2023-11-17,104
2023년 찾아가는 일자리 이동상담소,2023-11-15,2023-11-15,116
문예마을 시화전,2023-11-18,2023-12-09,104
예담프로젝트 전시회,2023-11-21,2023-11-27,116
불조심 강조의달 화재예방 캠페인,2023-11-21,2023-11-24,113
불조심 강조의 달 맞이 화재예방 전시회,2023-11-21,2023-11-24,113
권익옹호 캠페인,2023-11-21,2023-11-21,116
대전도시철도와 함께하는 중구 문화공연 안내,2023-11-22,2024-01-07,105
크리스마스트리 설치,2023-11-24,2024-01-07,120
장애인식개선사업 캠페인,2023-11-27,2023-12-01,107
2023년 여성폭력추방주간 합동캠페인,2023-11-28,2023-11-28,114
성탄트리장식,2023-11-28,2024-01-04,117
성탄트리장식,2023-11-28,2024-01-04,118
2023년 여성폭력추방주간 합동캠페인,2023-11-28,2023-11-28,116
2023년 여성폭력추방주간 합동캠페인,2023-11-28,2023-11-28,107
성탄트리장식,2023-11-28,2024-01-04,117
성탄트리장식,2023-11-28,2024-01-04,118
2023년 여성폭력추방주간 합동캠페인,2023-11-28,2023-11-28,104
트리설치,2023-11-28,2024-01-09,111
구세군 불우 이웃돕기 자선냄비 설치,2023-12-01,2023-12-24,111
2023년 여성폭력추방주간 캠페인,2023-12-01,2023-12-01,101
성탄절 크리마스 트리 설치,2023-12-02,2024-01-07,114
트리설치,2023-12-03,2024-01-09,122
트리설치,2023-12-03,2024-01-09,121
크리스마스트리 설치,2023-12-03,2024-01-06,101
희망2024나눔캠페인 소형온도탑,2023-12-07,2024-01-31,107
나愛서화,2023-12-10,2023-12-18,104
크리스마스행사,2023-12-11,2024-01-09,107
노은역 크리스마스 버스킹,2023-12-12,2023-12-12,120
빈대 방제 및 확산 예방캠페인,2023-12-13,2023-12-13,107
교통안전 캠페인,2023-12-14,2023-12-14,111
치매인식개선 캠페인 창작시화 전시회,2023-12-15,2023-12-15,116
청소년마약류예방포스터&amp;웹툰수상작전시회,2023-12-15,2024-01-12,103
버스킹,2023-12-16,2023-12-16,120
색소폰연주,2023-12-17,2023-12-17,111
노은2동 복지사각지대발굴 홍보 캠페인,2023-12-18,2023-12-18,121
목원대-배재대 건축학과 연합전시회,2023-12-19,2023-12-26,104
제9회 연안관리 홍보 콘텐츠 수상작 전시회,2023-12-22,2023-01-03,122
유니세프 홍보 캠페인,2023-12-27,2023-12-28,116
미코이스라엘 작품전,2023-12-27,2024-02-21,104
미코이스라엘 작품전,2023-12-27,2024-01-14,104
학교폭력 예방 포스터 전시,2024-01-11,2024-01-31,111
김영배 개인 사진전,2024-01-15,2024-01-20,104
안전문화캠페인,2024-01-16,2024-01-16,116
국제구호기구 옥스팜 인식개선 행사,2024-01-18,2024-01-25,111
민관경 합동 지역사회 마약류 범죄예방캠페인,2024-01-18,2024-01-18,104
미코이스라엘 작품전,2024-01-21,2024-02-21,104
발달장애인 작품전시회,2024-01-22,2024-01-26,116
세이브더칠드런 인식개선 행사,2024-01-25,2024-01-31,105
대전북부아동보호전문기관 2024년 달력 무료 배포,2024-01-30,2024-02-06,121
세이브더칠드런 인식개선 행사,2024-02-01,2024-02-08,104
대전관광사진 전국공모전 수상작품 전시,2024-02-01,2024-02-29,111
버스킹,2024-02-03,2024-02-03,120
도로명 주소 홍보 캠페인,2024-02-08,2024-02-08,105
세이브더칠드런 인식개선 행사,2024-02-19,2024-02-26,116
발달장애인 작품전시회(2회차),2024-02-26,2024-02-29,116
3.8 대전민주의거 사진전,2024-02-26,2024-03-04,106
사전연명의료의향서 등록제도 홍보 및 상담,2024-03-01,2024-10-31,116
제5회 전국 작가 초대 봄 시화전,2024-03-03,2024-03-17,104
3.8.대전민주의거 사진전시,2024-03-04,2024-03-11,111
금강사람 그림 전시회,2024-03-08,2024-03-22,111
세계 여성의 날 기념 주관 캠페인,2024-03-08,2024-03-08,101
"자원봉사, 대전의 온기를 품다 ",2024-03-18,2024-04-01,107
2024 함께하는 선거문화,2024-03-18,2024-03-26,104
2024 함께하는 선거문화,2024-03-26,2024-03-31,111
2024 함께하는 선거문화,2024-04-01,2024-04-08,122
장애인식개선 캠페인,2024-04-01,2024-04-05,104
산불방지 사진전,2024-04-04,2024-04-05,111
자원봉사활동 그림전,2024-04-08,2024-04-22,111
개인사진 전시회,2024-04-10,2024-04-15,104
버스킹,2024-04-13,2024-04-13,120
2024 찾아가는 일자리발굴단 이동상담,2024-04-16,2024-09-10,116
선진문학작가협회 시화전,2024-04-16,2024-04-30,104
"자전거의 날 맞이, 타슈 홍보 전시",2024-04-17,2024-04-24,111
자원봉사활동 그림전,2024-04-22,2024-05-03,101
"디지털성범죄, 성폭력, 가정폭력 등 예방캠페인",2024-04-24,2024-04-24,105
버스킹,2024-04-27,2024-04-27,120
자원봉사활동 그림전,2024-05-03,2024-05-17,104
대전통기타울림과 함께하는 음악공감,2024-05-04,2024-05-11,111
대전광역시 청소년동아리 댄스 페스티벌,2024-05-11,2024-05-11,107
자원봉사활동 그림전,2024-05-17,2024-05-31,116
명장의 전당 공사,2024-05-18,2024-06-14,104
인권사진 및 웹툰 전시,2024-05-23,2024-05-26,111
버스킹,2024-05-25,2024-06-01,120
지역사회통합돌봄 홍보 캠페인,2024-05-30,2024-05-30,110
버스킹,2024-06-01,2024-06-01,120
"2024년 초,중 구강보건 포스터 공모전 전시회",2024-06-03,2024-06-17,111
국민건강보험공단 건강부스 행사,2024-06-04,2024-06-04,116
국민건강보험공단 건강부스 행사,2024-06-13,2024-06-13,116
구강보건의 날 합동 캠페인,2024-06-13,2024-06-13,111
대전역 명장의 전당 공사,2024-06-15,2024-06-30,104
자원봉사활동 그림전,2024-06-20,2024-07-04,109
버스킹,2024-06-22,2024-06-29,120
시민들을 위한 클래식 음악회 ,2024-06-24,2024-06-24,104
2024년 약물안전캠페인 홍보부스 운영,2024-06-25,2024-06-25,107
버스킹,2024-06-29,2024-06-29,120
정원유치원송아트전시회,2024-07-01,2024-07-29,120
(자원봉사센터) 자봉자봉 버스킹 대회,2024-07-04,2024-07-04,107
자원봉사활동 그림전,2024-07-04,2024-07-18,105
소비자정보전시회,2024-07-06,2024-07-06,107
제11회 대전장애인 백일장 수상작 전시회,2024-07-08,2024-07-12,111
장애인식개선 사진전,2024-07-15,2024-07-21,111
자원봉사활동 그림전,2024-07-18,2024-08-01,112
버스킹,2024-07-20,2024-07-20,120
장애인식개선 캠페인,2024-07-22,2024-07-26,111
(자원봉사센터) 자봉자봉 버스킹 대회,2024-07-25,2024-07-25,107
간염 예방 캠페인,2024-07-26,2024-07-26,107
버스킹,2024-07-27,2024-07-27,120
대전옛사진전,2024-08-01,2024-08-21,104
(자원봉사센터) 자봉자봉 버스킹 대회,2024-08-07,2024-08-07,107
2024년 을지연습 계기 안보사진전,2024-08-12,2024-08-16,112
정원유치원송아트전시회,2024-08-12,2024-09-02,120
(긴급) 0시축제 재즈공연,2024-08-13,2024-08-13,106
소비자정보전시회,2024-08-24,2024-08-30,104
자원봉사활동 그림전,2024-08-29,2024-09-12,113
제1회 대한민국 인구페스티벌,2024-09-02,2024-09-06,104
(ESG경영팀) 갤러리 수선,2024-09-07,2024-10-01,104
전통시장 대학생 사진공모전 수상작 전시,2024-09-09,2024-09-11,116
판암역 일대 아웃리치 홍보 캠페인 ,2024-09-10,2024-09-10,101
유성구종합사회복지관 지역사회 욕구조사,2024-09-12,2024-09-12,116
유성구종합사회복지관 지역사회 욕구조사,2024-09-19,2024-09-19,116
세계 자살예방의 날 기념 캠페인,2024-09-20,2024-09-20,101
2024년 치매극복 주간행사,2024-09-23,2024-09-27,122
전통시장 대학생 사진공모전 수상작 전시,2024-09-23,2024-09-30,106
제4회 장애인 사진전시회,2024-09-23,2024-09-27,101
세계 자살예방의 날 기념 캠페인,2024-09-24,2024-09-24,103
자원봉사활동 그림전,2024-09-25,2024-10-07,114
세계 자살예방의 날 기념 캠페인,2024-09-25,2024-09-25,102
대장암 검진 수검독려 캠페인,2024-10-02,2024-10-02,116
월간사진회 작품 전시회,2024-10-02,2024-10-08,104
대전통기타 이야기 버스킹,2024-10-05,2024-10-05,111
역사 내 칭찬감사캠페인,2024-10-07,2024-10-07,112
역사 내 칭찬감사캠페인,2024-10-07,2024-10-07,111
자원봉사활동 그림전,2024-10-07,2024-10-21,108
(식품의약품안전처) 소비기한제도 안내 캠페인,2024-10-08,2024-10-08,111
역사 내 칭찬감사캠페인,2024-10-14,2024-10-14,114
역사 내 칭찬감사캠페인,2024-10-14,2024-10-14,113
한밭사우회 사진전,2024-10-15,2024-10-22,104
판암역 일대 아웃리치 홍보 캠페인 ,2024-10-16,2024-10-16,101
(녹색나무 주관) 압록강 뗏목꾼의 노래 전시전,2024-10-17,2024-10-19,121
역사 내 칭찬감사캠페인,2024-10-21,2024-10-21,116
역사 내 칭찬감사캠페인,2024-10-21,2024-10-21,117
자원봉사활동 그림전,2024-10-21,2024-11-04,110
역사 내 칭찬감사캠페인,2024-10-28,2024-10-28,122
시화전,2024-10-28,2024-11-09,104
역사 내 칭찬감사캠페인,2024-10-28,2024-10-28,120
초록펜 특기적성 전시회,2024-10-29,2024-11-06,111
소비자정보전시회,2024-11-02,2024-11-08,116
장애인식개선 캠페인,2024-11-04,2024-11-08,116
자원봉사활동 그림전 ,2024-11-04,2024-11-18,122
「2024년 온라인 그림그리기 대회」수상작 순회전시  ,2024-11-08,2024-11-14,107
정신질환 인식개선 캠페인,2024-11-11,2024-11-15,104
불조심 강조의 달 맞이 화재예방 전시회,2024-11-12,2024-11-15,116
「2024년 온라인 그림그리기 대회」수상작 순회전시 ,2024-11-15,2024-11-21,111
전국댄스페스티벌(ESG경영팀),2024-11-16,2024-11-16,107
장애인식개선 사진전,2024-11-18,2024-11-29,116
나愛수묵화,2024-11-18,2024-11-27,104
에코천사봉사단 환경캠페인(재생화장지 나눔),2024-11-18,2024-11-19,101
화재 예방 캠페인 및 사진전시회,2024-11-20,2024-11-22,113
CPR체험센터 관련 조사,2024-11-22,2024-11-22,120
제2의 포특사 작품전,2024-11-25,2024-11-29,111
트리설치,2024-11-29,2025-01-09,111
노은역 트리설치,2024-12-01,2025-01-07,120
구세군 불우 이웃돕기 자선냄비 설치,2024-12-01,2024-12-24,111
"굿모닝충청, SAFE 대전 안전생활 그림공모전",2024-12-02,2024-12-16,107
이동노동자사진전,2024-12-02,2024-12-06,111
세빛사진 동호회,2024-12-02,2024-12-13,104
희망2025나눔캠페인 소형온도탑 전시,2024-12-02,2025-01-31,116
"굿모닝충청, SAFE 대전 안전생활 그림공모전",2024-12-02,2024-12-16,107
성탄트리장식,2024-12-05,2025-01-08,117
성탄트리장식,2024-12-05,2025-01-08,118
밀알복지재단 발달장애인 작품전시회,2024-12-09,2024-12-17,112
소방현장 활동사진 전시회,2024-12-10,2024-12-13,111
2024 시 확산 시민운동 순회전시,2024-12-13,2024-12-20,110
대전대 웹툰 애니매이션학과 작품전시,2024-12-16,2024-12-29,104
2024년 밀알복지관 평생교육 프로그램 성과발표회 ,2024-12-16,2024-12-20,103
"굿모닝충청, SAFE 대전 안전생활 그림공모전",2024-12-17,2024-12-23,107
밀알복지재단 발달장애인 작품전시회,2024-12-18,2024-12-27,105
2024 시 확산 시민운동 순회전시,2024-12-20,2024-12-27,120
치매인식개선 전시,2024-12-20,2024-12-20,111
시민과 함께하는 한밭대금,2024-12-21,2024-12-22,104
2024 시 확산 시민운동 순회전시,2024-12-27,2025-01-03,107
스마트폰으로 비친 자연풍경,2025-01-20,2025-01-26,104
스마트폰 사진전,2025-01-20,2025-01-26,104
한밭대금 공연,2025-01-25,2025-01-25,111
스마트폰 사진전,2025-01-27,2025-02-01,104
2024년 대전관광사진 전국공모전 수상작 전시회,2025-02-01,2025-02-15,111
중고등학생 미술작품 전시,2025-02-04,2025-03-04,120
대금 버스킹,2025-02-22,2025-02-22,118
시민과 함께하는 한밭대금,2025-02-22,2025-02-22,118
태극기달기캠페인,2025-02-27,2025-02-27,109
제6회 전국 작가 초대 봄 시화전,2025-03-01,2025-03-15,104
판암역 일대 아웃리치 홍보 캠페인 ,2025-03-06,2025-03-06,101
금강사랑 그림 전시회,2025-03-06,2025-03-21,111
장애인식개선 관련 전시회,2025-03-17,2025-03-28,108
시민과 함께하는 한밭대금,2025-03-22,2025-03-22,111
사진전,2025-03-24,2025-03-30,104
2025년 찾아가는 일자리발굴단 이동상담소 운영,2025-03-25,2025-03-25,116
사진전,2025-03-31,2025-04-03,104
산불방지 사진전,2025-04-04,2025-04-06,104
장애인식개선 캠페인,2025-04-11,2025-05-23,112
시민과 함께하는 한밭대금,2025-04-19,2025-04-19,111
극단 홍시 공연 전시,2025-04-21,2025-04-30,105
노무 상담,2025-04-22,2025-05-31,111
대전시민과 역 이용객을 위한 스프링 클래식 콘서트,2025-04-28,2025-04-28,104
대전시민과 역 이용객을 위한 스프링 클래식 콘서트,2025-04-28,2025-04-28,104
올바른 선거문화 확립 캠페인,2025-05-13,2025-05-13,104
시민과 함께하는 한밭대금,2025-05-17,2025-05-17,111
수정시낭송아카데미 시낭송,2025-05-18,2025-05-18,107
투표 참여 독려 캠페인(비정치성),2025-05-28,2025-05-28,107
지족역 둘러보기,2025-06-05,2025-06-05,121
테스트,2025-06-09,2025-06-16,111
테스트,2025-06-09,2025-06-17,120
제 80회 구강보건의 날 캠페인,2025-06-12,2025-06-12,111
장애인식개선 관련 전시회,2025-06-16,2025-06-27,105
[2025지속]장애인 웹툰아카데미 초급과정 전시,2025-06-19,2025-06-19,121
복지위기가구 발굴 캠페인,2025-06-19,2025-06-19,110
소비자에게 찾아가는 주제별 정보전시회,2025-06-21,2025-06-21,111
시민과 함께하는 한밭대금,2025-06-21,2025-06-21,111
시청역 상가 3호(중도장애인복귀지원센터) 개소식,2025-07-10,2025-07-10,111
장애인 성폭력 예방 캠페인,2025-07-10,2025-07-10,101
동구행복한어르신복지관 후원 홍보 캠페인,2025-07-11,2025-07-11,101
지족고등학교 전시회,2025-07-13,2025-07-15,121
중도장애인복귀지원센터 뮤지컬 공연,2025-07-16,2025-07-16,111
펜문학회 시화전,2025-07-19,2025-07-27,104
대전시민들과 함께하는 힐링음악회 ,2025-07-19,2025-07-19,104
시민과 함께하는 한밭대금,2025-07-19,2025-07-19,111
안전문화캠페인,2025-07-25,2025-07-25,116
제12회 대전장애인 백일장 및 사생대회 수상작 전시회,2025-08-04,2025-08-08,112
대전 0시축제,2025-08-08,2025-08-16,104
2025년 을지연습계기 안보사진전,2025-08-11,2025-08-14,112
2025 대전문학관 문학콘서트,2025-08-14,2025-08-14,108
정원유치원그림전시회,2025-08-18,2025-08-31,116
홍보캠페인,2025-08-19,2025-09-30,109
제22회 에너지의날 행사,2025-08-22,2025-08-22,111
시민과 함께하는 한밭대금,2025-08-23,2025-08-23,111
안전문화캠페인,2025-08-25,2025-08-25,120
광복,2025-08-29,2025-08-31,111
광복80주년 기념 대전충남 초중고 그림사진 공모전,2025-09-01,2025-09-07,111
정원유치원그림전시회,2025-09-01,2025-09-15,117
홍보캠페인,2025-09-01,2025-11-30,109
세계태양광총회 엠블럼 시민선호도조사,2025-09-01,2025-09-07,111
제 3회 정훈 시인 문학제,2025-09-01,2025-09-07,104
소비자에게 찾아가는 주제별 정보전시회,2025-09-06,2025-09-12,107
제2회 대한민국 인구 페스티벌 전시회,2025-09-08,2025-09-12,111
끌림문학동인시화전,2025-09-08,2025-09-15,104
자살예방의 날 홍보,2025-09-10,2025-09-10,108
자살예방의 날 홍보,2025-09-10,2025-09-10,105
자살예방의 날 홍보,2025-09-10,2025-09-10,106
자살예방의 날 홍보,2025-09-10,2025-09-10,107
아이들의 그림전시,2025-09-15,2025-09-29,120
장애인식개선 관련 전시회,2025-09-15,2025-09-26,112
정원유치원그림전시회,2025-09-15,2025-09-29,120
정원유치원그림전시회,2025-09-15,2025-09-29,120
시민과 함께하는 한밭대금,2025-09-20,2025-09-20,111
월간사진회 작품 전시회,2025-09-24,2025-09-30,104
국가암검진 홍보 캠페인,2025-09-25,2025-09-25,116
사제동행 독서문학기행 - 시화 작품 전시,2025-09-29,2025-10-17,111
국방부 특별 체험 전시,2025-10-04,2025-10-05,105
시민과 함께하는 한밭대금,2025-10-11,2025-10-11,111
10월「효의 달」칭찬·감사 캠페인 운영,2025-10-13,2025-10-13,111
2025 대전문학관 시확산 시민운동 순회전시,2025-10-13,2025-10-23,119
시민과 함께하는 한밭대금,2025-10-18,2025-10-18,111
색소폰연주,2025-10-19,2025-10-19,111
10월「효의 달」칭찬·감사 캠페인,2025-10-20,2025-10-20,116
한밭 사우회 사진전시회,2025-10-21,2025-10-28,104
예담프로젝트 전시회,2025-10-22,2025-10-29,111
10월「효의 달」칭찬·감사 캠페인,2025-10-27,2025-10-27,104
한밭사우회 사진전시회,2025-10-28,2025-11-04,106
안녕하세요 생명존중 캠페인,2025-10-31,2025-10-31,101
문예마을 시화전 ,2025-11-01,2025-11-15,104
2025년 불조심 강조의 달 사진 전시회,2025-11-03,2025-11-07,116
소비자에게 찾아가는 주제별 정보전시회,2025-11-08,2025-11-14,116
시민과 함께하는 한밭대금,2025-11-08,2025-11-08,111
이동노동사진 공모전 수상작 전시,2025-11-10,2025-11-14,111
겨울철 소방안전문화 홍보행사,2025-11-12,2025-11-19,105
시민들이 느끼는 이사동,2025-11-13,2025-11-15,106
2025 대전문학관 시확산 시민운동 순회전시,2025-11-14,2025-11-24,112
안녕. 인생이 고단할땐 고양이와 댕댕이 사진이지,2025-11-15,2025-11-23,116
대전 문예마을 가을 시화전,2025-11-15,2025-11-28,111
불조심 강조 관련 화재예방 캠페인,2025-11-19,2025-11-28,113
시민과 함께하는 한밭대금,2025-11-22,2025-11-22,111
25년도 연말연시 크리스마스 트리 설치,2025-11-22,2026-01-10,111
크리스마스트리,2025-11-22,2026-01-10,101
25년도 연말연시 크리스마스 트리 설치,2025-11-22,2026-01-10,112
리플렛 배치,2025-11-24,2025-12-31,111
제 3회 포특사 작품전,2025-11-24,2025-11-28,104
안녕하세요 11월 생명 존중 캠페인,2025-11-28,2025-11-28,101
새빛 사진전시회,2025-12-01,2025-12-12,104
새빛 사진전시회,2025-12-01,2025-12-12,106
성탄절 크리스마스 트리 설치,2025-12-02,2026-01-11,114
성탄트리장식,2025-12-02,2026-01-06,118
성탄트리장식,2025-12-02,2026-01-06,117
크리스마스 트리장식 설치,2025-12-07,2026-01-04,120
대전대 웹툰애니메이션 학과 졸업전시회,2025-12-10,2025-12-20,104
아동학대 예방 캠페인,2025-12-10,2025-12-10,111
2025 대전관광사진 전국공모전,2025-12-10,2025-12-24,111
대전대 웹툰애니메이션 학과 졸업작품 전시회,2025-12-11,2025-12-22,104
구세군 자선냄비,2025-12-11,2025-12-24,111
시민과 함께하는 한밭대금,2025-12-13,2025-12-13,111
치매인식개선 캠페인,2025-12-19,2025-12-19,116
시민과 함께하는 한밭대금,2025-12-20,2025-12-20,111
모두의보스 연말공연,2025-12-20,2025-12-20,111
색소폰연주,2025-12-22,2025-12-22,107
캠페인,2025-12-22,2025-12-22,103
2025 대전관광사진 전국공모전,2025-12-24,2026-01-07,116
인권공모전 작품 전시,2025-12-26,2025-12-28,111
인권공모전 작품 전시,2025-12-26,2025-12-28,111
인권공모전 작품 전시,2025-12-29,2025-12-30,111
2025 대전관광사진 전국공모전,2026-01-07,2026-01-21,107
시민과 함께하는 한밭대금,2026-01-10,2026-01-10,111
안전문화운동 추진 캠페인,2026-01-28,2026-01-28,116
시민과 함께하는 한밭대금,2026-02-07,2026-02-07,111
소비자피해예방 홍보 활동,2026-03-04,2026-11-25,116
(쌀 소비촉진) 백설기데이 홍보캠페인,2026-03-13,2026-03-13,104
시민과 함께하는 한밭대금,2026-03-14,2026-03-14,111
국가 추진사업 홍보 ,2026-03-16,2026-04-15,109
장애인식개선 거리캠페인,2026-03-16,2026-03-27,109
"정신건강 인식개선 캠페인 ‘정신건강, 유레카’",2026-03-18,2026-03-18,116
2026년 찾아가는 일자리발굴단 이동상담소,2026-03-31,2026-03-31,116
시민과 함께하는 한밭대금,2026-04-11,2026-04-11,111
2026년 찾아가는 일자리발굴단 이동상담소,2026-04-21,2026-04-21,122
"정신건강 인식개선 캠페인 ‘정신건강, 유레카’",2026-04-22,2026-04-22,120
산업재해노동자의 날 기념 캠페인,2026-04-28,2026-04-28,110
시민과 함께하는 한밭대금,2026-05-09,2026-05-09,111
장애작가 작품 전시회,2026-05-11,2026-05-22,111
5월「가정의 달」칭찬·감사 캠페인,2026-05-11,2026-05-11,111
호스피스전문기관 연합 통증캠페인,2026-05-15,2026-05-15,111
수정시낭송아카데미 시낭송 버스킹공연,2026-05-17,2026-05-17,111
5월「가정의 달」칭찬·감사 캠페인,2026-05-18,2026-05-18,104
2026년 찾아가는 일자리발굴단 이동상담소,2026-05-19,2026-05-19,116
의약품안전지킴이 오프라인 홍보 행사,2026-05-20,2026-05-20,104
사전연명의료의향서홍보,2026-05-22,2026-05-22,111
의약품안전지킴이 오프라인 홍보 행사,2026-06-05,2026-06-05,104
의약품안전지킴이 오프라인 홍보 행사,2026-06-05,2026-06-05,104
2026년 구강보건의 날 합동캠페인,2026-06-11,2026-06-11,111
시민과 함께하는 한밭대금,2026-06-13,2026-06-13,111
버스킹,2026-06-13,2026-06-13,111
장애인식개선 거리캠페인,2026-06-15,2026-06-26,103
치매인식개선 캠페인,2026-06-15,2026-06-15,104
기타 연주 버스킹,2026-06-20,2026-06-27,111
디지털성범죄 예방 및 근절캠페인,2026-06-23,2026-06-23,111
정신건강 인식개선 캠페인,2026-06-24,2026-06-24,122
색소폰연주,2026-06-29,2026-06-29,111
버스킹,2026-07-04,2026-07-25,111
시민과 함께하는 한밭대금,2026-07-11,2026-07-11,111
동구행복한어르신복지관 홍보데이,2026-07-14,2026-07-14,101
복지사각지대 발굴 캠페인,2026-07-15,2026-07-15,110
들썩들썩인대전,2026-07-18,2026-08-29,104
들썩들썩 인 대전,2026-07-18,2026-07-18,109
들썩들썩 인 대전 ,2026-07-22,2026-07-22,111
들썩들썩 인 대전,2026-07-25,2026-08-29,109
대전 소재 대학교 문학 동아리 연합 시화전,2026-07-25,2026-07-28,111
탄소중립 및 교통안전 캠페인,2026-07-27,2026-07-27,103
고독사 예방 캠페인 ,2026-07-30,2026-07-30,101
힐링뮤직,2026-08-01,2026-08-29,111
중독예방 캠페인,2026-08-07,2026-08-07,122
시민과 함께하는 한밭대금,2026-08-08,2026-08-08,111
정원유치원그림전시회,2026-08-10,2026-08-24,120
제13회 대전장애인 백일장 및 사생대회 ,2026-08-10,2026-08-14,112
제13회 대전장애인백일장 및 사생대회,2026-08-10,2026-08-14,112
