date,holiday,mon,tue,wed,thur,fri,sat,sun,temperature,rain,humidity,visitors,holiday_type
2023-01-01,1,0,0,0,0,0,0,1,-0.8,0.0,54.1,1875,1
2023-01-02,0,1,0,0,0,0,0,0,-3.0,0.0,40.6,422,0
2023-01-03,0,0,1,0,0,0,0,0,-3.5,0.0,55.0,379,0
2023-01-04,0,0,0,1,0,0,0,0,-1.5,0.0,53.3,498,0
2023-01-05,0,0,0,0,1,0,0,0,-1.1,0.0,66.1,426,0
2023-01-06,0,0,0,0,0,1,0,0,1.1,1.0,72.4,533,0
2023-01-07,1,0,0,0,0,0,1,0,2.6,0.0,62.1,1705,1
2023-01-08,1,0,0,0,0,0,0,1,1.2,0.0,62.4,1917,1
2023-01-09,0,1,0,0,0,0,0,0,1.9,0.0,62.5,345,0
2023-01-10,0,0,1,0,0,0,0,0,1.2,0.0,55.8,488,0
2023-01-11,0,0,0,1,0,0,0,0,2.2,0.0,55.0,616,0
2023-01-12,0,0,0,0,1,0,0,0,5.1,0.0,52.6,870,0
2023-01-13,0,0,0,0,0,1,0,0,9.0,1.0,94.4,126,0
2023-01-14,1,0,0,0,0,0,1,0,7.3,1.0,93.0,443,1
2023-01-15,1,0,0,0,0,0,0,1,0.4,0.0,81.0,393,1
2023-01-16,0,1,0,0,0,0,0,0,-3.1,0.0,58.5,332,0
2023-01-17,0,0,1,0,0,0,0,0,-2.4,0.0,55.1,273,0
2023-01-18,0,0,0,1,0,0,0,0,-0.8,0.0,61.6,300,0
2023-01-19,0,0,0,0,1,0,0,0,0.6,0.0,56.3,387,0
2023-01-20,0,0,0,0,0,1,0,0,-1.0,0.0,43.1,290,0
2023-01-21,1,0,0,0,0,0,1,0,-3.3,0.0,51.0,910,1
2023-01-22,1,0,0,0,0,0,0,1,-0.5,0.0,58.1,1274,1
2023-01-23,1,1,0,0,0,0,0,0,0.6,0.0,61.5,3810,1
2023-01-24,1,0,1,0,0,0,0,0,-10.9,0.0,50.8,200,1
2023-01-25,0,0,0,1,0,0,0,0,-11.4,0.0,42.9,32,0
2023-01-26,0,0,0,0,1,0,0,0,-5.8,0.0,70.1,96,0
2023-01-27,0,0,0,0,0,1,0,0,-6.0,0.0,55.1,122,0
2023-01-28,1,0,0,0,0,0,1,0,-5.8,0.0,60.4,893,1
2023-01-29,1,0,0,0,0,0,0,1,-1.1,0.0,63.4,1372,1
2023-01-30,0,1,0,0,0,0,0,0,-0.4,0.0,42.8,497,0
2023-01-31,0,0,1,0,0,0,0,0,2.3,0.0,54.8,419,0
2023-02-01,0,0,0,1,0,0,0,0,3.1,0.0,53.9,474,0
2023-02-02,0,0,0,0,1,0,0,0,-1.5,0.0,42.8,348,0
2023-02-03,0,0,0,0,0,1,0,0,-0.8,0.0,41.4,540,0
2023-02-04,1,0,0,0,0,0,1,0,-0.6,0.0,53.8,3244,1
2023-02-05,1,0,0,0,0,0,0,1,0.7,0.0,57.6,3716,1
2023-02-06,0,1,0,0,0,0,0,0,2.1,0.0,52.8,646,0
2023-02-07,0,0,1,0,0,0,0,0,2.9,0.0,52.5,505,0
2023-02-08,0,0,0,1,0,0,0,0,1.8,0.0,53.4,610,0
2023-02-09,0,0,0,0,1,0,0,0,3.5,1.0,54.4,733,0
2023-02-10,0,0,0,0,0,1,0,0,2.9,1.0,83.1,542,0
2023-02-11,1,0,0,0,0,0,1,0,0.9,0.0,83.6,4168,1
2023-02-12,1,0,0,0,0,0,0,1,1.9,0.0,79.3,3595,1
2023-02-13,0,1,0,0,0,0,0,0,6.3,0.0,62.3,703,0
2023-02-14,0,0,1,0,0,0,0,0,2.4,0.0,53.0,833,0
2023-02-15,0,0,0,1,0,0,0,0,3.4,0.0,55.6,778,0
2023-02-16,0,0,0,0,1,0,0,0,2.7,0.0,63.6,811,0
2023-02-17,0,0,0,0,0,1,0,0,4.2,0.0,51.0,1370,0
2023-02-18,1,0,0,0,0,0,1,0,6.4,0.0,55.6,2946,1
2023-02-19,1,0,0,0,0,0,0,1,3.6,0.0,59.6,2828,1
2023-02-20,0,1,0,0,0,0,0,0,-0.1,0.0,43.4,897,0
2023-02-21,0,0,1,0,0,0,0,0,-1.1,0.0,35.6,595,0
2023-02-22,0,0,0,1,0,0,0,0,2.1,0.0,48.9,1089,0
2023-02-23,0,0,0,0,1,0,0,0,3.4,0.0,48.4,1913,0
2023-02-24,0,0,0,0,0,1,0,0,2.9,0.0,49.3,2736,0
2023-02-25,1,0,0,0,0,0,1,0,0.7,0.0,41.5,5844,1
2023-02-26,1,0,0,0,0,0,0,1,1.9,0.0,37.0,6554,1
2023-02-27,0,1,0,0,0,0,0,0,4.4,0.0,38.5,4312,0
2023-02-28,0,0,1,0,0,0,0,0,5.8,0.0,54.3,4655,0
2023-03-01,1,0,0,1,0,0,0,0,6.6,0.0,52.5,4924,1
2023-03-02,0,0,0,0,1,0,0,0,2.3,0.0,25.9,332,0
2023-03-03,0,0,0,0,0,1,0,0,4.2,0.0,45.9,447,0
2023-03-04,1,0,0,0,0,0,1,0,6.4,0.0,53.3,5028,1
2023-03-05,1,0,0,0,0,0,0,1,7.9,0.0,41.0,5316,1
2023-03-06,0,1,0,0,0,0,0,0,8.3,0.0,38.6,433,0
2023-03-07,0,0,1,0,0,0,0,0,11.9,0.0,41.6,391,0
2023-03-08,0,0,0,1,0,0,0,0,14.5,0.0,34.9,467,0
2023-03-09,0,0,0,0,1,0,0,0,13.9,0.0,57.3,337,0
2023-03-10,0,0,0,0,0,1,0,0,14.3,0.0,48.4,729,0
2023-03-11,1,0,0,0,0,0,1,0,16.4,0.0,33.0,8168,1
2023-03-12,1,0,0,0,0,0,0,1,6.8,1.0,62.1,174,1
2023-03-13,0,1,0,0,0,0,0,0,3.5,0.0,31.6,231,0
2023-03-14,0,0,1,0,0,0,0,0,9.4,0.0,38.4,403,0
2023-03-15,0,0,0,1,0,0,0,0,11.5,0.0,56.4,472,0
2023-03-16,0,0,0,0,1,0,0,0,6.1,0.0,24.4,337,0
2023-03-17,0,0,0,0,0,1,0,0,7.3,0.0,35.4,664,0
2023-03-18,1,0,0,0,0,0,1,0,9.3,0.0,32.0,6472,1
2023-03-19,1,0,0,0,0,0,0,1,8.7,0.0,41.4,6538,1
2023-03-20,0,1,0,0,0,0,0,0,10.6,0.0,37.8,522,0
2023-03-21,0,0,1,0,0,0,0,0,14.0,0.0,32.5,586,0
2023-03-22,0,0,0,1,0,0,0,0,17.0,0.0,44.9,772,0
2023-03-23,0,0,0,0,1,0,0,0,15.0,1.0,77.0,125,0
2023-03-24,0,0,0,0,0,1,0,0,12.4,0.0,55.0,845,0
2023-03-25,1,0,0,0,0,0,1,0,10.8,0.0,65.5,5718,1
2023-03-26,1,0,0,0,0,0,0,1,9.7,0.0,36.0,6562,1
2023-03-27,0,1,0,0,0,0,0,0,7.4,0.0,35.5,688,0
2023-03-28,0,0,1,0,0,0,0,0,8.7,0.0,47.1,544,0
2023-03-29,0,0,0,1,0,0,0,0,11.8,0.0,43.5,701,0
2023-03-30,0,0,0,0,1,0,0,0,14.2,0.0,30.3,1011,0
2023-03-31,0,0,0,0,0,1,0,0,14.7,0.0,31.0,1693,0
2023-04-01,1,0,0,0,0,0,1,0,16.8,0.0,30.9,8698,1
2023-04-02,1,0,0,0,0,0,0,1,16.9,0.0,26.8,7663,1
2023-04-03,0,1,0,0,0,0,0,0,16.8,0.0,25.8,1495,0
2023-04-04,0,0,1,0,0,0,0,0,15.2,1.0,50.9,751,0
2023-04-05,0,0,0,1,0,0,0,0,12.1,1.0,91.0,248,0
2023-04-06,0,0,0,0,1,0,0,0,8.7,1.0,88.5,362,0
2023-04-07,0,0,0,0,0,1,0,0,9.0,0.0,60.0,1086,0
2023-04-08,1,0,0,0,0,0,1,0,8.6,0.0,44.4,6751,1
2023-04-09,1,0,0,0,0,0,0,1,10.1,0.0,47.0,7109,1
2023-04-10,0,1,0,0,0,0,0,0,12.6,0.0,45.1,1234,0
2023-04-11,0,0,1,0,0,0,0,0,14.7,0.0,65.5,1219,0
2023-04-12,0,0,0,1,0,0,0,0,10.9,0.0,30.1,932,0
2023-04-13,0,0,0,0,1,0,0,0,13.5,0.0,28.8,1484,0
2023-04-14,0,0,0,0,0,1,0,0,15.1,0.0,35.8,2418,0
2023-04-15,1,0,0,0,0,0,1,0,12.5,1.0,74.5,2592,1
2023-04-16,1,0,0,0,0,0,0,1,10.9,0.0,64.5,5282,1
2023-04-17,0,1,0,0,0,0,0,0,13.6,0.0,51.3,2563,0
2023-04-18,0,0,1,0,0,0,0,0,13.8,1.0,78.3,701,0
2023-04-19,0,0,0,1,0,0,0,0,20.2,0.0,65.0,3368,0
2023-04-20,0,0,0,0,1,0,0,0,19.9,0.0,69.5,4016,0
2023-04-21,0,0,0,0,0,1,0,0,17.5,0.0,61.0,5205,0
2023-04-22,1,0,0,0,0,0,1,0,16.2,0.0,30.4,8324,1
2023-04-23,1,0,0,0,0,0,0,1,15.9,0.0,36.4,5342,1
2023-04-24,0,1,0,0,0,0,0,0,15.0,0.0,41.9,2269,0
2023-04-25,0,0,1,0,0,0,0,0,9.3,1.0,74.6,1367,0
2023-04-26,0,0,0,1,0,0,0,0,9.5,0.0,66.8,3412,0
2023-04-27,0,0,0,0,1,0,0,0,12.7,0.0,51.5,6257,0
2023-04-28,0,0,0,0,0,1,0,0,16.2,0.0,53.6,5822,0
2023-04-29,1,0,0,0,0,0,1,0,14.0,1.0,81.0,1231,1
2023-04-30,1,0,0,0,0,0,0,1,13.5,0.0,57.4,11765,1
2023-05-01,1,1,0,0,0,0,0,0,14.7,0.0,49.6,11328,1
2023-05-02,0,0,1,0,0,0,0,0,17.0,0.0,42.1,2313,0
2023-05-03,0,0,0,1,0,0,0,0,19.1,0.0,46.4,2954,0
2023-05-04,0,0,0,0,1,0,0,0,20.1,1.0,63.0,7327,0
2023-05-06,1,0,0,0,0,0,1,0,15.1,1.0,89.3,766,1
2023-05-07,1,0,0,0,0,0,0,1,12.0,0.0,66.5,2698,1
2023-05-08,0,1,0,0,0,0,0,0,13.7,0.0,59.3,1664,0
2023-05-09,0,0,1,0,0,0,0,0,16.5,0.0,54.8,2175,0
2023-05-10,0,0,0,1,0,0,0,0,17.3,0.0,51.9,3337,0
2023-05-11,0,0,0,0,1,0,0,0,18.9,0.0,45.0,2231,0
2023-05-12,0,0,0,0,0,1,0,0,18.5,0.0,46.4,5363,0
2023-05-13,1,0,0,0,0,0,1,0,18.2,0.0,54.3,9643,1
2023-05-14,1,0,0,0,0,0,0,1,17.8,0.0,51.3,6823,1
2023-05-15,0,1,0,0,0,0,0,0,20.5,0.0,50.9,1385,0
2023-05-16,0,0,1,0,0,0,0,0,23.5,0.0,41.9,1611,0
2023-05-17,0,0,0,1,0,0,0,0,23.6,0.0,44.8,2084,0
2023-05-18,0,0,0,0,1,0,0,0,19.2,0.0,68.0,1810,0
2023-05-19,0,0,0,0,0,1,0,0,20.8,0.0,61.9,3749,0
2023-05-20,1,0,0,0,0,0,1,0,20.6,0.0,66.6,8572,1
2023-05-21,1,0,0,0,0,0,0,1,18.3,0.0,69.1,5741,1
2023-05-22,0,1,0,0,0,0,0,0,17.5,1.0,67.8,785,0
2023-05-23,0,0,1,0,0,0,0,0,18.5,0.0,62.5,1398,0
2023-05-24,0,0,0,1,0,0,0,0,19.9,0.0,54.8,1082,0
2023-05-25,0,0,0,0,1,0,0,0,21.3,0.0,45.0,1796,0
2023-05-26,0,0,0,0,0,1,0,0,21.8,0.0,52.9,2939,0
2023-05-27,1,0,0,0,0,0,1,0,20.8,0.0,79.0,8312,1
2023-05-28,1,0,0,0,0,0,0,1,20.2,1.0,91.8,852,1
2023-05-29,0,1,0,0,0,0,0,0,20.4,1.0,89.3,1005,0
2023-05-30,0,0,1,0,0,0,0,0,21.6,0.0,73.0,786,0
2023-05-31,0,0,0,1,0,0,0,0,22.3,0.0,53.6,1102,0
2023-06-01,0,0,0,0,1,0,0,0,22.4,0.0,63.9,1476,0
2023-06-02,0,0,0,0,0,1,0,0,21.9,0.0,67.8,1604,0
2023-06-03,1,0,0,0,0,0,1,0,21.9,0.0,51.6,8655,1
2023-06-04,1,0,0,0,0,0,0,1,22.6,0.0,50.1,8697,1
2023-06-05,0,1,0,0,0,0,0,0,21.5,0.0,59.3,6034,0
2023-06-06,1,0,1,0,0,0,0,0,21.4,0.0,62.1,7563,1
2023-06-07,0,0,0,1,0,0,0,0,21.7,0.0,68.0,728,0
2023-06-08,0,0,0,0,1,0,0,0,22.3,0.0,69.6,781,0
2023-06-09,0,0,0,0,0,1,0,0,23.2,0.0,56.8,1049,0
2023-06-10,1,0,0,0,0,0,1,0,23.3,1.0,63.1,3946,1
2023-06-11,1,0,0,0,0,0,0,1,23.5,0.0,67.5,3240,1
2023-06-12,0,1,0,0,0,0,0,0,23.3,0.0,65.0,641,0
2023-06-13,0,0,1,0,0,0,0,0,22.8,0.0,64.0,752,0
2023-06-14,0,0,0,1,0,0,0,0,22.6,0.0,60.8,820,0
2023-06-15,0,0,0,0,1,0,0,0,22.3,0.0,63.9,948,0
2023-06-16,0,0,0,0,0,1,0,0,24.4,0.0,57.3,1243,0
2023-06-17,1,0,0,0,0,0,1,0,25.0,0.0,54.3,5801,1
2023-06-18,1,0,0,0,0,0,0,1,26.1,0.0,50.4,2842,1
2023-06-19,0,1,0,0,0,0,0,0,27.0,0.0,51.6,333,0
2023-06-20,0,0,1,0,0,0,0,0,23.7,1.0,61.0,556,0
2023-06-21,0,0,0,1,0,0,0,0,21.3,1.0,87.1,153,0
2023-06-22,0,0,0,0,1,0,0,0,22.9,0.0,69.3,476,0
2023-06-23,0,0,0,0,0,1,0,0,25.7,0.0,61.3,752,0
2023-06-24,1,0,0,0,0,0,1,0,27.1,0.0,59.9,5164,1
2023-06-25,1,0,0,0,0,0,0,1,26.7,0.0,58.0,2484,1
2023-06-26,0,1,0,0,0,0,0,0,23.8,1.0,89.8,37,0
2023-06-27,0,0,1,0,0,0,0,0,26.1,1.0,70.8,339,0
2023-06-28,0,0,0,1,0,0,0,0,24.1,1.0,78.8,304,0
2023-06-29,0,0,0,0,1,0,0,0,24.6,1.0,88.1,47,0
2023-06-30,0,0,0,0,0,1,0,0,24.2,1.0,90.5,141,0
2023-07-01,1,0,0,0,0,0,1,0,27.3,0.0,75.6,3265,1
2023-07-02,1,0,0,0,0,0,0,1,27.5,0.0,73.5,1910,1
2023-07-03,0,1,0,0,0,0,0,0,28.4,0.0,71.0,221,0
2023-07-04,0,0,1,0,0,0,0,0,24.7,1.0,87.3,22,0
2023-07-05,0,0,0,1,0,0,0,0,24.3,1.0,77.8,270,0
2023-07-06,0,0,0,0,1,0,0,0,26.4,0.0,59.8,496,0
2023-07-07,0,0,0,0,0,1,0,0,21.6,1.0,87.6,132,0
2023-07-08,1,0,0,0,0,0,1,0,23.9,1.0,85.6,2625,1
2023-07-09,1,0,0,0,0,0,0,1,26.4,0.0,81.6,1412,1
2023-07-10,0,1,0,0,0,0,0,0,26.5,1.0,74.8,206,0
2023-07-11,0,0,1,0,0,0,0,0,23.6,1.0,89.0,57,0
2023-07-12,0,0,0,1,0,0,0,0,26.7,1.0,81.4,166,0
2023-07-13,0,0,0,0,1,0,0,0,25.2,1.0,90.0,30,0
2023-07-14,0,0,0,0,0,1,0,0,24.2,1.0,94.5,4,0
2023-07-15,1,0,0,0,0,0,1,0,23.2,1.0,93.0,42,1
2023-07-16,1,0,0,0,0,0,0,1,24.3,1.0,88.5,417,1
2023-07-17,0,1,0,0,0,0,0,0,25.4,1.0,87.0,164,0
2023-07-18,0,0,1,0,0,0,0,0,23.0,1.0,94.4,15,0
2023-07-19,0,0,0,1,0,0,0,0,26.0,0.0,78.0,282,0
2023-07-20,0,0,0,0,1,0,0,0,26.8,0.0,75.8,676,0
2023-07-21,0,0,0,0,0,1,0,0,27.6,0.0,75.0,319,0
2023-07-22,1,0,0,0,0,0,1,0,25.3,1.0,78.4,1630,1
2023-07-23,1,0,0,0,0,0,0,1,24.8,1.0,89.4,345,1
2023-07-24,0,1,0,0,0,0,0,0,26.1,1.0,82.3,520,0
2023-07-25,0,0,1,0,0,0,0,0,25.1,1.0,88.0,427,0
2023-07-26,0,0,0,1,0,0,0,0,25.9,1.0,83.8,808,0
2023-07-27,0,0,0,0,1,0,0,0,27.5,0.0,76.8,1029,0
2023-07-28,0,0,0,0,0,1,0,0,28.4,0.0,76.1,1113,0
2023-07-29,1,0,0,0,0,0,1,0,29.5,0.0,70.3,3454,1
2023-07-30,1,0,0,0,0,0,0,1,27.4,1.0,80.3,1727,1
2023-07-31,0,1,0,0,0,0,0,0,27.8,0.0,77.4,1640,0
2023-08-01,0,0,1,0,0,0,0,0,29.5,0.0,70.4,1349,0
2023-08-02,0,0,0,1,0,0,0,0,29.1,0.0,72.6,1228,0
2023-08-03,0,0,0,0,1,0,0,0,29.2,0.0,67.5,1061,0
2023-08-04,0,0,0,0,0,1,0,0,29.6,0.0,70.3,1091,0
2023-08-05,1,0,0,0,0,0,1,0,30.0,0.0,67.1,3074,1
2023-08-06,1,0,0,0,0,0,0,1,29.5,1.0,71.4,1420,1
2023-08-07,0,1,0,0,0,0,0,0,29.7,0.0,70.4,376,0
2023-08-08,0,0,1,0,0,0,0,0,30.1,0.0,66.6,381,0
2023-08-09,0,0,0,1,0,0,0,0,26.4,1.0,79.5,1583,0
2023-08-10,0,0,0,0,1,0,0,0,21.3,1.0,93.8,1,0
2023-08-11,0,0,0,0,0,1,0,0,25.3,1.0,80.4,811,0
2023-08-12,1,0,0,0,0,0,1,0,24.2,1.0,83.6,4604,1
2023-08-13,1,0,0,0,0,0,0,1,26.8,0.0,78.9,4005,1
2023-08-14,0,1,0,0,0,0,0,0,28.1,0.0,74.0,1478,0
2023-08-15,1,0,1,0,0,0,0,0,28.1,0.0,73.1,2829,1
2023-08-16,0,0,0,1,0,0,0,0,27.7,0.0,72.0,672,0
2023-08-17,0,0,0,0,1,0,0,0,26.1,1.0,80.5,648,0
2023-08-18,0,0,0,0,0,1,0,0,28.3,0.0,72.9,754,0
2023-08-19,1,0,0,0,0,0,1,0,28.2,0.0,72.4,3691,1
2023-08-20,1,0,0,0,0,0,0,1,28.1,0.0,71.1,2187,1
2023-08-21,0,1,0,0,0,0,0,0,29.2,0.0,69.6,484,0
2023-08-22,0,0,1,0,0,0,0,0,27.6,1.0,73.3,472,0
2023-08-23,0,0,0,1,0,0,0,0,26.7,1.0,83.0,166,0
2023-08-24,0,0,0,0,1,0,0,0,25.5,1.0,89.1,154,0
2023-08-25,0,0,0,0,0,1,0,0,26.2,0.0,70.3,848,0
2023-08-26,1,0,0,0,0,0,1,0,25.0,0.0,74.8,6063,1
2023-08-27,1,0,0,0,0,0,0,1,26.2,0.0,71.8,3988,1
2023-08-28,0,1,0,0,0,0,0,0,26.1,0.0,73.5,378,0
2023-08-29,0,0,1,0,0,0,0,0,24.8,1.0,86.3,92,0
2023-08-30,0,0,0,1,0,0,0,0,21.1,1.0,93.9,34,0
2023-08-31,0,0,0,0,1,0,0,0,22.5,0.0,81.3,584,0
2023-09-01,0,0,0,0,0,1,0,0,23.1,0.0,72.8,1392,0
2023-09-02,1,0,0,0,0,0,1,0,24.6,0.0,70.8,8479,1
2023-09-03,1,0,0,0,0,0,0,1,27.0,0.0,74.5,4024,1
2023-09-04,0,1,0,0,0,0,0,0,27.4,0.0,75.3,924,0
2023-09-05,0,0,1,0,0,0,0,0,26.9,0.0,66.8,749,0
2023-09-06,0,0,0,1,0,0,0,0,26.0,0.0,67.6,494,0
2023-09-07,0,0,0,0,1,0,0,0,25.0,0.0,60.0,836,0
2023-09-08,0,0,0,0,0,1,0,0,23.3,0.0,61.3,1660,0
2023-09-09,1,0,0,0,0,0,1,0,24.1,0.0,67.6,9667,1
2023-09-10,1,0,0,0,0,0,0,1,24.9,0.0,68.6,5892,1
2023-09-11,0,1,0,0,0,0,0,0,25.2,0.0,68.8,541,0
2023-09-12,0,0,1,0,0,0,0,0,24.5,0.0,71.4,662,0
2023-09-13,0,0,0,1,0,0,0,0,21.0,1.0,91.8,192,0
2023-09-14,0,0,0,0,1,0,0,0,22.1,1.0,87.1,1879,0
2023-09-15,0,0,0,0,0,1,0,0,21.9,1.0,93.5,477,0
2023-09-16,1,0,0,0,0,0,1,0,22.5,1.0,93.8,884,1
2023-09-17,1,0,0,0,0,0,0,1,24.4,0.0,83.4,3668,1
2023-09-18,0,1,0,0,0,0,0,0,24.5,1.0,79.6,730,0
2023-09-19,0,0,1,0,0,0,0,0,23.6,0.0,78.8,1091,0
2023-09-20,0,0,0,1,0,0,0,0,20.9,1.0,93.1,317,0
2023-09-21,0,0,0,0,1,0,0,0,18.4,1.0,89.3,1009,0
2023-09-22,0,0,0,0,0,1,0,0,18.6,0.0,79.8,2302,0
2023-09-23,1,0,0,0,0,0,1,0,19.5,0.0,72.9,9723,1
2023-09-24,1,0,0,0,0,0,0,1,21.1,0.0,58.4,6996,1
2023-09-25,0,1,0,0,0,0,0,0,21.4,1.0,74.0,1089,0
2023-09-26,0,0,1,0,0,0,0,0,20.4,1.0,94.0,260,0
2023-09-27,0,0,0,1,0,0,0,0,21.5,1.0,89.0,478,0
2023-09-28,0,0,0,0,1,0,0,0,22.2,0.0,74.5,5877,0
2023-09-29,0,0,0,0,0,1,0,0,20.2,0.0,74.3,8644,0
2023-09-30,1,0,0,0,0,0,1,0,18.6,1.0,77.3,12866,1
2023-10-01,1,0,0,0,0,0,0,1,17.8,0.0,60.9,14691,1
2023-10-02,1,1,0,0,0,0,0,0,16.7,0.0,65.5,17317,1
2023-10-03,1,0,1,0,0,0,0,0,15.2,0.0,79.5,6763,1
2023-10-04,0,0,0,1,0,0,0,0,17.8,0.0,71.4,1384,0
2023-10-05,0,0,0,0,1,0,0,0,14.5,0.0,42.6,2406,0
2023-10-06,0,0,0,0,0,1,0,0,15.0,0.0,57.0,3483,0
2023-10-07,1,0,0,0,0,0,1,0,15.7,0.0,70.9,7624,1
2023-10-08,1,0,0,0,0,0,0,1,17.2,0.0,64.8,10691,1
2023-10-09,1,1,0,0,0,0,0,0,17.3,0.0,70.0,6819,1
2023-10-10,0,0,1,0,0,0,0,0,16.5,0.0,72.3,1539,0
2023-10-11,0,0,0,1,0,0,0,0,16.6,0.0,65.4,1701,0
2023-10-12,0,0,0,0,1,0,0,0,16.1,0.0,64.9,2917,0
2023-10-13,0,0,0,0,0,1,0,0,16.4,0.0,69.9,5600,0
2023-10-14,1,0,0,0,0,0,1,0,15.3,0.0,75.5,6553,1
2023-10-15,1,0,0,0,0,0,0,1,15.1,0.0,75.6,6515,1
2023-10-16,0,1,0,0,0,0,0,0,14.7,0.0,64.5,1478,0
2023-10-17,0,0,1,0,0,0,0,0,13.3,0.0,63.8,1893,0
2023-10-18,0,0,0,1,0,0,0,0,14.8,0.0,65.6,3536,0
2023-10-19,0,0,0,0,1,0,0,0,15.2,1.0,85.9,1909,0
2023-10-20,0,0,0,0,0,1,0,0,11.8,1.0,60.5,4853,0
2023-10-21,1,0,0,0,0,0,1,0,10.6,0.0,59.8,8687,1
2023-10-22,1,0,0,0,0,0,0,1,11.8,0.0,68.5,5895,1
2023-10-23,0,1,0,0,0,0,0,0,13.7,0.0,75.5,1625,0
2023-10-24,0,0,1,0,0,0,0,0,14.0,0.0,77.1,1478,0
2023-10-25,0,0,0,1,0,0,0,0,15.7,0.0,74.9,2365,0
2023-10-26,0,0,0,0,1,0,0,0,16.6,0.0,77.5,2498,0
2023-10-27,0,0,0,0,0,1,0,0,14.3,0.0,71.1,4392,0
2023-10-28,1,0,0,0,0,0,1,0,13.3,0.0,74.1,9691,1
2023-10-29,1,0,0,0,0,0,0,1,13.3,0.0,70.8,7149,1
2023-10-30,0,1,0,0,0,0,0,0,14.1,0.0,72.1,1685,0
2023-10-31,0,0,1,0,0,0,0,0,14.8,0.0,67.6,1887,0
2023-11-01,0,0,0,1,0,0,0,0,18.1,0.0,68.8,1568,0
2023-11-02,0,0,0,0,1,0,0,0,19.6,0.0,59.1,2381,0
2023-11-03,0,0,0,0,0,1,0,0,19.3,0.0,69.4,2737,0
2023-11-04,1,0,0,0,0,0,1,0,18.8,0.0,81.0,4212,1
2023-11-05,1,0,0,0,0,0,0,1,19.3,1.0,75.4,2313,1
2023-11-06,0,1,0,0,0,0,0,0,15.5,1.0,64.9,447,0
2023-11-07,0,0,1,0,0,0,0,0,8.3,0.0,55.1,910,0
2023-11-08,0,0,0,1,0,0,0,0,8.4,0.0,60.4,614,0
2023-11-09,0,0,0,0,1,0,0,0,11.5,1.0,73.8,1248,0
2023-11-10,0,0,0,0,0,1,0,0,5.7,0.0,49.8,2069,0
2023-11-11,1,0,0,0,0,0,1,0,1.7,0.0,54.4,3883,1
2023-11-12,1,0,0,0,0,0,0,1,1.7,0.0,61.5,2486,1
2023-11-13,0,1,0,0,0,0,0,0,2.4,0.0,58.3,374,0
2023-11-14,0,0,1,0,0,0,0,0,5.5,0.0,67.0,717,0
2023-11-15,0,0,0,1,0,0,0,0,7.0,0.0,68.5,980,0
2023-11-16,0,0,0,0,1,0,0,0,5.3,1.0,88.1,965,0
2023-11-17,0,0,0,0,0,1,0,0,2.5,1.0,71.8,337,0
2023-11-18,1,0,0,0,0,0,1,0,1.6,0.0,67.6,2166,1
2023-11-19,1,0,0,0,0,0,0,1,7.8,0.0,67.6,2756,1
2023-11-20,0,1,0,0,0,0,0,0,6.0,0.0,58.4,756,0
2023-11-21,0,0,1,0,0,0,0,0,6.2,0.0,58.4,820,0
2023-11-22,0,0,0,1,0,0,0,0,7.9,0.0,72.6,819,0
2023-11-23,0,0,0,0,1,0,0,0,12.8,0.0,59.0,716,0
2023-11-24,0,0,0,0,0,1,0,0,1.2,0.0,47.3,652,0
2023-11-25,1,0,0,0,0,0,1,0,-1.2,0.0,38.0,1681,1
2023-11-26,1,0,0,0,0,0,0,1,4.2,0.0,49.9,1592,1
2023-11-27,0,1,0,0,0,0,0,0,7.0,1.0,82.1,133,0
2023-11-28,0,0,1,0,0,0,0,0,3.4,0.0,59.4,172,0
2023-11-29,0,0,0,1,0,0,0,0,2.4,0.0,66.8,212,0
2023-11-30,0,0,0,0,1,0,0,0,-2.1,0.0,49.8,244,0
2023-12-01,0,0,0,0,0,1,0,0,-1.7,0.0,58.8,426,0
2023-12-02,1,0,0,0,0,0,1,0,2.8,0.0,61.4,1425,1
2023-12-03,1,0,0,0,0,0,0,1,2.7,0.0,49.4,1454,1
2023-12-04,0,1,0,0,0,0,0,0,2.3,0.0,60.4,258,0
2023-12-05,0,0,1,0,0,0,0,0,3.6,0.0,65.6,326,0
2023-12-06,0,0,0,1,0,0,0,0,6.0,1.0,73.6,248,0
2023-12-07,0,0,0,0,1,0,0,0,6.3,0.0,55.6,232,0
2023-12-08,0,0,0,0,0,1,0,0,10.6,0.0,62.5,591,0
2023-12-09,1,0,0,0,0,0,1,0,13.3,0.0,71.0,6177,1
2023-12-10,1,0,0,0,0,0,0,1,13.9,0.0,71.4,4753,1
2023-12-11,0,1,0,0,0,0,0,0,11.9,1.0,82.6,25,0
2023-12-12,0,0,1,0,0,0,0,0,7.6,0.0,75.6,302,0
2023-12-13,0,0,0,1,0,0,0,0,9.5,0.0,66.5,338,0
2023-12-14,0,0,0,0,1,0,0,0,9.6,1.0,79.0,203,0
2023-12-15,0,0,0,0,0,1,0,0,8.9,1.0,93.4,21,0
2023-12-16,1,0,0,0,0,0,1,0,-1.8,1.0,75.8,387,1
2023-12-17,1,0,0,0,0,0,0,1,-8.5,0.0,61.5,125,1
2023-12-18,0,1,0,0,0,0,0,0,-5.6,0.0,53.9,100,0
2023-12-19,0,0,1,0,0,0,0,0,-2.5,0.0,59.8,68,0
2023-12-20,0,0,0,1,0,0,0,0,-5.5,0.0,70.5,497,0
2023-12-21,0,0,0,0,1,0,0,0,-9.7,0.0,64.8,38,0
2023-12-22,0,0,0,0,0,1,0,0,-9.5,0.0,57.5,146,0
2023-12-23,1,0,0,0,0,0,1,0,-5.6,0.0,57.1,647,1
2023-12-24,1,0,0,0,0,0,0,1,-1.5,0.0,75.3,1632,1
2023-12-25,1,1,0,0,0,0,0,0,-0.4,0.0,79.6,1605,1
2023-12-26,0,0,1,0,0,0,0,0,2.2,0.0,72.3,404,0
2023-12-27,0,0,0,1,0,0,0,0,2.6,0.0,73.6,594,0
2023-12-28,0,0,0,0,1,0,0,0,1.2,0.0,78.3,663,0
2023-12-29,0,0,0,0,0,1,0,0,1.9,0.0,74.6,776,0
2023-12-30,1,0,0,0,0,0,1,0,0.8,1.0,89.3,685,1
2023-12-31,1,0,0,0,0,0,0,1,3.8,1.0,85.0,984,1
2024-01-01,1,1,0,0,0,0,0,0,3.8,0.0,75.3,2418,1
2024-01-02,0,0,1,0,0,0,0,0,4.0,0.0,72.3,548,0
2024-01-03,0,0,0,1,0,0,0,0,1.9,0.0,75.3,393,0
2024-01-04,0,0,0,0,1,0,0,0,1.0,0.0,73.3,506,0
2024-01-05,0,0,0,0,0,1,0,0,5.6,0.0,74.1,647,0
2024-01-06,1,0,0,0,0,0,1,0,1.4,0.0,66.0,2238,1
2024-01-07,1,0,0,0,0,0,0,1,-2.2,0.0,52.4,926,1
2024-01-08,0,1,0,0,0,0,0,0,-3.8,0.0,51.0,282,0
2024-01-09,0,0,1,0,0,0,0,0,0.8,1.0,69.5,143,0
2024-01-10,0,0,0,1,0,0,0,0,-1.3,0.0,85.1,173,0
2024-01-11,0,0,0,0,1,0,0,0,0.6,0.0,77.0,326,0
2024-01-12,0,0,0,0,0,1,0,0,2.9,0.0,56.8,419,0
2024-01-13,1,0,0,0,0,0,1,0,0.4,0.0,53.5,2175,1
2024-01-14,1,0,0,0,0,0,0,1,1.2,1.0,77.4,1594,1
2024-01-15,0,1,0,0,0,0,0,0,-2.1,0.0,50.4,324,0
2024-01-16,0,0,1,0,0,0,0,0,-1.9,0.0,53.3,330,0
2024-01-17,0,0,0,1,0,0,0,0,0.8,1.0,81.1,125,0
2024-01-18,0,0,0,0,1,0,0,0,4.3,1.0,90.0,151,0
2024-01-19,0,0,0,0,0,1,0,0,5.9,0.0,66.6,568,0
2024-01-20,1,0,0,0,0,0,1,0,4.4,1.0,80.5,199,1
2024-01-21,1,0,0,0,0,0,0,1,2.7,0.0,82.3,1414,1
2024-01-22,0,1,0,0,0,0,0,0,-5.4,0.0,62.6,149,0
2024-01-23,0,0,1,0,0,0,0,0,-9.2,0.0,65.3,36,0
2024-01-24,0,0,0,1,0,0,0,0,-6.9,0.0,62.8,92,0
2024-01-25,0,0,0,0,1,0,0,0,-4.3,0.0,51.4,176,0
2024-01-26,0,0,0,0,0,1,0,0,-1.9,0.0,66.3,416,0
2024-01-27,1,0,0,0,0,0,1,0,0.1,0.0,61.8,2058,1
2024-01-28,1,0,0,0,0,0,0,1,-0.3,0.0,64.0,1982,1
2024-01-29,0,1,0,0,0,0,0,0,-1.0,0.0,63.4,526,0
2024-01-30,0,0,1,0,0,0,0,0,1.3,0.0,54.6,431,0
2024-01-31,0,0,0,1,0,0,0,0,5.9,0.0,46.3,412,0
2024-02-01,0,0,0,0,1,0,0,0,4.0,0.0,62.4,282,0
2024-02-02,0,0,0,0,0,1,0,0,4.1,0.0,60.5,457,0
2024-02-03,1,0,0,0,0,0,1,0,4.6,0.0,71.0,1992,1
2024-02-04,1,0,0,0,0,0,0,1,6.2,1.0,72.9,2898,1
2024-02-05,0,1,0,0,0,0,0,0,4.1,1.0,83.3,16,0
2024-02-06,0,0,1,0,0,0,0,0,1.7,1.0,87.4,103,0
2024-02-07,0,0,0,1,0,0,0,0,0.3,0.0,63.8,229,0
2024-02-08,0,0,0,0,1,0,0,0,0.6,0.0,66.4,391,0
2024-02-09,0,0,0,0,0,1,0,0,1.2,0.0,61.6,1800,0
2024-02-10,1,0,0,0,0,0,1,0,1.3,0.0,67.3,2370,1
2024-02-11,1,0,0,0,0,0,0,1,0.8,0.0,64.9,2908,1
2024-02-12,0,1,0,0,0,0,0,0,3.6,0.0,54.9,4536,0
2024-02-13,0,0,1,0,0,0,0,0,8.4,0.0,59.5,1424,0
2024-02-14,0,0,0,1,0,0,0,0,13.2,0.0,72.8,537,0
2024-02-15,0,0,0,0,1,0,0,0,5.9,1.0,83.0,114,0
2024-02-16,0,0,0,0,0,1,0,0,3.1,0.0,63.1,1013,0
2024-02-17,1,0,0,0,0,0,1,0,5.5,0.0,62.3,6254,1
2024-02-18,1,0,0,0,0,0,0,1,5.5,1.0,81.8,3586,1
2024-02-19,0,1,0,0,0,0,0,0,9.8,1.0,94.5,122,0
2024-02-20,0,0,1,0,0,0,0,0,5.3,1.0,89.4,89,0
2024-02-21,0,0,0,1,0,0,0,0,4.0,1.0,87.5,23,0
2024-02-22,0,0,0,0,1,0,0,0,2.1,1.0,80.1,93,0
2024-02-23,0,0,0,0,0,1,0,0,3.0,0.0,66.8,1036,0
2024-02-24,1,0,0,0,0,0,1,0,2.9,1.0,65.3,2854,1
2024-02-25,1,0,0,0,0,0,0,1,2.3,1.0,86.8,1308,1
2024-02-26,0,1,0,0,0,0,0,0,3.7,0.0,68.0,1723,0
2024-02-27,0,0,1,0,0,0,0,0,5.3,0.0,48.4,2308,0
2024-02-28,0,0,0,1,0,0,0,0,6.3,0.0,50.5,3488,0
2024-02-29,0,0,0,0,1,0,0,0,5.1,0.0,66.4,932,0
2024-03-01,1,0,0,0,0,1,0,0,-2.2,0.0,37.6,2841,1
2024-03-02,1,0,0,0,0,0,1,0,-0.9,0.0,52.1,2606,1
2024-03-03,1,0,0,0,0,0,0,1,5.3,1.0,72.4,2089,1
2024-03-04,0,1,0,0,0,0,0,0,6.7,0.0,59.4,288,0
2024-03-05,0,0,1,0,0,0,0,0,5.9,1.0,81.1,16,0
2024-03-06,0,0,0,1,0,0,0,0,7.0,0.0,62.1,257,0
2024-03-07,0,0,0,0,1,0,0,0,4.6,0.0,51.3,195,0
2024-03-08,0,0,0,0,0,1,0,0,2.9,0.0,44.5,253,0
2024-03-09,1,0,0,0,0,0,1,0,2.3,0.0,43.9,2483,1
2024-03-10,1,0,0,0,0,0,0,1,4.6,0.0,43.3,4398,1
2024-03-11,0,1,0,0,0,0,0,0,6.4,0.0,56.4,202,0
2024-03-12,0,0,1,0,0,0,0,0,5.6,1.0,76.6,102,0
2024-03-13,0,0,0,1,0,0,0,0,6.6,0.0,54.8,287,0
2024-03-14,0,0,0,0,1,0,0,0,8.4,0.0,56.0,471,0
2024-03-15,0,0,0,0,0,1,0,0,9.5,0.0,48.1,678,0
2024-03-16,1,0,0,0,0,0,1,0,11.4,0.0,41.8,8942,1
2024-03-17,1,0,0,0,0,0,0,1,9.7,0.0,51.8,4193,1
2024-03-18,0,1,0,0,0,0,0,0,7.9,0.0,34.6,418,0
2024-03-19,0,0,1,0,0,0,0,0,7.2,0.0,53.0,119,0
2024-03-20,0,0,0,1,0,0,0,0,4.6,0.0,43.1,263,0
2024-03-21,0,0,0,0,1,0,0,0,5.2,0.0,48.3,291,0
2024-03-22,0,0,0,0,0,1,0,0,10.1,1.0,58.1,507,0
2024-03-23,1,0,0,0,0,0,1,0,14.9,0.0,53.9,8250,1
2024-03-24,1,0,0,0,0,0,0,1,14.1,0.0,47.8,5964,1
2024-03-25,0,1,0,0,0,0,0,0,9.4,1.0,72.1,169,0
2024-03-26,0,0,1,0,0,0,0,0,6.7,1.0,80.5,165,0
2024-03-27,0,0,0,1,0,0,0,0,10.2,0.0,65.8,559,0
2024-03-28,0,0,0,0,1,0,0,0,9.0,1.0,90.9,62,0
2024-03-29,0,0,0,0,0,1,0,0,9.3,0.0,77.6,530,0
2024-03-30,1,0,0,0,0,0,1,0,10.0,0.0,66.1,5773,1
2024-03-31,1,0,0,0,0,0,0,1,10.9,0.0,44.9,6485,1
2024-04-01,0,1,0,0,0,0,0,0,13.1,0.0,41.0,1922,0
2024-04-02,0,0,1,0,0,0,0,0,16.1,0.0,46.5,828,0
2024-04-03,0,0,0,1,0,0,0,0,13.2,1.0,92.4,69,0
2024-04-04,0,0,0,0,1,0,0,0,13.4,0.0,71.6,679,0
2024-04-05,0,0,0,0,0,1,0,0,13.3,0.0,59.4,1683,0
2024-04-06,1,0,0,0,0,0,1,0,13.2,0.0,58.6,8883,1
2024-04-07,1,0,0,0,0,0,0,1,15.9,0.0,43.4,6874,1
2024-04-08,0,1,0,0,0,0,0,0,16.5,0.0,41.0,978,0
2024-04-09,0,0,1,0,0,0,0,0,15.3,0.0,43.8,2368,0
2024-04-10,0,0,0,1,0,0,0,0,14.5,0.0,51.1,9456,0
2024-04-11,0,0,0,0,1,0,0,0,16.1,0.0,60.0,1570,0
2024-04-12,0,0,0,0,0,1,0,0,17.5,0.0,55.6,1799,0
2024-04-13,1,0,0,0,0,0,1,0,19.3,0.0,46.9,10658,1
2024-04-14,1,0,0,0,0,0,0,1,20.3,0.0,45.3,6535,1
2024-04-15,0,1,0,0,0,0,0,0,16.2,1.0,80.1,170,0
2024-04-16,0,0,1,0,0,0,0,0,14.3,0.0,75.1,1358,0
2024-04-17,0,0,0,1,0,0,0,0,15.6,0.0,57.4,2811,0
2024-04-18,0,0,0,0,1,0,0,0,17.3,0.0,48.5,2414,0
2024-04-19,0,0,0,0,0,1,0,0,18.2,0.0,45.4,3998,0
2024-04-20,1,0,0,0,0,0,1,0,14.1,1.0,78.6,1940,1
2024-04-21,1,0,0,0,0,0,0,1,16.2,0.0,72.0,4289,1
2024-04-22,0,1,0,0,0,0,0,0,17.4,0.0,56.3,1840,0
2024-04-23,0,0,1,0,0,0,0,0,16.4,0.0,55.8,2465,0
2024-04-24,0,0,0,1,0,0,0,0,13.8,1.0,75.4,2705,0
2024-04-25,0,0,0,0,1,0,0,0,15.6,0.0,67.5,3982,0
2024-04-26,0,0,0,0,0,1,0,0,17.8,0.0,62.5,4579,0
2024-04-27,1,0,0,0,0,0,1,0,18.7,0.0,49.3,10944,1
2024-04-28,1,0,0,0,0,0,0,1,19.9,0.0,50.0,6250,1
2024-04-29,0,1,0,0,0,0,0,0,17.2,0.0,71.6,902,0
2024-04-30,0,0,1,0,0,0,0,0,16.6,0.0,70.8,3189,0
2024-05-01,0,0,0,1,0,0,0,0,16.5,0.0,50.8,9285,0
2024-05-02,0,0,0,0,1,0,0,0,17.0,0.0,50.5,2125,0
2024-05-03,0,0,0,0,0,1,0,0,18.4,0.0,45.0,5444,0
2024-05-04,1,0,0,0,0,0,1,0,21.1,0.0,48.0,16458,1
2024-05-06,0,1,0,0,0,0,0,0,14.4,1.0,86.5,1941,0
2024-05-07,0,0,1,0,0,0,0,0,12.9,1.0,90.8,400,0
2024-05-08,0,0,0,1,0,0,0,0,14.4,1.0,63.6,1940,0
2024-05-09,0,0,0,0,1,0,0,0,15.6,0.0,55.4,3233,0
2024-05-10,0,0,0,0,0,1,0,0,17.9,0.0,51.1,5247,0
2024-05-11,1,0,0,0,0,0,1,0,18.9,1.0,69.3,5058,1
2024-05-12,1,0,0,0,0,0,0,1,16.6,1.0,61.5,5177,1
2024-05-13,0,1,0,0,0,0,0,0,17.6,0.0,52.6,1199,0
2024-05-14,0,0,1,0,0,0,0,0,18.5,0.0,49.5,4910,0
2024-05-15,0,0,0,1,0,0,0,0,13.7,1.0,70.8,4891,0
2024-05-16,0,0,0,0,1,0,0,0,14.2,1.0,63.6,1428,0
2024-05-17,0,0,0,0,0,1,0,0,19.2,0.0,53.3,2848,0
2024-05-18,1,0,0,0,0,0,1,0,20.4,0.0,57.0,8633,1
2024-05-19,1,0,0,0,0,0,0,1,21.6,0.0,58.3,5089,1
2024-05-20,0,1,0,0,0,0,0,0,19.3,0.0,67.5,1202,0
2024-05-21,0,0,1,0,0,0,0,0,20.5,0.0,70.9,1481,0
2024-05-22,0,0,0,1,0,0,0,0,21.5,0.0,69.6,1500,0
2024-05-23,0,0,0,0,1,0,0,0,22.2,0.0,64.3,2478,0
2024-05-24,0,0,0,0,0,1,0,0,21.2,0.0,68.9,3111,0
2024-05-25,1,0,0,0,0,0,1,0,19.4,0.0,54.8,7738,1
2024-05-26,1,0,0,0,0,0,0,1,20.4,1.0,74.0,3328,1
2024-05-27,0,1,0,0,0,0,0,0,18.5,0.0,59.5,720,0
2024-05-28,0,0,1,0,0,0,0,0,18.8,0.0,58.6,752,0
2024-05-29,0,0,0,1,0,0,0,0,20.9,0.0,56.3,1097,0
2024-05-30,0,0,0,0,1,0,0,0,21.1,0.0,58.4,1125,0
2024-05-31,0,0,0,0,0,1,0,0,21.4,0.0,50.9,1940,0
2024-06-01,1,0,0,0,0,0,1,0,20.0,0.0,58.3,7624,1
2024-06-02,1,0,0,0,0,0,0,1,20.1,0.0,54.5,4225,1
2024-06-03,0,1,0,0,0,0,0,0,20.8,0.0,54.9,587,0
2024-06-04,0,0,1,0,0,0,0,0,21.6,0.0,49.5,714,0
2024-06-05,0,0,0,1,0,0,0,0,22.5,0.0,60.1,1339,0
2024-06-06,1,0,0,0,1,0,0,0,22.8,0.0,57.0,6672,1
2024-06-07,0,0,0,0,0,1,0,0,22.8,0.0,56.8,5938,0
2024-06-08,1,0,0,0,0,0,1,0,20.5,1.0,83.5,3213,1
2024-06-09,1,0,0,0,0,0,0,1,23.9,0.0,66.4,3980,1
2024-06-10,0,1,0,0,0,0,0,0,24.7,0.0,59.9,546,0
2024-06-11,0,0,1,0,0,0,0,0,25.8,0.0,54.8,505,0
2024-06-12,0,0,0,1,0,0,0,0,25.3,0.0,48.8,526,0
2024-06-13,0,0,0,0,1,0,0,0,25.9,0.0,45.3,584,0
2024-06-14,0,0,0,0,0,1,0,0,26.6,0.0,52.9,625,0
2024-06-15,1,0,0,0,0,0,1,0,24.3,1.0,73.8,4038,1
2024-06-16,1,0,0,0,0,0,0,1,24.4,0.0,59.4,2582,1
2024-06-17,0,1,0,0,0,0,0,0,23.4,0.0,59.4,359,0
2024-06-18,0,0,1,0,0,0,0,0,25.4,0.0,53.1,271,0
2024-06-19,0,0,0,1,0,0,0,0,27.5,0.0,49.3,221,0
2024-06-20,0,0,0,0,1,0,0,0,25.7,0.0,48.8,366,0
2024-06-21,0,0,0,0,0,1,0,0,26.4,0.0,55.5,634,0
2024-06-22,1,0,0,0,0,0,1,0,23.5,1.0,89.8,441,1
2024-06-23,1,0,0,0,0,0,0,1,24.2,1.0,83.8,2287,1
2024-06-24,0,1,0,0,0,0,0,0,25.3,0.0,66.4,352,0
2024-06-25,0,0,1,0,0,0,0,0,22.9,0.0,60.6,469,0
2024-06-26,0,0,0,1,0,0,0,0,24.3,0.0,60.6,347,0
2024-06-27,0,0,0,0,1,0,0,0,23.7,0.0,63.5,462,0
2024-06-28,0,0,0,0,0,1,0,0,25.7,0.0,58.5,663,0
2024-06-29,1,0,0,0,0,0,1,0,25.3,1.0,74.6,1556,1
2024-06-30,1,0,0,0,0,0,0,1,24.2,1.0,88.8,605,1
2024-07-01,0,1,0,0,0,0,0,0,26.2,0.0,72.4,290,0
2024-07-02,0,0,1,0,0,0,0,0,24.0,1.0,90.5,38,0
2024-07-03,0,0,0,1,0,0,0,0,25.7,1.0,79.8,172,0
2024-07-04,0,0,0,0,1,0,0,0,28.1,0.0,68.9,168,0
2024-07-05,0,0,0,0,0,1,0,0,25.8,1.0,70.0,350,0
2024-07-06,1,0,0,0,0,0,1,0,27.5,0.0,74.5,1844,1
2024-07-07,1,0,0,0,0,0,0,1,25.5,1.0,91.6,195,1
2024-07-08,0,1,0,0,0,0,0,0,23.9,1.0,96.6,14,0
2024-07-09,0,0,1,0,0,0,0,0,23.1,1.0,94.6,13,0
2024-07-10,0,0,0,1,0,0,0,0,23.4,1.0,89.8,313,0
2024-07-11,0,0,0,0,1,0,0,0,24.4,1.0,84.8,234,0
2024-07-12,0,0,0,0,0,1,0,0,26.0,0.0,77.0,625,0
2024-07-13,1,0,0,0,0,0,1,0,26.3,1.0,75.5,2064,1
2024-07-14,1,0,0,0,0,0,0,1,26.2,0.0,75.9,1730,1
2024-07-15,0,1,0,0,0,0,0,0,26.6,0.0,76.9,222,0
2024-07-16,0,0,1,0,0,0,0,0,24.6,1.0,89.3,16,0
2024-07-17,0,0,0,1,0,0,0,0,26.7,0.0,81.5,274,0
2024-07-18,0,0,0,0,1,0,0,0,25.9,1.0,84.4,30,0
2024-07-19,0,0,0,0,0,1,0,0,25.1,1.0,88.8,250,0
2024-07-20,1,0,0,0,0,0,1,0,26.0,1.0,87.0,752,1
2024-07-21,1,0,0,0,0,0,0,1,27.8,1.0,79.3,1348,1
2024-07-22,0,1,0,0,0,0,0,0,28.9,0.0,72.8,289,0
2024-07-23,0,0,1,0,0,0,0,0,27.2,1.0,83.3,239,0
2024-07-24,0,0,0,1,0,0,0,0,28.6,1.0,79.3,259,0
2024-07-25,0,0,0,0,1,0,0,0,28.1,0.0,81.0,295,0
2024-07-26,0,0,0,0,0,1,0,0,28.4,1.0,81.1,439,0
2024-07-27,1,0,0,0,0,0,1,0,28.2,1.0,83.6,1310,1
2024-07-28,1,0,0,0,0,0,0,1,29.7,0.0,71.8,1251,1
2024-07-29,0,1,0,0,0,0,0,0,28.6,0.0,73.8,1163,0
2024-07-30,0,0,1,0,0,0,0,0,28.7,0.0,73.4,1366,0
2024-07-31,0,0,0,1,0,0,0,0,29.5,0.0,74.0,1149,0
2024-08-01,0,0,0,0,1,0,0,0,30.0,0.0,73.0,1544,0
2024-08-02,0,0,0,0,0,1,0,0,30.3,0.0,76.0,1565,0
2024-08-03,1,0,0,0,0,0,1,0,30.7,0.0,74.5,3161,1
2024-08-04,1,0,0,0,0,0,0,1,29.1,0.0,80.1,1070,1
2024-08-05,0,1,0,0,0,0,0,0,27.4,1.0,87.1,439,0
2024-08-06,0,0,1,0,0,0,0,0,28.6,0.0,78.0,519,0
2024-08-07,0,0,0,1,0,0,0,0,28.9,1.0,78.3,422,0
2024-08-08,0,0,0,0,1,0,0,0,27.3,0.0,81.9,549,0
2024-08-09,0,0,0,0,0,1,0,0,28.4,0.0,74.6,757,0
2024-08-10,1,0,0,0,0,0,1,0,28.7,0.0,76.5,2474,1
2024-08-11,1,0,0,0,0,0,0,1,29.6,0.0,72.5,1458,1
2024-08-12,0,1,0,0,0,0,0,0,30.5,0.0,72.0,303,0
2024-08-13,0,0,1,0,0,0,0,0,29.2,1.0,71.1,539,0
2024-08-14,0,0,0,1,0,0,0,0,29.5,0.0,64.3,538,0
2024-08-15,1,0,0,0,1,0,0,0,29.5,0.0,66.4,1577,1
2024-08-16,0,0,0,0,0,1,0,0,29.7,0.0,66.1,860,0
2024-08-17,1,0,0,0,0,0,1,0,29.5,0.0,67.0,3913,1
2024-08-18,1,0,0,0,0,0,0,1,29.5,0.0,68.6,1472,1
2024-08-19,0,1,0,0,0,0,0,0,29.9,0.0,68.1,268,0
2024-08-20,0,0,1,0,0,0,0,0,29.7,1.0,77.6,238,0
2024-08-21,0,0,0,1,0,0,0,0,28.6,1.0,83.5,174,0
2024-08-22,0,0,0,0,1,0,0,0,28.5,0.0,78.1,145,0
2024-08-23,0,0,0,0,0,1,0,0,28.3,0.0,76.0,361,0
2024-08-24,1,0,0,0,0,0,1,0,28.1,1.0,79.3,3972,1
2024-08-25,1,0,0,0,0,0,0,1,28.0,0.0,79.5,2048,1
2024-08-26,0,1,0,0,0,0,0,0,27.9,0.0,81.6,257,0
2024-08-27,0,0,1,0,0,0,0,0,26.3,0.0,83.3,303,0
2024-08-28,0,0,0,1,0,0,0,0,27.0,0.0,67.3,376,0
2024-08-29,0,0,0,0,1,0,0,0,27.0,1.0,70.1,412,0
2024-08-30,0,0,0,0,0,1,0,0,27.3,0.0,69.9,484,0
2024-08-31,1,0,0,0,0,0,1,0,26.6,0.0,70.3,6056,1
2024-09-01,1,0,0,0,0,0,0,1,26.9,0.0,69.1,2804,1
2024-09-02,0,1,0,0,0,0,0,0,24.8,0.0,75.0,276,0
2024-09-03,0,0,1,0,0,0,0,0,27.1,0.0,61.3,677,0
2024-09-04,0,0,0,1,0,0,0,0,26.8,0.0,57.8,373,0
2024-09-05,0,0,0,0,1,0,0,0,27.2,0.0,70.3,347,0
2024-09-06,0,0,0,0,0,1,0,0,25.6,0.0,82.6,1393,0
2024-09-07,1,0,0,0,0,0,1,0,26.6,0.0,75.9,6178,1
2024-09-08,1,0,0,0,0,0,0,1,27.6,0.0,67.5,3290,1
2024-09-09,0,1,0,0,0,0,0,0,29.0,0.0,67.9,241,0
2024-09-10,0,0,1,0,0,0,0,0,29.5,0.0,62.8,572,0
2024-09-11,0,0,0,1,0,0,0,0,28.1,1.0,79.8,487,0
2024-09-12,0,0,0,0,1,0,0,0,26.5,1.0,89.9,1364,0
2024-09-13,0,0,0,0,0,1,0,0,28.0,0.0,77.0,598,0
2024-09-14,1,0,0,0,0,0,1,0,28.8,0.0,74.4,4544,1
2024-09-15,1,0,0,0,0,0,0,1,29.3,0.0,70.3,4707,1
2024-09-16,1,1,0,0,0,0,0,0,28.0,0.0,70.4,3483,1
2024-09-17,1,0,1,0,0,0,0,0,29.7,0.0,72.0,4538,1
2024-09-18,1,0,0,1,0,0,0,0,28.2,1.0,81.8,1555,1
2024-09-19,0,0,0,0,1,0,0,0,28.5,0.0,76.0,494,0
2024-09-20,0,0,0,0,0,1,0,0,25.5,1.0,93.5,96,0
2024-09-21,1,0,0,0,0,0,1,0,21.4,1.0,95.9,96,1
2024-09-22,1,0,0,0,0,0,0,1,21.3,0.0,75.1,6021,1
2024-09-23,0,1,0,0,0,0,0,0,21.0,0.0,59.6,726,0
2024-09-24,0,0,1,0,0,0,0,0,20.9,0.0,64.3,1659,0
2024-09-25,0,0,0,1,0,0,0,0,23.2,0.0,72.0,1989,0
2024-09-26,0,0,0,0,1,0,0,0,24.1,0.0,74.3,2789,0
2024-09-27,0,0,0,0,0,1,0,0,23.0,0.0,72.8,3582,0
2024-09-28,1,0,0,0,0,0,1,0,22.7,0.0,71.9,10122,1
2024-09-29,1,0,0,0,0,0,0,1,22.8,0.0,64.4,6720,1
2024-09-30,0,1,0,0,0,0,0,0,21.0,0.0,64.6,1463,0
2024-10-01,0,0,1,0,0,0,0,0,17.0,1.0,81.0,3774,0
2024-10-02,0,0,0,1,0,0,0,0,14.9,0.0,59.6,3155,0
2024-10-03,1,0,0,0,1,0,0,0,12.9,1.0,87.3,2872,1
2024-10-04,0,0,0,0,0,1,0,0,16.2,0.0,80.5,7517,0
2024-10-05,1,0,0,0,0,0,1,0,17.2,0.0,74.1,12048,1
2024-10-06,1,0,0,0,0,0,0,1,16.6,0.0,88.0,3747,1
2024-10-07,0,1,0,0,0,0,0,0,17.0,1.0,85.3,1583,0
2024-10-08,0,0,1,0,0,0,0,0,16.7,0.0,81.8,5177,0
2024-10-09,0,0,0,1,0,0,0,0,18.5,0.0,70.4,10038,0
2024-10-10,0,0,0,0,1,0,0,0,17.7,0.0,72.4,2441,0
2024-10-11,0,0,0,0,0,1,0,0,17.6,0.0,75.9,5237,0
2024-10-12,1,0,0,0,0,0,1,0,17.2,0.0,73.3,10698,1
2024-10-13,1,0,0,0,0,0,0,1,17.7,0.0,73.8,6690,1
2024-10-14,0,1,0,0,0,0,0,0,17.7,1.0,91.5,243,0
2024-10-15,0,0,1,0,0,0,0,0,18.3,1.0,96.9,2112,0
2024-10-16,0,0,0,1,0,0,0,0,18.9,0.0,86.5,3308,0
2024-10-17,0,0,0,0,1,0,0,0,19.1,0.0,78.6,4014,0
2024-10-18,0,0,0,0,0,1,0,0,20.0,1.0,89.4,4200,0
2024-10-19,1,0,0,0,0,0,1,0,17.6,1.0,84.4,5334,1
2024-10-20,1,0,0,0,0,0,0,1,13.3,0.0,60.6,5916,1
2024-10-21,0,1,0,0,0,0,0,0,13.9,0.0,85.0,964,0
2024-10-22,0,0,1,0,0,0,0,0,16.6,1.0,97.4,973,0
2024-10-23,0,0,0,1,0,0,0,0,13.7,1.0,72.3,1558,0
2024-10-24,0,0,0,0,1,0,0,0,12.0,0.0,76.0,2381,0
2024-10-25,0,0,0,0,0,1,0,0,14.5,0.0,78.0,4875,0
2024-10-26,1,0,0,0,0,0,1,0,17.2,0.0,74.4,11830,1
2024-10-27,1,0,0,0,0,0,0,1,15.2,0.0,86.4,6221,1
2024-10-28,0,1,0,0,0,0,0,0,14.8,0.0,81.3,1374,0
2024-10-29,0,0,1,0,0,0,0,0,14.9,0.0,70.5,2127,0
2024-10-30,0,0,0,1,0,0,0,0,14.7,0.0,76.8,1754,0
2024-10-31,0,0,0,0,1,0,0,0,14.5,0.0,75.6,2468,0
2024-11-01,0,0,0,0,0,1,0,0,13.3,1.0,88.1,2033,0
2024-11-02,1,0,0,0,0,0,1,0,16.9,0.0,77.9,6831,1
2024-11-03,1,0,0,0,0,0,0,1,16.2,0.0,76.4,6928,1
2024-11-04,0,1,0,0,0,0,0,0,14.5,0.0,69.3,805,0
2024-11-05,0,0,1,0,0,0,0,0,9.8,0.0,56.4,1003,0
2024-11-06,0,0,0,1,0,0,0,0,7.3,0.0,54.9,1065,0
2024-11-07,0,0,0,0,1,0,0,0,7.7,0.0,66.9,1239,0
2024-11-08,0,0,0,0,0,1,0,0,10.5,0.0,73.0,1834,0
2024-11-09,1,0,0,0,0,0,1,0,12.4,0.0,76.9,6737,1
2024-11-10,1,0,0,0,0,0,0,1,13.3,0.0,78.0,5082,1
2024-11-11,0,1,0,0,0,0,0,0,13.3,0.0,74.8,692,0
2024-11-12,0,0,1,0,0,0,0,0,13.7,0.0,67.5,1016,0
2024-11-13,0,0,0,1,0,0,0,0,13.1,0.0,71.9,936,0
2024-11-14,0,0,0,0,1,0,0,0,13.8,0.0,78.4,1675,0
2024-11-15,0,0,0,0,0,1,0,0,14.8,1.0,78.6,2113,0
2024-11-16,1,0,0,0,0,0,1,0,16.8,0.0,74.4,7322,1
2024-11-17,1,0,0,0,0,0,0,1,9.1,0.0,51.6,3116,1
2024-11-18,0,1,0,0,0,0,0,0,2.6,0.0,34.4,670,0
2024-11-19,0,0,1,0,0,0,0,0,5.4,0.0,59.3,674,0
2024-11-20,0,0,0,1,0,0,0,0,6.7,0.0,67.0,623,0
2024-11-21,0,0,0,0,1,0,0,0,9.8,0.0,69.4,524,0
2024-11-22,0,0,0,0,0,1,0,0,7.2,0.0,54.1,958,0
2024-11-23,1,0,0,0,0,0,1,0,5.3,0.0,62.0,3711,1
2024-11-24,1,0,0,0,0,0,0,1,6.6,0.0,67.0,3402,1
2024-11-25,0,1,0,0,0,0,0,0,9.7,0.0,66.8,579,0
2024-11-26,0,0,1,0,0,0,0,0,7.6,1.0,72.4,81,0
2024-11-27,0,0,0,1,0,0,0,0,2.3,1.0,75.5,249,0
2024-11-28,0,0,0,0,1,0,0,0,3.2,1.0,79.6,100,0
2024-11-29,0,0,0,0,0,1,0,0,2.2,0.0,81.1,177,0
2024-11-30,1,0,0,0,0,0,1,0,5.3,0.0,73.3,2055,1
2024-12-01,1,0,0,0,0,0,0,1,7.6,0.0,80.0,2309,1
2024-12-02,0,1,0,0,0,0,0,0,8.3,0.0,75.6,423,0
2024-12-03,0,0,1,0,0,0,0,0,2.1,0.0,48.5,178,0
2024-12-04,0,0,0,1,0,0,0,0,3.6,0.0,48.5,161,0
2024-12-05,0,0,0,0,1,0,0,0,4.5,0.0,69.5,254,0
2024-12-06,0,0,0,0,0,1,0,0,4.0,0.0,65.0,419,0
2024-12-07,1,0,0,0,0,0,1,0,1.4,0.0,66.3,1773,1
2024-12-08,1,0,0,0,0,0,0,1,0.5,0.0,58.0,1484,1
2024-12-09,0,1,0,0,0,0,0,0,2.0,0.0,63.4,288,0
2024-12-10,0,0,1,0,0,0,0,0,3.9,0.0,58.6,312,0
2024-12-11,0,0,0,1,0,0,0,0,2.5,0.0,62.6,142,0
2024-12-12,0,0,0,0,1,0,0,0,1.2,0.0,54.8,174,0
2024-12-13,0,0,0,0,0,1,0,0,0.6,0.0,59.5,278,0
2024-12-14,1,0,0,0,0,0,1,0,0.5,0.0,59.1,1360,1
2024-12-15,1,0,0,0,0,0,0,1,1.7,1.0,81.5,472,1
2024-12-16,0,1,0,0,0,0,0,0,2.7,0.0,61.4,232,0
2024-12-17,0,0,1,0,0,0,0,0,1.6,0.0,54.8,205,0
2024-12-18,0,0,0,1,0,0,0,0,-2.0,0.0,50.4,147,0
2024-12-19,0,0,0,0,1,0,0,0,-1.9,0.0,54.1,287,0
2024-12-20,0,0,0,0,0,1,0,0,0.7,0.0,67.4,178,0
2024-12-21,1,0,0,0,0,0,1,0,0.6,1.0,75.1,544,1
2024-12-22,1,0,0,0,0,0,0,1,-2.5,0.0,55.9,749,1
2024-12-23,0,1,0,0,0,0,0,0,-0.4,0.0,73.9,233,0
2024-12-24,0,0,1,0,0,0,0,0,0.6,0.0,65.5,249,0
2024-12-25,1,0,0,1,0,0,0,0,2.5,0.0,67.0,2692,1
2024-12-26,0,0,0,0,1,0,0,0,2.4,0.0,59.3,423,0
2024-12-27,0,0,0,0,0,1,0,0,-1.4,0.0,61.4,371,0
2024-12-28,1,0,0,0,0,0,1,0,-2.0,0.0,62.0,713,1
2024-12-29,1,0,0,0,0,0,0,1,2.1,0.0,67.8,1124,1
2024-12-30,0,1,0,0,0,0,0,0,6.7,0.0,65.3,880,0
2024-12-31,0,0,1,0,0,0,0,0,2.3,0.0,44.1,635,0
2025-01-01,1,0,0,1,0,0,0,0,2.6,0.0,60.5,1960,1
2025-01-02,0,0,0,0,1,0,0,0,1.8,0.0,53.3,545,0
2025-01-03,0,0,0,0,0,1,0,0,0.3,0.0,50.8,440,0
2025-01-04,1,0,0,0,0,0,1,0,0.6,0.0,57.3,1197,1
2025-01-05,1,0,0,0,0,0,0,1,2.2,0.0,80.5,429,1
2025-01-06,0,1,0,0,0,0,0,0,2.0,1.0,75.5,195,0
2025-01-07,0,0,1,0,0,0,0,0,-1.5,0.0,66.6,150,0
2025-01-08,0,0,0,1,0,0,0,0,-1.7,0.0,82.8,47,0
2025-01-09,0,0,0,0,1,0,0,0,-8.1,0.0,47.8,25,0
2025-01-10,0,0,0,0,0,1,0,0,-6.6,0.0,55.6,45,0
2025-01-11,1,0,0,0,0,0,1,0,-3.0,0.0,64.8,522,1
2025-01-12,1,0,0,0,0,0,0,1,-1.9,0.0,68.3,831,1
2025-01-13,0,1,0,0,0,0,0,0,1.1,0.0,65.5,304,0
2025-01-14,0,0,1,0,0,0,0,0,4.9,0.0,56.4,370,0
2025-01-15,0,0,0,1,0,0,0,0,-1.8,0.0,45.5,173,0
2025-01-16,0,0,0,0,1,0,0,0,0.9,0.0,57.0,195,0
2025-01-17,0,0,0,0,0,1,0,0,1.3,0.0,58.6,372,0
2025-01-18,1,0,0,0,0,0,1,0,1.0,0.0,50.8,1658,1
2025-01-19,1,0,0,0,0,0,0,1,1.7,0.0,62.3,2000,1
2025-01-20,0,1,0,0,0,0,0,0,2.8,0.0,71.8,344,0
2025-01-21,0,0,1,0,0,0,0,0,2.5,0.0,70.6,316,0
2025-01-22,0,0,0,1,0,0,0,0,3.4,0.0,71.3,295,0
2025-01-23,0,0,0,0,1,0,0,0,2.9,0.0,51.4,291,0
2025-01-24,0,0,0,0,0,1,0,0,2.6,0.0,45.0,419,0
2025-01-25,1,0,0,0,0,0,1,0,4.3,0.0,53.5,2221,1
2025-01-26,1,0,0,0,0,0,0,1,5.2,0.0,50.9,3009,1
2025-01-27,0,1,0,0,0,0,0,0,0.3,1.0,82.8,475,0
2025-01-28,0,0,1,0,0,0,0,0,-1.4,1.0,79.8,153,0
2025-01-29,0,0,0,1,0,0,0,0,-2.6,0.0,71.5,320,0
2025-01-30,0,0,0,0,1,0,0,0,-1.8,0.0,68.3,1008,0
2025-01-31,0,0,0,0,0,1,0,0,1.9,0.0,70.6,900,0
2025-02-01,1,0,0,0,0,0,1,0,3.5,0.0,84.5,1168,1
2025-02-02,1,0,0,0,0,0,0,1,2.4,0.0,78.0,2048,1
2025-02-03,0,1,0,0,0,0,0,0,-1.4,0.0,50.0,280,0
2025-02-04,0,0,1,0,0,0,0,0,-6.2,0.0,58.1,93,0
2025-02-05,0,0,0,1,0,0,0,0,-6.4,0.0,56.1,95,0
2025-02-06,0,0,0,0,1,0,0,0,-4.1,0.0,61.9,170,0
2025-02-07,0,0,0,0,0,1,0,0,-6.4,1.0,73.6,22,0
2025-02-08,1,0,0,0,0,0,1,0,-6.6,0.0,64.4,358,1
2025-02-09,1,0,0,0,0,0,0,1,-3.9,0.0,64.1,752,1
2025-02-10,0,1,0,0,0,0,0,0,-2.6,0.0,71.5,280,0
2025-02-11,0,0,1,0,0,0,0,0,0.3,0.0,55.0,437,0
2025-02-12,0,0,0,1,0,0,0,0,1.1,1.0,82.1,18,0
2025-02-13,0,0,0,0,1,0,0,0,1.1,0.0,47.4,504,0
2025-02-14,0,0,0,0,0,1,0,0,3.5,0.0,63.5,978,0
2025-02-15,1,0,0,0,0,0,1,0,2.9,0.0,64.8,3500,1
2025-02-16,1,0,0,0,0,0,0,1,5.1,0.0,67.3,4319,1
2025-02-17,0,1,0,0,0,0,0,0,1.3,0.0,34.0,625,0
2025-02-18,0,0,1,0,0,0,0,0,-0.9,0.0,39.9,392,0
2025-02-19,0,0,0,1,0,0,0,0,-1.6,0.0,42.6,420,0
2025-02-20,0,0,0,0,1,0,0,0,-1.9,0.0,44.4,482,0
2025-02-21,0,0,0,0,0,1,0,0,-1.5,0.0,42.3,604,0
2025-02-22,1,0,0,0,0,0,1,0,-1.0,0.0,54.6,1888,1
2025-02-23,1,0,0,0,0,0,0,1,-2.7,0.0,47.5,1353,1
2025-02-24,0,1,0,0,0,0,0,0,-0.7,0.0,41.3,846,0
2025-02-25,0,0,1,0,0,0,0,0,1.7,0.0,58.8,921,0
2025-02-26,0,0,0,1,0,0,0,0,5.3,0.0,44.4,1440,0
2025-02-27,0,0,0,0,1,0,0,0,6.6,0.0,28.1,3257,0
2025-02-28,0,0,0,0,0,1,0,0,9.8,0.0,55.8,4263,0
2025-03-01,1,0,0,0,0,0,1,0,6.3,1.0,88.3,3108,1
2025-03-02,1,0,0,0,0,0,0,1,9.7,1.0,84.5,2076,1
2025-03-03,0,1,0,0,0,0,0,0,3.5,1.0,71.4,529,0
2025-03-04,0,0,1,0,0,0,0,0,3.4,0.0,70.4,24,0
2025-03-05,0,0,0,1,0,0,0,0,5.5,0.0,66.1,147,0
2025-03-06,0,0,0,0,1,0,0,0,5.1,0.0,56.3,110,0
2025-03-07,0,0,0,0,0,1,0,0,5.6,0.0,49.5,232,0
2025-03-08,1,0,0,0,0,0,1,0,6.2,0.0,54.0,2891,1
2025-03-09,1,0,0,0,0,0,0,1,6.8,0.0,57.3,5150,1
2025-03-10,0,1,0,0,0,0,0,0,8.2,0.0,46.9,373,0
2025-03-11,0,0,1,0,0,0,0,0,9.8,0.0,45.8,325,0
2025-03-12,0,0,0,1,0,0,0,0,9.6,0.0,62.1,238,0
2025-03-13,0,0,0,0,1,0,0,0,10.3,0.0,48.6,244,0
2025-03-14,0,0,0,0,0,1,0,0,12.9,0.0,31.8,1059,0
2025-03-15,1,0,0,0,0,0,1,0,9.8,0.0,52.5,5445,1
2025-03-16,1,0,0,0,0,0,0,1,4.5,0.0,59.4,498,1
2025-03-17,0,1,0,0,0,0,0,0,3.8,0.0,35.4,210,0
2025-03-18,0,0,1,0,0,0,0,0,1.2,1.0,77.4,16,0
2025-03-19,0,0,0,1,0,0,0,0,3.2,0.0,47.0,147,0
2025-03-20,0,0,0,0,1,0,0,0,7.6,0.0,61.4,258,0
2025-03-21,0,0,0,0,0,1,0,0,12.8,0.0,51.1,645,0
2025-03-22,1,0,0,0,0,0,1,0,14.9,0.0,42.8,7545,1
2025-03-23,1,0,0,0,0,0,0,1,16.6,0.0,40.1,7285,1
2025-03-24,0,1,0,0,0,0,0,0,16.6,0.0,53.4,574,0
2025-03-25,0,0,1,0,0,0,0,0,15.4,0.0,54.4,382,0
2025-03-26,0,0,0,1,0,0,0,0,18.5,0.0,36.0,619,0
2025-03-27,0,0,0,0,1,0,0,0,16.1,0.0,68.3,170,0
2025-03-28,0,0,0,0,0,1,0,0,7.5,0.0,42.1,669,0
2025-03-29,1,0,0,0,0,0,1,0,3.9,0.0,42.6,2495,1
2025-03-30,1,0,0,0,0,0,0,1,4.4,0.0,43.9,2365,1
2025-03-31,0,1,0,0,0,0,0,0,8.1,0.0,52.4,564,0
2025-04-01,0,0,1,0,0,0,0,0,10.3,0.0,46.9,686,0
2025-04-02,0,0,0,1,0,0,0,0,9.6,0.0,47.9,438,0
2025-04-03,0,0,0,0,1,0,0,0,10.3,0.0,57.8,485,0
2025-04-04,0,0,0,0,0,1,0,0,11.7,0.0,55.8,1372,0
2025-04-05,1,0,0,0,0,0,1,0,9.4,1.0,79.1,662,1
2025-04-06,1,0,0,0,0,0,0,1,10.7,0.0,53.6,7432,1
2025-04-07,0,1,0,0,0,0,0,0,13.8,0.0,43.0,1093,0
2025-04-08,0,0,1,0,0,0,0,0,15.6,0.0,41.4,742,0
2025-04-09,0,0,0,1,0,0,0,0,13.9,0.0,42.4,1110,0
2025-04-10,0,0,0,0,1,0,0,0,14.0,0.0,53.1,879,0
2025-04-11,0,0,0,0,0,1,0,0,16.2,0.0,47.0,2966,0
2025-04-12,1,0,0,0,0,0,1,0,14.7,1.0,57.0,3537,1
2025-04-13,1,0,0,0,0,0,0,1,5.8,1.0,68.1,1800,1
2025-04-14,0,1,0,0,0,0,0,0,5.1,1.0,81.6,82,0
2025-04-15,0,0,1,0,0,0,0,0,8.8,0.0,66.9,1421,0
2025-04-16,0,0,0,1,0,0,0,0,16.0,0.0,50.9,2573,0
2025-04-17,0,0,0,0,1,0,0,0,21.8,0.0,54.1,2028,0
2025-04-18,0,0,0,0,0,1,0,0,21.4,0.0,63.5,2922,0
2025-04-19,1,0,0,0,0,0,1,0,20.8,1.0,70.5,6944,1
2025-04-20,1,0,0,0,0,0,0,1,17.6,0.0,78.9,6785,1
2025-04-21,0,1,0,0,0,0,0,0,21.5,0.0,62.4,1567,0
2025-04-22,0,0,1,0,0,0,0,0,17.7,1.0,91.5,212,0
2025-04-23,0,0,0,1,0,0,0,0,17.5,0.0,77.1,1869,0
2025-04-24,0,0,0,0,1,0,0,0,15.0,0.0,55.1,2265,0
2025-04-25,0,0,0,0,0,1,0,0,12.7,0.0,33.1,3883,0
2025-04-26,1,0,0,0,0,0,1,0,14.4,0.0,37.4,10180,1
2025-04-27,1,0,0,0,0,0,0,1,17.2,0.0,26.9,7330,1
2025-04-28,0,1,0,0,0,0,0,0,15.3,0.0,39.6,1349,0
2025-04-29,0,0,1,0,0,0,0,0,14.7,0.0,42.5,1488,0
2025-04-30,0,0,0,1,0,0,0,0,18.6,0.0,40.8,1954,0
2025-05-01,0,0,0,0,1,0,0,0,14.8,1.0,77.0,5638,0
2025-05-02,0,0,0,0,0,1,0,0,13.6,0.0,55.8,8065,0
2025-05-03,1,0,0,0,0,0,1,0,10.5,1.0,83.5,2479,1
2025-05-04,1,0,0,0,0,0,0,1,14.3,0.0,48.1,20083,1
2025-05-06,1,0,1,0,0,0,0,0,13.1,0.0,66.5,5696,1
2025-05-07,0,0,0,1,0,0,0,0,14.7,0.0,61.9,1133,0
2025-05-08,0,0,0,0,1,0,0,0,18.2,0.0,55.4,2136,0
2025-05-09,0,0,0,0,0,1,0,0,15.4,1.0,85.1,2122,0
2025-05-10,1,0,0,0,0,0,1,0,12.6,1.0,90.1,1422,1
2025-05-11,1,0,0,0,0,0,0,1,15.4,0.0,69.1,5558,1
2025-05-12,0,1,0,0,0,0,0,0,17.7,0.0,59.4,3022,0
2025-05-13,0,0,1,0,0,0,0,0,19.3,0.0,53.5,1655,0
2025-05-14,0,0,0,1,0,0,0,0,21.0,0.0,51.8,1941,0
2025-05-15,0,0,0,0,1,0,0,0,21.6,1.0,81.3,1803,0
2025-05-16,0,0,0,0,0,1,0,0,20.5,1.0,88.8,2664,0
2025-05-17,1,0,0,0,0,0,1,0,19.4,0.0,81.3,7626,1
2025-05-18,1,0,0,0,0,0,0,1,16.2,0.0,56.6,6361,1
2025-05-19,0,1,0,0,0,0,0,0,18.8,0.0,65.1,2091,0
2025-05-20,0,0,1,0,0,0,0,0,25.4,0.0,71.6,1643,0
2025-05-21,0,0,0,1,0,0,0,0,25.5,0.0,72.4,1063,0
2025-05-22,0,0,0,0,1,0,0,0,21.2,0.0,80.3,1166,0
2025-05-23,0,0,0,0,0,1,0,0,19.9,0.0,43.5,2502,0
2025-05-24,1,0,0,0,0,0,1,0,16.0,0.0,60.5,5446,1
2025-05-25,1,0,0,0,0,0,0,1,17.8,0.0,64.9,7277,1
2025-05-26,0,1,0,0,0,0,0,0,19.7,0.0,54.1,955,0
2025-05-27,0,0,1,0,0,0,0,0,20.5,0.0,52.6,1112,0
2025-05-28,0,0,0,1,0,0,0,0,20.7,0.0,56.3,1098,0
2025-05-29,0,0,0,0,1,0,0,0,20.6,0.0,58.5,822,0
2025-05-30,0,0,0,0,0,1,0,0,20.4,0.0,52.8,1669,0
2025-05-31,1,0,0,0,0,0,1,0,20.4,0.0,58.8,8430,1
2025-06-01,1,0,0,0,0,0,0,1,22.4,0.0,56.8,5291,1
2025-06-02,0,1,0,0,0,0,0,0,20.4,0.0,65.6,1455,0
2025-06-03,1,0,1,0,0,0,0,0,21.1,0.0,53.9,5239,1
2025-06-04,0,0,0,1,0,0,0,0,20.8,0.0,48.9,853,0
2025-06-05,0,0,0,0,1,0,0,0,21.2,0.0,47.3,1657,0
2025-06-06,1,0,0,0,0,1,0,0,23.7,0.0,40.8,8557,1
2025-06-07,1,0,0,0,0,0,1,0,24.3,0.0,53.1,10047,1
2025-06-08,1,0,0,0,0,0,0,1,25.5,0.0,65.9,3915,1
2025-06-09,0,1,0,0,0,0,0,0,25.5,0.0,62.9,457,0
2025-06-10,0,0,1,0,0,0,0,0,23.6,0.0,66.6,372,0
2025-06-11,0,0,0,1,0,0,0,0,23.1,0.0,48.8,444,0
2025-06-12,0,0,0,0,1,0,0,0,25.1,0.0,43.6,413,0
2025-06-13,0,0,0,0,0,1,0,0,21.3,1.0,73.9,314,0
2025-06-14,1,0,0,0,0,0,1,0,23.8,1.0,84.8,2770,1
2025-06-15,1,0,0,0,0,0,0,1,26.3,1.0,73.4,2050,1
2025-06-16,0,1,0,0,0,0,0,0,24.2,1.0,83.1,446,0
2025-06-17,0,0,1,0,0,0,0,0,25.0,1.0,74.6,576,0
2025-06-18,0,0,0,1,0,0,0,0,25.8,0.0,62.8,462,0
2025-06-19,0,0,0,0,1,0,0,0,27.2,0.0,63.6,311,0
2025-06-20,0,0,0,0,0,1,0,0,24.9,1.0,85.5,83,0
2025-06-21,1,0,0,0,0,0,1,0,21.1,1.0,94.9,214,1
2025-06-22,1,0,0,0,0,0,0,1,23.3,0.0,71.1,4393,1
2025-06-23,0,1,0,0,0,0,0,0,25.1,0.0,65.5,439,0
2025-06-24,0,0,1,0,0,0,0,0,21.9,1.0,76.5,155,0
2025-06-25,0,0,0,1,0,0,0,0,21.2,1.0,84.8,239,0
2025-06-26,0,0,0,0,1,0,0,0,22.9,0.0,80.6,347,0
2025-06-27,0,0,0,0,0,1,0,0,25.3,0.0,75.5,751,0
2025-06-28,1,0,0,0,0,0,1,0,27.5,0.0,79.1,2246,1
2025-06-29,1,0,0,0,0,0,0,1,28.7,0.0,71.9,1824,1
2025-06-30,0,1,0,0,0,0,0,0,29.1,0.0,69.8,209,0
2025-07-01,0,0,1,0,0,0,0,0,29.0,0.0,73.9,155,0
2025-07-02,0,0,0,1,0,0,0,0,29.4,0.0,71.3,192,0
2025-07-03,0,0,0,0,1,0,0,0,28.6,0.0,69.1,147,0
2025-07-04,0,0,0,0,0,1,0,0,27.9,0.0,72.1,320,0
2025-07-05,1,0,0,0,0,0,1,0,28.6,0.0,71.1,1477,1
2025-07-06,1,0,0,0,0,0,0,1,29.0,0.0,72.3,826,1
2025-07-07,0,1,0,0,0,0,0,0,30.0,0.0,74.5,155,0
2025-07-08,0,0,1,0,0,0,0,0,31.4,0.0,65.9,63,0
2025-07-09,0,0,0,1,0,0,0,0,31.0,0.0,48.1,70,0
2025-07-10,0,0,0,0,1,0,0,0,29.8,0.0,42.4,100,0
2025-07-11,0,0,0,0,0,1,0,0,29.0,0.0,44.9,245,0
2025-07-12,1,0,0,0,0,0,1,0,28.6,0.0,54.4,1191,1
2025-07-13,1,0,0,0,0,0,0,1,25.3,1.0,78.9,772,1
2025-07-14,0,1,0,0,0,0,0,0,23.4,1.0,83.3,271,0
2025-07-15,0,0,1,0,0,0,0,0,22.9,1.0,84.8,210,0
2025-07-16,0,0,0,1,0,0,0,0,22.6,1.0,90.8,51,0
2025-07-17,1,0,0,0,1,0,0,0,22.0,1.0,96.6,31,1
2025-07-18,0,0,0,0,0,1,0,0,24.3,0.0,90.3,113,0
2025-07-19,1,0,0,0,0,0,1,0,24.6,1.0,93.1,366,1
2025-07-20,1,0,0,0,0,0,0,1,27.9,0.0,77.3,2345,1
2025-07-21,0,1,0,0,0,0,0,0,28.4,0.0,76.1,210,0
2025-07-22,0,0,1,0,0,0,0,0,28.6,1.0,78.0,500,0
2025-07-23,0,0,0,1,0,0,0,0,28.9,0.0,75.0,760,0
2025-07-24,0,0,0,0,1,0,0,0,29.9,0.0,70.1,323,0
2025-07-25,0,0,0,0,0,1,0,0,30.4,0.0,68.0,393,0
2025-07-26,1,0,0,0,0,0,1,0,30.6,0.0,66.8,993,1
2025-07-27,1,0,0,0,0,0,0,1,31.6,0.0,61.5,976,1
2025-07-28,0,1,0,0,0,0,0,0,30.9,0.0,66.3,774,0
2025-07-29,0,0,1,0,0,0,0,0,31.2,0.0,62.6,588,0
2025-07-30,0,0,0,1,0,0,0,0,30.9,0.0,59.6,705,0
2025-07-31,0,0,0,0,1,0,0,0,29.9,0.0,61.9,845,0
2025-08-01,0,0,0,0,0,1,0,0,30.4,0.0,64.5,971,0
2025-08-02,1,0,0,0,0,0,1,0,31.2,0.0,65.3,1428,1
2025-08-03,1,0,0,0,0,0,0,1,27.4,1.0,80.8,1256,1
2025-08-04,0,1,0,0,0,0,0,0,28.4,1.0,81.0,465,0
2025-08-05,0,0,1,0,0,0,0,0,29.3,0.0,71.0,451,0
2025-08-06,0,0,0,1,0,0,0,0,28.0,1.0,84.3,264,0
2025-08-07,0,0,0,0,1,0,0,0,27.5,0.0,74.5,511,0
2025-08-08,0,0,0,0,0,1,0,0,26.1,0.0,75.0,759,0
2025-08-09,1,0,0,0,0,0,1,0,24.3,0.0,89.6,1475,1
2025-08-10,1,0,0,0,0,0,0,1,26.2,0.0,73.5,2914,1
2025-08-11,0,1,0,0,0,0,0,0,24.3,1.0,86.4,960,0
2025-08-12,0,0,1,0,0,0,0,0,24.3,0.0,82.8,832,0
2025-08-13,0,0,0,1,0,0,0,0,26.8,1.0,86.0,582,0
2025-08-14,0,0,0,0,1,0,0,0,28.5,0.0,74.5,1090,0
2025-08-15,1,0,0,0,0,1,0,0,28.9,0.0,78.6,5223,1
2025-08-16,1,0,0,0,0,0,1,0,28.6,0.0,74.6,4962,1
2025-08-17,1,0,0,0,0,0,0,1,28.2,0.0,76.3,2465,1
2025-08-18,0,1,0,0,0,0,0,0,29.2,0.0,70.9,758,0
2025-08-19,0,0,1,0,0,0,0,0,29.0,0.0,73.0,688,0
2025-08-20,0,0,0,1,0,0,0,0,29.5,0.0,70.9,378,0
2025-08-21,0,0,0,0,1,0,0,0,29.9,0.0,70.3,382,0
2025-08-22,0,0,0,0,0,1,0,0,29.8,0.0,70.1,1106,0
2025-08-23,1,0,0,0,0,0,1,0,29.2,0.0,73.1,3886,1
2025-08-24,1,0,0,0,0,0,0,1,30.6,0.0,65.3,2439,1
2025-08-25,0,1,0,0,0,0,0,0,30.3,0.0,70.0,185,0
2025-08-26,0,0,1,0,0,0,0,0,26.2,1.0,87.0,515,0
2025-08-27,0,0,0,1,0,0,0,0,26.9,0.0,76.9,674,0
2025-08-28,0,0,0,0,1,0,0,0,28.1,0.0,72.8,555,0
2025-08-29,0,0,0,0,0,1,0,0,29.3,0.0,74.4,443,0
2025-08-30,1,0,0,0,0,0,1,0,29.4,0.0,72.0,3905,1
2025-08-31,1,0,0,0,0,0,0,1,27.9,0.0,76.9,1279,1
2025-09-01,0,1,0,0,0,0,0,0,26.8,1.0,82.4,233,0
2025-09-02,0,0,1,0,0,0,0,0,25.4,0.0,79.5,243,0
2025-09-03,0,0,0,1,0,0,0,0,26.0,1.0,79.4,217,0
2025-09-04,0,0,0,0,1,0,0,0,26.1,0.0,82.1,233,0
2025-09-05,0,0,0,0,0,1,0,0,28.1,0.0,72.3,800,0
2025-09-06,1,0,0,0,0,0,1,0,28.0,1.0,76.3,4474,1
2025-09-07,1,0,0,0,0,0,0,1,24.4,1.0,90.5,1397,1
2025-09-08,0,1,0,0,0,0,0,0,22.2,0.0,85.5,360,0
2025-09-09,0,0,1,0,0,0,0,0,20.4,1.0,85.6,178,0
2025-09-10,0,0,0,1,0,0,0,0,23.8,0.0,78.4,902,0
2025-09-11,0,0,0,0,1,0,0,0,24.9,0.0,69.6,660,0
2025-09-12,0,0,0,0,0,1,0,0,22.8,1.0,83.3,755,0
2025-09-13,1,0,0,0,0,0,1,0,25.1,1.0,83.0,4296,1
2025-09-14,1,0,0,0,0,0,0,1,25.3,0.0,78.4,5287,1
2025-09-15,0,1,0,0,0,0,0,0,25.3,0.0,81.0,566,0
2025-09-16,0,0,1,0,0,0,0,0,25.8,1.0,88.0,664,0
2025-09-17,0,0,0,1,0,0,0,0,23.5,1.0,93.3,51,0
2025-09-18,0,0,0,0,1,0,0,0,21.9,0.0,80.5,1634,0
2025-09-19,0,0,0,0,0,1,0,0,20.3,1.0,77.8,1595,0
2025-09-20,1,0,0,0,0,0,1,0,20.1,1.0,90.6,6527,1
2025-09-21,1,0,0,0,0,0,0,1,21.6,0.0,75.3,6066,1
2025-09-22,0,1,0,0,0,0,0,0,21.2,0.0,66.5,941,0
2025-09-23,0,0,1,0,0,0,0,0,22.3,0.0,60.8,1591,0
2025-09-24,0,0,0,1,0,0,0,0,22.9,1.0,81.3,939,0
2025-09-25,0,0,0,0,1,0,0,0,22.2,1.0,96.4,1319,0
2025-09-26,0,0,0,0,0,1,0,0,21.3,0.0,83.5,3559,0
2025-09-27,1,0,0,0,0,0,1,0,23.1,0.0,78.3,8580,1
2025-09-28,1,0,0,0,0,0,0,1,20.4,1.0,95.3,521,1
2025-09-29,0,1,0,0,0,0,0,0,19.9,0.0,80.0,1740,0
2025-09-30,0,0,1,0,0,0,0,0,19.3,0.0,79.8,2341,0
2025-10-01,0,0,0,1,0,0,0,0,20.3,0.0,75.9,1261,0
2025-10-02,0,0,0,0,1,0,0,0,20.5,0.0,80.3,3453,0
2025-10-03,1,0,0,0,0,1,0,0,18.5,1.0,93.6,755,1
2025-10-04,1,0,0,0,0,0,1,0,20.7,1.0,94.6,5589,1
2025-10-05,1,0,0,0,0,0,0,1,21.7,0.0,94.5,4507,1
2025-10-06,1,1,0,0,0,0,0,0,19.9,1.0,95.5,1838,1
2025-10-07,1,0,1,0,0,0,0,0,19.9,1.0,95.8,2720,1
2025-10-08,1,0,0,1,0,0,0,0,21.2,1.0,91.6,11506,1
2025-10-09,1,0,0,0,1,0,0,0,21.1,0.0,76.0,10194,1
2025-10-10,0,0,0,0,0,1,0,0,21.5,0.0,73.5,5381,0
2025-10-11,1,0,0,0,0,0,1,0,23.1,0.0,72.9,10236,1
2025-10-12,1,0,0,0,0,0,0,1,20.9,0.0,88.3,3200,1
2025-10-13,0,1,0,0,0,0,0,0,18.6,1.0,93.1,102,0
2025-10-14,0,0,1,0,0,0,0,0,18.3,1.0,88.8,1675,0
2025-10-15,0,0,0,1,0,0,0,0,20.3,1.0,79.8,1730,0
2025-10-16,0,0,0,0,1,0,0,0,19.4,1.0,88.8,2231,0
2025-10-17,0,0,0,0,0,1,0,0,19.8,1.0,81.8,4313,0
2025-10-18,1,0,0,0,0,0,1,0,16.6,1.0,92.3,5410,1
2025-10-19,1,0,0,0,0,0,0,1,16.3,0.0,79.0,6114,1
2025-10-20,0,1,0,0,0,0,0,0,11.5,0.0,71.8,2304,0
2025-10-21,0,0,1,0,0,0,0,0,11.3,0.0,73.3,3462,0
2025-10-22,0,0,0,1,0,0,0,0,13.4,0.0,78.0,2171,0
2025-10-23,0,0,0,0,1,0,0,0,15.8,0.0,76.6,3606,0
2025-10-24,0,0,0,0,0,1,0,0,15.7,0.0,76.4,4768,0
2025-10-25,1,0,0,0,0,0,1,0,14.3,0.0,77.1,9769,1
2025-10-26,1,0,0,0,0,0,0,1,13.2,0.0,74.9,5410,1
2025-10-27,0,1,0,0,0,0,0,0,9.5,0.0,53.4,1094,0
2025-10-28,0,0,1,0,0,0,0,0,8.5,0.0,63.3,2275,0
2025-10-29,0,0,0,1,0,0,0,0,9.6,0.0,67.5,1893,0
2025-10-30,0,0,0,0,1,0,0,0,10.2,0.0,75.3,2187,0
2025-10-31,0,0,0,0,0,1,0,0,12.6,0.0,75.9,5376,0
2025-11-01,1,0,0,0,0,0,1,0,13.6,0.0,69.0,7367,1
2025-11-02,1,0,0,0,0,0,0,1,9.4,1.0,65.3,3985,1
2025-11-03,0,1,0,0,0,0,0,0,7.0,0.0,64.6,994,0
2025-11-04,0,0,1,0,0,0,0,0,10.5,0.0,72.6,886,0
2025-11-05,0,0,0,1,0,0,0,0,10.4,0.0,78.1,1297,0
2025-11-06,0,0,0,0,1,0,0,0,11.3,0.0,79.4,1663,0
2025-11-07,0,0,0,0,0,1,0,0,13.3,0.0,73.6,2839,0
2025-11-08,1,0,0,0,0,0,1,0,13.7,0.0,77.8,6139,1
2025-11-09,1,0,0,0,0,0,0,1,13.7,0.0,66.3,3941,1
2025-11-10,0,1,0,0,0,0,0,0,8.9,0.0,42.0,742,0
2025-11-11,0,0,1,0,0,0,0,0,8.2,0.0,58.8,699,0
2025-11-12,0,0,0,1,0,0,0,0,8.8,0.0,70.6,575,0
2025-11-13,0,0,0,0,1,0,0,0,9.3,0.0,70.0,1611,0
2025-11-14,0,0,0,0,0,1,0,0,8.5,0.0,66.0,2211,0
2025-11-15,1,0,0,0,0,0,1,0,8.8,0.0,63.0,6062,1
2025-11-16,1,0,0,0,0,0,0,1,11.2,0.0,64.5,4275,1
2025-11-17,0,1,0,0,0,0,0,0,5.6,0.0,52.8,540,0
2025-11-18,0,0,1,0,0,0,0,0,3.0,0.0,52.5,312,0
2025-11-19,0,0,0,1,0,0,0,0,4.4,0.0,55.3,583,0
2025-11-20,0,0,0,0,1,0,0,0,8.5,0.0,61.9,484,0
2025-11-21,0,0,0,0,0,1,0,0,7.0,0.0,56.1,856,0
2025-11-22,1,0,0,0,0,0,1,0,7.6,0.0,67.8,4045,1
2025-11-23,1,0,0,0,0,0,0,1,8.8,0.0,71.6,3261,1
2025-11-24,0,1,0,0,0,0,0,0,12.0,0.0,72.4,639,0
2025-11-25,0,0,1,0,0,0,0,0,8.0,1.0,75.9,102,0
2025-11-26,0,0,0,1,0,0,0,0,7.2,0.0,64.0,740,0
2025-11-27,0,0,0,0,1,0,0,0,5.2,1.0,76.5,67,0
2025-11-28,0,0,0,0,0,1,0,0,3.7,0.0,50.0,777,0
2025-11-29,1,0,0,0,0,0,1,0,6.6,0.0,62.9,3672,1
2025-11-30,1,0,0,0,0,0,0,1,13.9,0.0,70.4,3187,1
2025-12-01,0,1,0,0,0,0,0,0,7.9,0.0,49.9,562,0
2025-12-02,0,0,1,0,0,0,0,0,2.2,0.0,43.9,241,0
2025-12-03,0,0,0,1,0,0,0,0,-3.2,0.0,49.4,163,0
2025-12-04,0,0,0,0,1,0,0,0,-1.6,1.0,61.1,166,0
2025-12-05,0,0,0,0,0,1,0,0,-1.1,0.0,54.3,273,0
2025-12-06,1,0,0,0,0,0,1,0,4.3,0.0,64.0,1554,1
2025-12-07,1,0,0,0,0,0,0,1,10.4,0.0,74.3,2678,1
2025-12-08,0,1,0,0,0,0,0,0,4.9,0.0,33.8,296,0
2025-12-09,0,0,1,0,0,0,0,0,2.2,0.0,58.3,192,0
2025-12-10,0,0,0,1,0,0,0,0,5.1,0.0,66.5,323,0
2025-12-11,0,0,0,0,1,0,0,0,5.0,1.0,71.9,930,0
2025-12-12,0,0,0,0,0,1,0,0,3.1,0.0,58.8,431,0
2025-12-13,1,0,0,0,0,0,1,0,3.6,1.0,82.4,610,1
2025-12-14,1,0,0,0,0,0,0,1,1.1,0.0,78.0,917,1
2025-12-15,0,1,0,0,0,0,0,0,1.8,0.0,77.9,305,0
2025-12-16,0,0,1,0,0,0,0,0,5.7,0.0,79.1,237,0
2025-12-17,0,0,0,1,0,0,0,0,5.2,0.0,68.4,253,0
2025-12-18,0,0,0,0,1,0,0,0,2.4,0.0,62.8,282,0
2025-12-19,0,0,0,0,0,1,0,0,4.7,0.0,68.4,354,0
2025-12-20,1,0,0,0,0,0,1,0,7.7,1.0,82.3,1273,1
2025-12-21,1,0,0,0,0,0,0,1,-0.1,0.0,45.0,1428,1
2025-12-22,0,1,0,0,0,0,0,0,-0.5,0.0,55.6,432,0
2025-12-23,0,0,1,0,0,0,0,0,1.7,1.0,76.9,174,0
2025-12-24,0,0,0,1,0,0,0,0,2.6,1.0,88.4,263,0
2025-12-25,1,0,0,0,1,0,0,0,-1.7,0.0,63.8,2540,1
2025-12-26,0,0,0,0,0,1,0,0,-6.2,0.0,41.9,373,0
2025-12-27,1,0,0,0,0,0,1,0,-2.2,0.0,69.3,1081,1
2025-12-28,1,0,0,0,0,0,0,1,3.6,0.0,77.5,1459,1
2025-12-29,0,1,0,0,0,0,0,0,5.3,1.0,79.4,786,0
2025-12-30,0,0,1,0,0,0,0,0,0.4,0.0,46.9,757,0
2025-12-31,0,0,0,1,0,0,0,0,-3.4,0.0,44.8,384,0
2026-01-01,1,0,0,0,1,0,0,0,-6.2,0.0,42.0,735,1
2026-01-02,0,0,0,0,0,1,0,0,-6.2,0.0,53.1,419,0
2026-01-03,1,0,0,0,0,0,1,0,-2.9,0.0,65.0,988,1
2026-01-04,1,0,0,0,0,0,0,1,2.5,0.0,62.5,1084,1
2026-01-05,0,1,0,0,0,0,0,0,-0.2,0.0,52.1,418,0
2026-01-06,0,0,1,0,0,0,0,0,-0.7,0.0,47.9,242,0
2026-01-07,0,0,0,1,0,0,0,0,1.3,0.0,54.6,251,0
2026-01-08,0,0,0,0,1,0,0,0,-3.6,0.0,37.8,221,0
2026-01-09,0,0,0,0,0,1,0,0,1.2,0.0,55.5,324,0
2026-01-10,1,0,0,0,0,0,1,0,3.9,1.0,54.8,497,1
2026-01-11,1,0,0,0,0,0,0,1,-5.0,0.0,48.3,346,1
2026-01-12,0,1,0,0,0,0,0,0,-1.5,1.0,68.4,234,0
2026-01-13,0,0,1,0,0,0,0,0,0.5,0.0,53.3,110,0
2026-01-14,0,0,0,1,0,0,0,0,-1.0,0.0,42.3,179,0
2026-01-15,0,0,0,0,1,0,0,0,7.9,0.0,73.3,413,0
2026-01-16,0,0,0,0,0,1,0,0,2.6,0.0,81.0,472,0
2026-01-17,1,0,0,0,0,0,1,0,2.5,0.0,58.6,2223,1
2026-01-18,1,0,0,0,0,0,0,1,1.6,0.0,57.4,2088,1
2026-01-19,0,1,0,0,0,0,0,0,-1.0,0.0,59.5,278,0
2026-01-20,0,0,1,0,0,0,0,0,-6.4,0.0,44.3,116,0
2026-01-21,0,0,0,1,0,0,0,0,-7.1,0.0,56.8,187,0
2026-01-22,0,0,0,0,1,0,0,0,-6.9,0.0,53.6,61,0
2026-01-23,0,0,0,0,0,1,0,0,-3.8,0.0,65.8,224,0
2026-01-24,1,0,0,0,0,0,1,0,-3.0,0.0,53.8,703,1
2026-01-25,1,0,0,0,0,0,0,1,-4.0,0.0,43.9,806,1
2026-01-26,0,1,0,0,0,0,0,0,-3.5,0.0,56.8,471,0
2026-01-27,0,0,1,0,0,0,0,0,-1.8,0.0,47.9,221,0
2026-01-28,0,0,0,1,0,0,0,0,-4.0,0.0,35.9,215,0
2026-01-29,0,0,0,0,1,0,0,0,-3.0,0.0,41.8,202,0
2026-01-30,0,0,0,0,0,1,0,0,-4.6,0.0,40.0,310,0
2026-01-31,1,0,0,0,0,0,1,0,-3.6,0.0,49.0,1070,1
2026-02-01,1,0,0,0,0,0,0,1,-1.0,0.0,51.0,1093,1
2026-02-02,0,1,0,0,0,0,0,0,-1.9,1.0,64.8,252,0
2026-02-03,0,0,1,0,0,0,0,0,-0.5,0.0,63.5,188,0
2026-02-04,0,0,0,1,0,0,0,0,2.1,0.0,68.3,306,0
2026-02-05,0,0,0,0,1,0,0,0,4.8,0.0,66.3,528,0
2026-02-06,0,0,0,0,0,1,0,0,-2.9,0.0,38.4,263,0
2026-02-07,1,0,0,0,0,0,1,0,-5.7,0.0,39.8,770,1
2026-02-08,1,0,0,0,0,0,0,1,-6.7,0.0,50.4,434,1
2026-02-09,0,1,0,0,0,0,0,0,-2.0,0.0,55.3,387,0
2026-02-10,0,0,1,0,0,0,0,0,1.5,0.0,71.1,173,0
2026-02-11,0,0,0,1,0,0,0,0,3.1,0.0,73.9,334,0
2026-02-12,0,0,0,0,1,0,0,0,2.6,0.0,61.5,374,0
2026-02-13,0,0,0,0,0,1,0,0,4.6,0.0,65.4,681,0
2026-02-14,1,0,0,0,0,0,1,0,6.6,0.0,73.3,2689,1
2026-02-15,1,0,0,0,0,0,0,1,5.8,0.0,60.9,3278,1
2026-02-16,0,1,0,0,0,0,0,0,2.1,0.0,45.8,3680,0
2026-02-17,0,0,1,0,0,0,0,0,1.9,0.0,52.8,3557,0
2026-02-18,0,0,0,1,0,0,0,0,3.5,0.0,49.0,3331,0
2026-02-19,0,0,0,0,1,0,0,0,2.1,0.0,47.9,1160,0
2026-02-20,0,0,0,0,0,1,0,0,5.6,0.0,49.0,1410,0
2026-02-21,1,0,0,0,0,0,1,0,10.6,0.0,44.6,8201,1
2026-02-22,1,0,0,0,0,0,0,1,9.4,0.0,44.8,3104,1
2026-02-23,0,1,0,0,0,0,0,0,3.0,0.0,31.8,1306,0
2026-02-24,0,0,1,0,0,0,0,0,0.8,1.0,71.4,84,0
2026-02-25,0,0,0,1,0,0,0,0,6.3,0.0,66.6,1490,0
2026-02-26,0,0,0,0,1,0,0,0,7.7,0.0,61.6,3075,0
2026-02-27,0,0,0,0,0,1,0,0,8.2,0.0,68.3,3161,0
2026-02-28,1,0,0,0,0,0,1,0,7.9,0.0,63.0,8158,1
2026-03-01,1,0,0,0,0,0,0,1,8.6,0.0,57.3,7811,1
2026-03-02,0,1,0,0,0,0,0,0,5.9,1.0,80.3,197,0
2026-03-03,0,0,1,0,0,0,0,0,6.9,0.0,70.8,197,0
2026-03-04,0,0,0,1,0,0,0,0,6.5,0.0,55.9,221,0
2026-03-05,0,0,0,0,1,0,0,0,7.4,1.0,69.3,1201,0
2026-03-06,0,0,0,0,0,1,0,0,2.0,1.0,76.5,104,0
2026-03-07,1,0,0,0,0,0,1,0,1.5,0.0,51.0,1709,1
2026-03-08,1,0,0,0,0,0,0,1,2.2,0.0,46.9,2229,1
2026-03-09,0,1,0,0,0,0,0,0,2.8,0.0,56.4,143,0
2026-03-10,0,0,1,0,0,0,0,0,3.6,0.0,56.1,172,0
2026-03-11,0,0,0,1,0,0,0,0,4.9,0.0,52.9,234,0
2026-03-12,0,0,0,0,1,0,0,0,6.8,0.0,58.4,221,0
2026-03-13,0,0,0,0,0,1,0,0,7.4,0.0,46.4,400,0
2026-03-14,1,0,0,0,0,0,1,0,7.6,0.0,45.3,4695,1
2026-03-15,1,0,0,0,0,0,0,1,6.2,0.0,66.4,2120,1
2026-03-16,0,1,0,0,0,0,0,0,7.5,0.0,60.9,362,0
2026-03-17,0,0,1,0,0,0,0,0,9.3,0.0,46.1,383,0
2026-03-18,0,0,0,1,0,0,0,0,6.2,1.0,87.8,37,0
2026-03-19,0,0,0,0,1,0,0,0,6.0,0.0,51.1,324,0
2026-03-20,0,0,0,0,0,1,0,0,6.9,0.0,57.5,622,0
2026-03-21,1,0,0,0,0,0,1,0,8.9,0.0,51.6,6262,1
2026-03-22,1,0,0,0,0,0,0,1,10.6,0.0,36.1,5617,1
2026-03-23,0,1,0,0,0,0,0,0,11.8,0.0,35.5,797,0
2026-03-24,0,0,1,0,0,0,0,0,13.4,0.0,44.5,600,0
2026-03-25,0,0,0,1,0,0,0,0,13.3,0.0,50.0,507,0
2026-03-26,0,0,0,0,1,0,0,0,13.1,0.0,50.8,607,0
2026-03-27,0,0,0,0,0,1,0,0,13.3,0.0,47.3,918,0
2026-03-28,1,0,0,0,0,0,1,0,13.2,0.0,50.9,7953,1
2026-03-29,1,0,0,0,0,0,0,1,13.9,0.0,38.8,6587,1
2026-03-30,0,1,0,0,0,0,0,0,12.9,1.0,61.4,605,0
2026-03-31,0,0,1,0,0,0,0,0,14.0,1.0,72.3,342,0
2026-04-01,0,0,0,1,0,0,0,0,13.3,0.0,61.5,669,0
2026-04-02,0,0,0,0,1,0,0,0,11.6,0.0,54.4,829,0
2026-04-03,0,0,0,0,0,1,0,0,14.6,0.0,57.4,1293,0
2026-04-04,1,0,0,0,0,0,1,0,11.5,1.0,86.3,2782,1
2026-04-05,1,0,0,0,0,0,0,1,11.6,0.0,54.3,6799,1
2026-04-06,0,1,0,0,0,0,0,0,10.0,1.0,77.1,517,0
2026-04-07,0,0,1,0,0,0,0,0,8.2,0.0,37.0,687,0
2026-06-04,0,0,0,0,1,0,0,0,24.4,1.0,71.4,2,0
2026-06-05,0,0,0,0,0,1,0,0,21.3,0.0,55.8,1207,0
2026-06-06,1,0,0,0,0,0,1,0,22.4,0.0,50.0,5592,1
2026-06-07,1,0,0,0,0,0,0,1,23.3,0.0,57.3,4951,1
2026-06-08,0,1,0,0,0,0,0,0,20.6,0.0,66.8,1119,0
2026-06-09,0,0,1,0,0,0,0,0,21.8,0.0,60.0,879,0
2026-06-10,0,0,0,1,0,0,0,0,21.8,0.0,52.3,858,0
2026-06-11,0,0,0,0,1,0,0,0,21.2,0.0,63.1,758,0
2026-06-12,0,0,0,0,0,1,0,0,22.0,0.0,60.4,928,0
2026-06-13,1,0,0,0,0,0,1,0,24.2,0.0,50.5,7700,1
2026-06-14,1,0,0,0,0,0,0,1,22.9,1.0,71.9,4524,1
2026-06-15,0,1,0,0,0,0,0,0,24.8,0.0,57.3,856,0
2026-06-16,0,0,1,0,0,0,0,0,26.8,0.0,53.0,940,0
2026-06-17,0,0,0,1,0,0,0,0,25.0,1.0,72.0,692,0
2026-06-18,0,0,0,0,1,0,0,0,25.7,0.0,76.4,524,0
2026-06-19,0,0,0,0,0,1,0,0,25.8,1.0,76.4,693,0
2026-06-20,1,0,0,0,0,0,1,0,22.1,1.0,92.4,1391,1
2026-06-21,1,0,0,0,0,0,0,1,23.1,0.0,75.8,7113,1
2026-06-22,0,1,0,0,0,0,0,0,22.5,1.0,81.3,783,0
2026-06-23,0,0,1,0,0,0,0,0,22.3,0.0,67.9,798,0
2026-06-24,0,0,0,1,0,0,0,0,22.2,0.0,63.0,909,0
2026-06-25,0,0,0,0,1,0,0,0,22.9,0.0,69.6,540,0
2026-06-26,0,0,0,0,0,1,0,0,23.8,0.0,64.5,1024,0
2026-06-27,1,0,0,0,0,0,1,0,25.4,0.0,62.1,7560,1
2026-06-28,1,0,0,0,0,0,0,1,25.8,0.0,64.6,4372,1
2026-06-29,0,1,0,0,0,0,0,0,26.5,0.0,68.8,798,0
2026-06-30,0,0,1,0,0,0,0,0,26.0,1.0,68.3,518,0
