holiday,weekend,mon,tue,wed,thur,fri,sat,sun,temperature,rain,humidity
1,1,0,0,0,0,0,0,1,-0.8,0.0,54.1
0,0,1,0,0,0,0,0,0,-3.0,0.0,40.6
0,0,0,1,0,0,0,0,0,-3.5,0.0,55.0
0,0,0,0,1,0,0,0,0,-1.5,0.0,53.3
0,0,0,0,0,1,0,0,0,-1.1,0.0,66.1
0,0,0,0,0,0,1,0,0,1.1,2.1,72.4
1,1,0,0,0,0,0,1,0,2.6,0.7,62.1
1,1,0,0,0,0,0,0,1,1.2,0.0,62.4
0,0,1,0,0,0,0,0,0,1.9,0.0,62.5
0,0,0,1,0,0,0,0,0,1.2,0.0,55.8
0,0,0,0,1,0,0,0,0,2.2,0.0,55.0
0,0,0,0,0,1,0,0,0,5.1,0.0,52.6
0,0,0,0,0,0,1,0,0,9.0,21.6,94.4
1,1,0,0,0,0,0,1,0,7.3,2.6,93.0
1,1,0,0,0,0,0,0,1,0.4,0.5,81.0
0,0,1,0,0,0,0,0,0,-3.1,0.0,58.5
0,0,0,1,0,0,0,0,0,-2.4,0.0,55.1
0,0,0,0,1,0,0,0,0,-0.8,0.0,61.6
0,0,0,0,0,1,0,0,0,0.6,0.0,56.3
0,0,0,0,0,0,1,0,0,-1.0,0.2,43.1
1,1,0,0,0,0,0,1,0,-3.3,0.0,51.0
1,1,0,0,0,0,0,0,1,-0.5,0.0,58.1
1,0,1,0,0,0,0,0,0,0.6,0.0,61.5
1,0,0,1,0,0,0,0,0,-10.9,0.0,50.8
0,0,0,0,1,0,0,0,0,-11.4,0.0,42.9
0,0,0,0,0,1,0,0,0,-5.8,0.7,70.1
0,0,0,0,0,0,1,0,0,-6.0,0.0,55.1
1,1,0,0,0,0,0,1,0,-5.8,0.0,60.4
1,1,0,0,0,0,0,0,1,-1.1,0.0,63.4
0,0,1,0,0,0,0,0,0,-0.4,0.0,42.8
0,0,0,1,0,0,0,0,0,2.3,0.0,54.8
0,0,0,0,1,0,0,0,0,3.1,0.0,53.9
0,0,0,0,0,1,0,0,0,-1.5,0.0,42.8
0,0,0,0,0,0,1,0,0,-0.8,0.0,41.4
1,1,0,0,0,0,0,1,0,-0.6,0.0,53.8
1,1,0,0,0,0,0,0,1,0.7,0.0,57.6
0,0,1,0,0,0,0,0,0,2.1,0.0,52.8
0,0,0,1,0,0,0,0,0,2.9,0.0,52.5
0,0,0,0,1,0,0,0,0,1.8,0.0,53.4
0,0,0,0,0,1,0,0,0,3.5,1.1,54.4
0,0,0,0,0,0,1,0,0,2.9,3.0,83.1
1,1,0,0,0,0,0,1,0,0.9,0.0,83.6
1,1,0,0,0,0,0,0,1,1.9,0.0,79.3
0,0,1,0,0,0,0,0,0,6.3,0.0,62.3
0,0,0,1,0,0,0,0,0,2.4,0.0,53.0
0,0,0,0,1,0,0,0,0,3.4,0.0,55.6
0,0,0,0,0,1,0,0,0,2.7,0.0,63.6
0,0,0,0,0,0,1,0,0,4.2,0.0,51.0
1,1,0,0,0,0,0,1,0,6.4,0.8,55.6
1,1,0,0,0,0,0,0,1,3.6,0.5,59.6
0,0,1,0,0,0,0,0,0,-0.1,0.0,43.4
0,0,0,1,0,0,0,0,0,-1.1,0.0,35.6
0,0,0,0,1,0,0,0,0,2.1,0.0,48.9
0,0,0,0,0,1,0,0,0,3.4,0.0,48.4
0,0,0,0,0,0,1,0,0,2.9,0.0,49.3
1,1,0,0,0,0,0,1,0,0.7,0.0,41.5
1,1,0,0,0,0,0,0,1,1.9,0.0,37.0
0,0,1,0,0,0,0,0,0,4.4,0.0,38.5
0,0,0,1,0,0,0,0,0,5.8,0.0,54.3
1,0,0,0,1,0,0,0,0,6.6,0.0,52.5
0,0,0,0,0,1,0,0,0,2.3,0.0,25.9
0,0,0,0,0,0,1,0,0,4.2,0.0,45.9
1,1,0,0,0,0,0,1,0,6.4,0.0,53.3
1,1,0,0,0,0,0,0,1,7.9,0.0,41.0
0,0,1,0,0,0,0,0,0,8.3,0.0,38.6
0,0,0,1,0,0,0,0,0,11.9,0.0,41.6
0,0,0,0,1,0,0,0,0,14.5,0.0,34.9
0,0,0,0,0,1,0,0,0,13.9,0.0,57.3
0,0,0,0,0,0,1,0,0,14.3,0.0,48.4
1,1,0,0,0,0,0,1,0,16.4,0.0,33.0
1,1,0,0,0,0,0,0,1,6.8,12.4,62.1
0,0,1,0,0,0,0,0,0,3.5,0.0,31.6
0,0,0,1,0,0,0,0,0,9.4,0.0,38.4
0,0,0,0,1,0,0,0,0,11.5,0.0,56.4
0,0,0,0,0,1,0,0,0,6.1,0.0,24.4
0,0,0,0,0,0,1,0,0,7.3,0.0,35.4
1,1,0,0,0,0,0,1,0,9.3,0.0,32.0
1,1,0,0,0,0,0,0,1,8.7,0.0,41.4
0,0,1,0,0,0,0,0,0,10.6,0.0,37.8
0,0,0,1,0,0,0,0,0,14.0,0.0,32.5
0,0,0,0,1,0,0,0,0,17.0,0.0,44.9
0,0,0,0,0,1,0,0,0,15.0,11.4,77.0
0,0,0,0,0,0,1,0,0,12.4,0.0,55.0
1,1,0,0,0,0,0,1,0,10.8,0.0,65.5
1,1,0,0,0,0,0,0,1,9.7,0.0,36.0
0,0,1,0,0,0,0,0,0,7.4,0.0,35.5
0,0,0,1,0,0,0,0,0,8.7,0.0,47.1
0,0,0,0,1,0,0,0,0,11.8,0.0,43.5
0,0,0,0,0,1,0,0,0,14.2,0.0,30.3
0,0,0,0,0,0,1,0,0,14.7,0.0,31.0
1,1,0,0,0,0,0,1,0,16.8,0.0,30.9
1,1,0,0,0,0,0,0,1,16.9,0.0,26.8
0,0,1,0,0,0,0,0,0,16.8,0.0,25.8
0,0,0,1,0,0,0,0,0,15.2,7.6,50.9
0,0,0,0,1,0,0,0,0,12.1,18.5,91.0
0,0,0,0,0,1,0,0,0,8.7,4.2,88.5
0,0,0,0,0,0,1,0,0,9.0,0.3,60.0
1,1,0,0,0,0,0,1,0,8.6,0.0,44.4
1,1,0,0,0,0,0,0,1,10.1,0.0,47.0
0,0,1,0,0,0,0,0,0,12.6,0.0,45.1
0,0,0,1,0,0,0,0,0,14.7,0.0,65.5
0,0,0,0,1,0,0,0,0,10.9,0.0,30.1
0,0,0,0,0,1,0,0,0,13.5,0.0,28.8
0,0,0,0,0,0,1,0,0,15.1,0.0,35.8
1,1,0,0,0,0,0,1,0,12.5,13.2,74.5
1,1,0,0,0,0,0,0,1,10.9,0.0,64.5
0,0,1,0,0,0,0,0,0,13.6,0.0,51.3
0,0,0,1,0,0,0,0,0,13.8,1.3,78.3
0,0,0,0,1,0,0,0,0,20.2,0.0,65.0
0,0,0,0,0,1,0,0,0,19.9,0.0,69.5
0,0,0,0,0,0,1,0,0,17.5,0.0,61.0
1,1,0,0,0,0,0,1,0,16.2,0.0,30.4
1,1,0,0,0,0,0,0,1,15.9,0.0,36.4
0,0,1,0,0,0,0,0,0,15.0,0.0,41.9
0,0,0,1,0,0,0,0,0,9.3,1.8,74.6
0,0,0,0,1,0,0,0,0,9.5,0.0,66.8
0,0,0,0,0,1,0,0,0,12.7,0.0,51.5
0,0,0,0,0,0,1,0,0,16.2,0.0,53.6
1,1,0,0,0,0,0,1,0,14.0,7.6,81.0
1,1,0,0,0,0,0,0,1,13.5,0.0,57.4
1,0,1,0,0,0,0,0,0,14.7,0.0,49.6
0,0,0,1,0,0,0,0,0,17.0,0.0,42.1
0,0,0,0,1,0,0,0,0,19.1,0.0,46.4
0,0,0,0,0,1,0,0,0,20.1,1.8,63.0
1,0,0,0,0,0,1,0,0,19.0,83.3,92.6
1,1,0,0,0,0,0,1,0,15.1,38.6,89.3
1,1,0,0,0,0,0,0,1,12.0,0.2,66.5
0,0,1,0,0,0,0,0,0,13.7,0.0,59.3
0,0,0,1,0,0,0,0,0,16.5,0.0,54.8
0,0,0,0,1,0,0,0,0,17.3,0.0,51.9
0,0,0,0,0,1,0,0,0,18.9,0.0,45.0
0,0,0,0,0,0,1,0,0,18.5,0.0,46.4
1,1,0,0,0,0,0,1,0,18.2,0.0,54.3
1,1,0,0,0,0,0,0,1,17.8,0.0,51.3
0,0,1,0,0,0,0,0,0,20.5,0.0,50.9
0,0,0,1,0,0,0,0,0,23.5,0.0,41.9
0,0,0,0,1,0,0,0,0,23.6,0.0,44.8
0,0,0,0,0,1,0,0,0,19.2,0.0,68.0
0,0,0,0,0,0,1,0,0,20.8,0.0,61.9
1,1,0,0,0,0,0,1,0,20.6,0.0,66.6
1,1,0,0,0,0,0,0,1,18.3,0.0,69.1
0,0,1,0,0,0,0,0,0,17.5,5.7,67.8
0,0,0,1,0,0,0,0,0,18.5,0.0,62.5
0,0,0,0,1,0,0,0,0,19.9,0.0,54.8
0,0,0,0,0,1,0,0,0,21.3,0.0,45.0
0,0,0,0,0,0,1,0,0,21.8,0.0,52.9
1,1,0,0,0,0,0,1,0,20.8,0.6,79.0
1,1,0,0,0,0,0,0,1,20.2,34.7,91.8
0,0,1,0,0,0,0,0,0,20.4,28.0,89.3
0,0,0,1,0,0,0,0,0,21.6,0.0,73.0
0,0,0,0,1,0,0,0,0,22.3,0.0,53.6
0,0,0,0,0,1,0,0,0,22.4,0.0,63.9
0,0,0,0,0,0,1,0,0,21.9,0.0,67.8
1,1,0,0,0,0,0,1,0,21.9,0.0,51.6
1,1,0,0,0,0,0,0,1,22.6,0.0,50.1
0,0,1,0,0,0,0,0,0,21.5,0.0,59.3
1,0,0,1,0,0,0,0,0,21.4,0.0,62.1
0,0,0,0,1,0,0,0,0,21.7,0.0,68.0
0,0,0,0,0,1,0,0,0,22.3,0.3,69.6
0,0,0,0,0,0,1,0,0,23.2,0.3,56.8
1,1,0,0,0,0,0,1,0,23.3,1.3,63.1
1,1,0,0,0,0,0,0,1,23.5,0.0,67.5
0,0,1,0,0,0,0,0,0,23.3,0.0,65.0
0,0,0,1,0,0,0,0,0,22.8,0.0,64.0
0,0,0,0,1,0,0,0,0,22.6,0.0,60.8
0,0,0,0,0,1,0,0,0,22.3,0.0,63.9
0,0,0,0,0,0,1,0,0,24.4,0.0,57.3
1,1,0,0,0,0,0,1,0,25.0,0.0,54.3
1,1,0,0,0,0,0,0,1,26.1,0.0,50.4
0,0,1,0,0,0,0,0,0,27.0,0.0,51.6
0,0,0,1,0,0,0,0,0,23.7,2.9,61.0
0,0,0,0,1,0,0,0,0,21.3,1.6,87.1
0,0,0,0,0,1,0,0,0,22.9,0.0,69.3
0,0,0,0,0,0,1,0,0,25.7,0.0,61.3
1,1,0,0,0,0,0,1,0,27.1,0.0,59.9
1,1,0,0,0,0,0,0,1,26.7,0.0,58.0
0,0,1,0,0,0,0,0,0,23.8,54.5,89.8
0,0,0,1,0,0,0,0,0,26.1,25.3,70.8
0,0,0,0,1,0,0,0,0,24.1,5.7,78.8
0,0,0,0,0,1,0,0,0,24.6,50.8,88.1
0,0,0,0,0,0,1,0,0,24.2,4.8,90.5
1,1,0,0,0,0,0,1,0,27.3,0.0,75.6
1,1,0,0,0,0,0,0,1,27.5,0.0,73.5
0,0,1,0,0,0,0,0,0,28.4,0.0,71.0
0,0,0,1,0,0,0,0,0,24.7,80.2,87.3
0,0,0,0,1,0,0,0,0,24.3,27.7,77.8
0,0,0,0,0,1,0,0,0,26.4,0.0,59.8
0,0,0,0,0,0,1,0,0,21.6,68.7,87.6
1,1,0,0,0,0,0,1,0,23.9,2.6,85.6
1,1,0,0,0,0,0,0,1,26.4,0.1,81.6
0,0,1,0,0,0,0,0,0,26.5,36.2,74.8
0,0,0,1,0,0,0,0,0,23.6,39.6,89.0
0,0,0,0,1,0,0,0,0,26.7,7.8,81.4
0,0,0,0,0,1,0,0,0,25.2,9.5,90.0
0,0,0,0,0,0,1,0,0,24.2,221.8,94.5
1,1,0,0,0,0,0,1,0,23.2,105.6,93.0
1,1,0,0,0,0,0,0,1,24.3,1.5,88.5
0,0,1,0,0,0,0,0,0,25.4,30.9,87.0
0,0,0,1,0,0,0,0,0,23.0,73.0,94.4
0,0,0,0,1,0,0,0,0,26.0,0.0,78.0
0,0,0,0,0,1,0,0,0,26.8,0.0,75.8
0,0,0,0,0,0,1,0,0,27.6,0.0,75.0
1,1,0,0,0,0,0,1,0,25.3,1.0,78.4
1,1,0,0,0,0,0,0,1,24.8,20.2,89.4
0,0,1,0,0,0,0,0,0,26.1,5.1,82.3
0,0,0,1,0,0,0,0,0,25.1,9.1,88.0
0,0,0,0,1,0,0,0,0,25.9,3.7,83.8
0,0,0,0,0,1,0,0,0,27.5,0.3,76.8
0,0,0,0,0,0,1,0,0,28.4,0.1,76.1
1,1,0,0,0,0,0,1,0,29.5,0.0,70.3
1,1,0,0,0,0,0,0,1,27.4,31.6,80.3
0,0,1,0,0,0,0,0,0,27.8,0.0,77.4
0,0,0,1,0,0,0,0,0,29.5,0.0,70.4
0,0,0,0,1,0,0,0,0,29.1,0.0,72.6
0,0,0,0,0,1,0,0,0,29.2,0.0,67.5
0,0,0,0,0,0,1,0,0,29.6,0.0,70.3
1,1,0,0,0,0,0,1,0,30.0,0.0,67.1
1,1,0,0,0,0,0,0,1,29.5,6.3,71.4
0,0,1,0,0,0,0,0,0,29.7,0.0,70.4
0,0,0,1,0,0,0,0,0,30.1,0.0,66.6
0,0,0,0,1,0,0,0,0,26.4,45.4,79.5
0,0,0,0,0,1,0,0,0,21.3,143.3,93.8
0,0,0,0,0,0,1,0,0,25.3,8.0,80.4
1,1,0,0,0,0,0,1,0,24.2,3.7,83.6
1,1,0,0,0,0,0,0,1,26.8,0.0,78.9
0,0,1,0,0,0,0,0,0,28.1,0.0,74.0
1,0,0,1,0,0,0,0,0,28.1,0.0,73.1
0,0,0,0,1,0,0,0,0,27.7,0.0,72.0
0,0,0,0,0,1,0,0,0,26.1,1.5,80.5
0,0,0,0,0,0,1,0,0,28.3,0.2,72.9
1,1,0,0,0,0,0,1,0,28.2,0.0,72.4
1,1,0,0,0,0,0,0,1,28.1,0.0,71.1
0,0,1,0,0,0,0,0,0,29.2,0.0,69.6
0,0,0,1,0,0,0,0,0,27.6,1.5,73.3
0,0,0,0,1,0,0,0,0,26.7,22.8,83.0
0,0,0,0,0,1,0,0,0,25.5,44.3,89.1
0,0,0,0,0,0,1,0,0,26.2,0.0,70.3
1,1,0,0,0,0,0,1,0,25.0,0.0,74.8
1,1,0,0,0,0,0,0,1,26.2,0.0,71.8
0,0,1,0,0,0,0,0,0,26.1,0.0,73.5
0,0,0,1,0,0,0,0,0,24.8,5.5,86.3
0,0,0,0,1,0,0,0,0,21.1,44.4,93.9
0,0,0,0,0,1,0,0,0,22.5,0.0,81.3
0,0,0,0,0,0,1,0,0,23.1,0.0,72.8
1,1,0,0,0,0,0,1,0,24.6,0.0,70.8
1,1,0,0,0,0,0,0,1,27.0,0.0,74.5
0,0,1,0,0,0,0,0,0,27.4,0.0,75.3
0,0,0,1,0,0,0,0,0,26.9,0.0,66.8
0,0,0,0,1,0,0,0,0,26.0,0.0,67.6
0,0,0,0,0,1,0,0,0,25.0,0.0,60.0
0,0,0,0,0,0,1,0,0,23.3,0.0,61.3
1,1,0,0,0,0,0,1,0,24.1,0.0,67.6
1,1,0,0,0,0,0,0,1,24.9,0.0,68.6
0,0,1,0,0,0,0,0,0,25.2,0.0,68.8
0,0,0,1,0,0,0,0,0,24.5,0.0,71.4
0,0,0,0,1,0,0,0,0,21.0,27.5,91.8
0,0,0,0,0,1,0,0,0,22.1,5.9,87.1
0,0,0,0,0,0,1,0,0,21.9,15.1,93.5
1,1,0,0,0,0,0,1,0,22.5,58.9,93.8
1,1,0,0,0,0,0,0,1,24.4,0.0,83.4
0,0,1,0,0,0,0,0,0,24.5,2.2,79.6
0,0,0,1,0,0,0,0,0,23.6,0.0,78.8
0,0,0,0,1,0,0,0,0,20.9,152.7,93.1
0,0,0,0,0,1,0,0,0,18.4,3.0,89.3
0,0,0,0,0,0,1,0,0,18.6,0.0,79.8
1,1,0,0,0,0,0,1,0,19.5,0.0,72.9
1,1,0,0,0,0,0,0,1,21.1,0.0,58.4
0,0,1,0,0,0,0,0,0,21.4,4.0,74.0
0,0,0,1,0,0,0,0,0,20.4,35.2,94.0
0,0,0,0,1,0,0,0,0,21.5,1.4,89.0
0,0,0,0,0,1,0,0,0,22.2,0.0,74.5
0,0,0,0,0,0,1,0,0,20.2,0.0,74.3
1,1,0,0,0,0,0,1,0,18.6,4.3,77.3
1,1,0,0,0,0,0,0,1,17.8,0.0,60.9
1,0,1,0,0,0,0,0,0,16.7,0.0,65.5
1,0,0,1,0,0,0,0,0,15.2,0.0,79.5
0,0,0,0,1,0,0,0,0,17.8,0.0,71.4
0,0,0,0,0,1,0,0,0,14.5,0.0,42.6
0,0,0,0,0,0,1,0,0,15.0,0.0,57.0
1,1,0,0,0,0,0,1,0,15.7,0.0,70.9
1,1,0,0,0,0,0,0,1,17.2,0.0,64.8
1,0,1,0,0,0,0,0,0,17.3,0.0,70.0
0,0,0,1,0,0,0,0,0,16.5,0.0,72.3
0,0,0,0,1,0,0,0,0,16.6,0.0,65.4
0,0,0,0,0,1,0,0,0,16.1,0.0,64.9
0,0,0,0,0,0,1,0,0,16.4,0.0,69.9
1,1,0,0,0,0,0,1,0,15.3,0.0,75.5
1,1,0,0,0,0,0,0,1,15.1,0.0,75.6
0,0,1,0,0,0,0,0,0,14.7,0.0,64.5
0,0,0,1,0,0,0,0,0,13.3,0.0,63.8
0,0,0,0,1,0,0,0,0,14.8,0.0,65.6
0,0,0,0,0,1,0,0,0,15.2,11.1,85.9
0,0,0,0,0,0,1,0,0,11.8,1.1,60.5
1,1,0,0,0,0,0,1,0,10.6,0.0,59.8
1,1,0,0,0,0,0,0,1,11.8,0.0,68.5
0,0,1,0,0,0,0,0,0,13.7,0.0,75.5
0,0,0,1,0,0,0,0,0,14.0,0.0,77.1
0,0,0,0,1,0,0,0,0,15.7,0.0,74.9
0,0,0,0,0,1,0,0,0,16.6,0.0,77.5
0,0,0,0,0,0,1,0,0,14.3,0.0,71.1
1,1,0,0,0,0,0,1,0,13.3,0.0,74.1
1,1,0,0,0,0,0,0,1,13.3,0.0,70.8
0,0,1,0,0,0,0,0,0,14.1,0.0,72.1
0,0,0,1,0,0,0,0,0,14.8,0.0,67.6
0,0,0,0,1,0,0,0,0,18.1,0.0,68.8
0,0,0,0,0,1,0,0,0,19.6,0.0,59.1
0,0,0,0,0,0,1,0,0,19.3,0.0,69.4
1,1,0,0,0,0,0,1,0,18.8,0.0,81.0
1,1,0,0,0,0,0,0,1,19.3,7.5,75.4
0,0,1,0,0,0,0,0,0,15.5,11.5,64.9
0,0,0,1,0,0,0,0,0,8.3,0.0,55.1
0,0,0,0,1,0,0,0,0,8.4,0.0,60.4
0,0,0,0,0,1,0,0,0,11.5,8.3,73.8
0,0,0,0,0,0,1,0,0,5.7,0.3,49.8
1,1,0,0,0,0,0,1,0,1.7,0.0,54.4
1,1,0,0,0,0,0,0,1,1.7,0.0,61.5
0,0,1,0,0,0,0,0,0,2.4,0.0,58.3
0,0,0,1,0,0,0,0,0,5.5,0.0,67.0
0,0,0,0,1,0,0,0,0,7.0,0.0,68.5
0,0,0,0,0,1,0,0,0,5.3,7.5,88.1
0,0,0,0,0,0,1,0,0,2.5,1.0,71.8
1,1,0,0,0,0,0,1,0,1.6,0.8,67.6
1,1,0,0,0,0,0,0,1,7.8,0.0,67.6
0,0,1,0,0,0,0,0,0,6.0,0.0,58.4
0,0,0,1,0,0,0,0,0,6.2,0.0,58.4
0,0,0,0,1,0,0,0,0,7.9,0.0,72.6
0,0,0,0,0,1,0,0,0,12.8,0.0,59.0
0,0,0,0,0,0,1,0,0,1.2,0.0,47.3
1,1,0,0,0,0,0,1,0,-1.2,0.0,38.0
1,1,0,0,0,0,0,0,1,4.2,0.4,49.9
0,0,1,0,0,0,0,0,0,7.0,3.0,82.1
0,0,0,1,0,0,0,0,0,3.4,0.0,59.4
0,0,0,0,1,0,0,0,0,2.4,0.0,66.8
0,0,0,0,0,1,0,0,0,-2.1,0.0,49.8
0,0,0,0,0,0,1,0,0,-1.7,0.0,58.8
1,1,0,0,0,0,0,1,0,2.8,0.0,61.4
1,1,0,0,0,0,0,0,1,2.7,0.0,49.4
0,0,1,0,0,0,0,0,0,2.3,0.0,60.4
0,0,0,1,0,0,0,0,0,3.6,0.0,65.6
0,0,0,0,1,0,0,0,0,6.0,5.3,73.6
0,0,0,0,0,1,0,0,0,6.3,0.0,55.6
0,0,0,0,0,0,1,0,0,10.6,0.0,62.5
1,1,0,0,0,0,0,1,0,13.3,0.0,71.0
1,1,0,0,0,0,0,0,1,13.9,0.0,71.4
0,0,1,0,0,0,0,0,0,11.9,37.0,82.6
0,0,0,1,0,0,0,0,0,7.6,0.5,75.6
0,0,0,0,1,0,0,0,0,9.5,0.0,66.5
0,0,0,0,0,1,0,0,0,9.6,26.6,79.0
0,0,0,0,0,0,1,0,0,8.9,47.0,93.4
1,1,0,0,0,0,0,1,0,-1.8,2.8,75.8
1,1,0,0,0,0,0,0,1,-8.5,0.0,61.5
0,0,1,0,0,0,0,0,0,-5.6,0.0,53.9
0,0,0,1,0,0,0,0,0,-2.5,0.0,59.8
0,0,0,0,1,0,0,0,0,-5.5,0.5,70.5
0,0,0,0,0,1,0,0,0,-9.7,0.0,64.8
0,0,0,0,0,0,1,0,0,-9.5,0.0,57.5
1,1,0,0,0,0,0,1,0,-5.6,0.0,57.1
1,1,0,0,0,0,0,0,1,-1.5,0.7,75.3
1,0,1,0,0,0,0,0,0,-0.4,0.0,79.6
0,0,0,1,0,0,0,0,0,2.2,0.0,72.3
0,0,0,0,1,0,0,0,0,2.6,0.0,73.6
0,0,0,0,0,1,0,0,0,1.2,0.0,78.3
0,0,0,0,0,0,1,0,0,1.9,0.0,74.6
1,1,0,0,0,0,0,1,0,0.8,1.9,89.3
1,1,0,0,0,0,0,0,1,3.8,1.8,85.0
1,0,1,0,0,0,0,0,0,3.8,0.0,75.3
0,0,0,1,0,0,0,0,0,4.0,0.0,72.3
0,0,0,0,1,0,0,0,0,1.9,0.2,75.3
0,0,0,0,0,1,0,0,0,1.0,0.0,73.3
0,0,0,0,0,0,1,0,0,5.6,0.0,74.1
1,1,0,0,0,0,0,1,0,1.4,0.3,66.0
1,1,0,0,0,0,0,0,1,-2.2,0.0,52.4
0,0,1,0,0,0,0,0,0,-3.8,0.0,51.0
0,0,0,1,0,0,0,0,0,0.8,2.8,69.5
0,0,0,0,1,0,0,0,0,-1.3,0.6,85.1
0,0,0,0,0,1,0,0,0,0.6,0.0,77.0
0,0,0,0,0,0,1,0,0,2.9,0.0,56.8
1,1,0,0,0,0,0,1,0,0.4,0.0,53.5
1,1,0,0,0,0,0,0,1,1.2,3.5,77.4
0,0,1,0,0,0,0,0,0,-2.1,0.0,50.4
0,0,0,1,0,0,0,0,0,-1.9,0.0,53.3
0,0,0,0,1,0,0,0,0,0.8,12.7,81.1
0,0,0,0,0,1,0,0,0,4.3,15.2,90.0
0,0,0,0,0,0,1,0,0,5.9,0.0,66.6
1,1,0,0,0,0,0,1,0,4.4,12.2,80.5
1,1,0,0,0,0,0,0,1,2.7,0.2,82.3
0,0,1,0,0,0,0,0,0,-5.4,0.0,62.6
0,0,0,1,0,0,0,0,0,-9.2,0.1,65.3
0,0,0,0,1,0,0,0,0,-6.9,0.0,62.8
0,0,0,0,0,1,0,0,0,-4.3,0.0,51.4
0,0,0,0,0,0,1,0,0,-1.9,0.0,66.3
1,1,0,0,0,0,0,1,0,0.1,0.0,61.8
1,1,0,0,0,0,0,0,1,-0.3,0.0,64.0
0,0,1,0,0,0,0,0,0,-1.0,0.0,63.4
0,0,0,1,0,0,0,0,0,1.3,0.0,54.6
0,0,0,0,1,0,0,0,0,5.9,0.0,46.3
0,0,0,0,0,1,0,0,0,4.0,0.0,62.4
0,0,0,0,0,0,1,0,0,4.1,0.0,60.5
1,1,0,0,0,0,0,1,0,4.6,0.4,71.0
1,1,0,0,0,0,0,0,1,6.2,1.3,72.9
0,0,1,0,0,0,0,0,0,4.1,12.3,83.3
0,0,0,1,0,0,0,0,0,1.7,1.1,87.4
0,0,0,0,1,0,0,0,0,0.3,0.0,63.8
0,0,0,0,0,1,0,0,0,0.6,0.0,66.4
0,0,0,0,0,0,1,0,0,1.2,0.0,61.6
1,1,0,0,0,0,0,1,0,1.3,0.0,67.3
1,1,0,0,0,0,0,0,1,0.8,0.0,64.9
0,0,1,0,0,0,0,0,0,3.6,0.0,54.9
0,0,0,1,0,0,0,0,0,8.4,0.0,59.5
0,0,0,0,1,0,0,0,0,13.2,0.0,72.8
0,0,0,0,0,1,0,0,0,5.9,2.0,83.0
0,0,0,0,0,0,1,0,0,3.1,0.0,63.1
1,1,0,0,0,0,0,1,0,5.5,0.0,62.3
1,1,0,0,0,0,0,0,1,5.5,28.4,81.8
0,0,1,0,0,0,0,0,0,9.8,16.6,94.5
0,0,0,1,0,0,0,0,0,5.3,5.0,89.4
0,0,0,0,1,0,0,0,0,4.0,17.9,87.5
0,0,0,0,0,1,0,0,0,2.1,3.7,80.1
0,0,0,0,0,0,1,0,0,3.0,0.0,66.8
1,1,0,0,0,0,0,1,0,2.9,3.3,65.3
1,1,0,0,0,0,0,0,1,2.3,1.7,86.8
0,0,1,0,0,0,0,0,0,3.7,0.0,68.0
0,0,0,1,0,0,0,0,0,5.3,0.0,48.4
0,0,0,0,1,0,0,0,0,6.3,0.0,50.5
0,0,0,0,0,1,0,0,0,5.1,0.2,66.4
1,0,0,0,0,0,1,0,0,-2.2,0.0,37.6
1,1,0,0,0,0,0,1,0,-0.9,0.0,52.1
1,1,0,0,0,0,0,0,1,5.3,1.2,72.4
0,0,1,0,0,0,0,0,0,6.7,0.0,59.4
0,0,0,1,0,0,0,0,0,5.9,2.5,81.1
0,0,0,0,1,0,0,0,0,7.0,0.0,62.1
0,0,0,0,0,1,0,0,0,4.6,0.0,51.3
0,0,0,0,0,0,1,0,0,2.9,0.0,44.5
1,1,0,0,0,0,0,1,0,2.3,0.0,43.9
1,1,0,0,0,0,0,0,1,4.6,0.0,43.3
0,0,1,0,0,0,0,0,0,6.4,0.0,56.4
0,0,0,1,0,0,0,0,0,5.6,2.0,76.6
0,0,0,0,1,0,0,0,0,6.6,0.0,54.8
0,0,0,0,0,1,0,0,0,8.4,0.0,56.0
0,0,0,0,0,0,1,0,0,9.5,0.0,48.1
1,1,0,0,0,0,0,1,0,11.4,0.0,41.8
1,1,0,0,0,0,0,0,1,9.7,0.0,51.8
0,0,1,0,0,0,0,0,0,7.9,0.0,34.6
0,0,0,1,0,0,0,0,0,7.2,0.0,53.0
0,0,0,0,1,0,0,0,0,4.6,0.0,43.1
0,0,0,0,0,1,0,0,0,5.2,0.0,48.3
0,0,0,0,0,0,1,0,0,10.1,4.1,58.1
1,1,0,0,0,0,0,1,0,14.9,0.3,53.9
1,1,0,0,0,0,0,0,1,14.1,0.0,47.8
0,0,1,0,0,0,0,0,0,9.4,6.8,72.1
0,0,0,1,0,0,0,0,0,6.7,19.5,80.5
0,0,0,0,1,0,0,0,0,10.2,0.0,65.8
0,0,0,0,0,1,0,0,0,9.0,21.3,90.9
0,0,0,0,0,0,1,0,0,9.3,0.2,77.6
1,1,0,0,0,0,0,1,0,10.0,0.0,66.1
1,1,0,0,0,0,0,0,1,10.9,0.0,44.9
0,0,1,0,0,0,0,0,0,13.1,0.0,41.0
0,0,0,1,0,0,0,0,0,16.1,0.0,46.5
0,0,0,0,1,0,0,0,0,13.2,16.0,92.4
0,0,0,0,0,1,0,0,0,13.4,0.0,71.6
0,0,0,0,0,0,1,0,0,13.3,0.0,59.4
1,1,0,0,0,0,0,1,0,13.2,0.0,58.6
1,1,0,0,0,0,0,0,1,15.9,0.0,43.4
0,0,1,0,0,0,0,0,0,16.5,0.0,41.0
0,0,0,1,0,0,0,0,0,15.3,0.0,43.8
0,0,0,0,1,0,0,0,0,14.5,0.0,51.1
0,0,0,0,0,1,0,0,0,16.1,0.0,60.0
0,0,0,0,0,0,1,0,0,17.5,0.0,55.6
1,1,0,0,0,0,0,1,0,19.3,0.0,46.9
1,1,0,0,0,0,0,0,1,20.3,0.0,45.3
0,0,1,0,0,0,0,0,0,16.2,7.5,80.1
0,0,0,1,0,0,0,0,0,14.3,0.5,75.1
0,0,0,0,1,0,0,0,0,15.6,0.0,57.4
0,0,0,0,0,1,0,0,0,17.3,0.0,48.5
0,0,0,0,0,0,1,0,0,18.2,0.0,45.4
1,1,0,0,0,0,0,1,0,14.1,3.5,78.6
1,1,0,0,0,0,0,0,1,16.2,0.1,72.0
0,0,1,0,0,0,0,0,0,17.4,0.0,56.3
0,0,0,1,0,0,0,0,0,16.4,0.0,55.8
0,0,0,0,1,0,0,0,0,13.8,4.3,75.4
0,0,0,0,0,1,0,0,0,15.6,0.0,67.5
0,0,0,0,0,0,1,0,0,17.8,0.0,62.5
1,1,0,0,0,0,0,1,0,18.7,0.0,49.3
1,1,0,0,0,0,0,0,1,19.9,0.0,50.0
0,0,1,0,0,0,0,0,0,17.2,0.8,71.6
0,0,0,1,0,0,0,0,0,16.6,0.0,70.8
0,0,0,0,1,0,0,0,0,16.5,0.0,50.8
0,0,0,0,0,1,0,0,0,17.0,0.0,50.5
0,0,0,0,0,0,1,0,0,18.4,0.0,45.0
1,1,0,0,0,0,0,1,0,21.1,0.0,48.0
1,1,0,0,0,0,0,0,1,18.1,55.4,90.9
0,0,1,0,0,0,0,0,0,14.4,2.0,86.5
0,0,0,1,0,0,0,0,0,12.9,14.1,90.8
0,0,0,0,1,0,0,0,0,14.4,1.8,63.6
0,0,0,0,0,1,0,0,0,15.6,0.0,55.4
0,0,0,0,0,0,1,0,0,17.9,0.0,51.1
1,1,0,0,0,0,0,1,0,18.9,8.5,69.3
1,1,0,0,0,0,0,0,1,16.6,3.1,61.5
0,0,1,0,0,0,0,0,0,17.6,0.0,52.6
0,0,0,1,0,0,0,0,0,18.5,0.0,49.5
0,0,0,0,1,0,0,0,0,13.7,8.7,70.8
0,0,0,0,0,1,0,0,0,14.2,3.0,63.6
0,0,0,0,0,0,1,0,0,19.2,0.0,53.3
1,1,0,0,0,0,0,1,0,20.4,0.0,57.0
1,1,0,0,0,0,0,0,1,21.6,0.0,58.3
0,0,1,0,0,0,0,0,0,19.3,0.0,67.5
0,0,0,1,0,0,0,0,0,20.5,0.0,70.9
0,0,0,0,1,0,0,0,0,21.5,0.0,69.6
0,0,0,0,0,1,0,0,0,22.2,0.0,64.3
0,0,0,0,0,0,1,0,0,21.2,0.0,68.9
1,1,0,0,0,0,0,1,0,19.4,0.0,54.8
1,1,0,0,0,0,0,0,1,20.4,30.2,74.0
0,0,1,0,0,0,0,0,0,18.5,0.0,59.5
0,0,0,1,0,0,0,0,0,18.8,0.0,58.6
0,0,0,0,1,0,0,0,0,20.9,0.0,56.3
0,0,0,0,0,1,0,0,0,21.1,0.0,58.4
0,0,0,0,0,0,1,0,0,21.4,0.0,50.9
1,1,0,0,0,0,0,1,0,20.0,0.0,58.3
1,1,0,0,0,0,0,0,1,20.1,0.0,54.5
0,0,1,0,0,0,0,0,0,20.8,0.0,54.9
0,0,0,1,0,0,0,0,0,21.6,0.0,49.5
0,0,0,0,1,0,0,0,0,22.5,0.0,60.1
1,0,0,0,0,1,0,0,0,22.8,0.0,57.0
0,0,0,0,0,0,1,0,0,22.8,0.0,56.8
1,1,0,0,0,0,0,1,0,20.5,4.7,83.5
1,1,0,0,0,0,0,0,1,23.9,0.0,66.4
0,0,1,0,0,0,0,0,0,24.7,0.0,59.9
0,0,0,1,0,0,0,0,0,25.8,0.0,54.8
0,0,0,0,1,0,0,0,0,25.3,0.0,48.8
0,0,0,0,0,1,0,0,0,25.9,0.0,45.3
0,0,0,0,0,0,1,0,0,26.6,0.0,52.9
1,1,0,0,0,0,0,1,0,24.3,2.8,73.8
1,1,0,0,0,0,0,0,1,24.4,0.0,59.4
0,0,1,0,0,0,0,0,0,23.4,0.0,59.4
0,0,0,1,0,0,0,0,0,25.4,0.0,53.1
0,0,0,0,1,0,0,0,0,27.5,0.0,49.3
0,0,0,0,0,1,0,0,0,25.7,0.0,48.8
0,0,0,0,0,0,1,0,0,26.4,0.0,55.5
1,1,0,0,0,0,0,1,0,23.5,13.2,89.8
1,1,0,0,0,0,0,0,1,24.2,1.1,83.8
0,0,1,0,0,0,0,0,0,25.3,0.0,66.4
0,0,0,1,0,0,0,0,0,22.9,0.0,60.6
0,0,0,0,1,0,0,0,0,24.3,0.0,60.6
0,0,0,0,0,1,0,0,0,23.7,0.0,63.5
0,0,0,0,0,0,1,0,0,25.7,0.0,58.5
1,1,0,0,0,0,0,1,0,25.3,45.1,74.6
1,1,0,0,0,0,0,0,1,24.2,10.0,88.8
0,0,1,0,0,0,0,0,0,26.2,0.0,72.4
0,0,0,1,0,0,0,0,0,24.0,57.0,90.5
0,0,0,0,1,0,0,0,0,25.7,31.9,79.8
0,0,0,0,0,1,0,0,0,28.1,0.0,68.9
0,0,0,0,0,0,1,0,0,25.8,3.9,70.0
1,1,0,0,0,0,0,1,0,27.5,0.1,74.5
1,1,0,0,0,0,0,0,1,25.5,36.2,91.6
0,0,1,0,0,0,0,0,0,23.9,137.5,96.6
0,0,0,1,0,0,0,0,0,23.1,15.3,94.6
0,0,0,0,1,0,0,0,0,23.4,88.6,89.8
0,0,0,0,0,1,0,0,0,24.4,2.4,84.8
0,0,0,0,0,0,1,0,0,26.0,0.0,77.0
1,1,0,0,0,0,0,1,0,26.3,4.9,75.5
1,1,0,0,0,0,0,0,1,26.2,0.0,75.9
0,0,1,0,0,0,0,0,0,26.6,0.2,76.9
0,0,0,1,0,0,0,0,0,24.6,45.6,89.3
0,0,0,0,1,0,0,0,0,26.7,0.8,81.5
0,0,0,0,0,1,0,0,0,25.9,28.8,84.4
0,0,0,0,0,0,1,0,0,25.1,1.4,88.8
1,1,0,0,0,0,0,1,0,26.0,15.2,87.0
1,1,0,0,0,0,0,0,1,27.8,1.5,79.3
0,0,1,0,0,0,0,0,0,28.9,0.0,72.8
0,0,0,1,0,0,0,0,0,27.2,3.9,83.3
0,0,0,0,1,0,0,0,0,28.6,2.5,79.3
0,0,0,0,0,1,0,0,0,28.1,0.1,81.0
0,0,0,0,0,0,1,0,0,28.4,1.3,81.1
1,1,0,0,0,0,0,1,0,28.2,6.0,83.6
1,1,0,0,0,0,0,0,1,29.7,0.0,71.8
0,0,1,0,0,0,0,0,0,28.6,0.0,73.8
0,0,0,1,0,0,0,0,0,28.7,0.0,73.4
0,0,0,0,1,0,0,0,0,29.5,0.0,74.0
0,0,0,0,0,1,0,0,0,30.0,0.0,73.0
0,0,0,0,0,0,1,0,0,30.3,0.0,76.0
1,1,0,0,0,0,0,1,0,30.7,0.0,74.5
1,1,0,0,0,0,0,0,1,29.1,0.9,80.1
0,0,1,0,0,0,0,0,0,27.4,34.3,87.1
0,0,0,1,0,0,0,0,0,28.6,0.0,78.0
0,0,0,0,1,0,0,0,0,28.9,1.0,78.3
0,0,0,0,0,1,0,0,0,27.3,0.0,81.9
0,0,0,0,0,0,1,0,0,28.4,0.0,74.6
1,1,0,0,0,0,0,1,0,28.7,0.0,76.5
1,1,0,0,0,0,0,0,1,29.6,0.0,72.5
0,0,1,0,0,0,0,0,0,30.5,0.0,72.0
0,0,0,1,0,0,0,0,0,29.2,19.3,71.1
0,0,0,0,1,0,0,0,0,29.5,0.0,64.3
1,0,0,0,0,1,0,0,0,29.5,0.0,66.4
0,0,0,0,0,0,1,0,0,29.7,0.0,66.1
1,1,0,0,0,0,0,1,0,29.5,0.0,67.0
1,1,0,0,0,0,0,0,1,29.5,0.0,68.6
0,0,1,0,0,0,0,0,0,29.9,0.1,68.1
0,0,0,1,0,0,0,0,0,29.7,17.0,77.6
0,0,0,0,1,0,0,0,0,28.6,3.8,83.5
0,0,0,0,0,1,0,0,0,28.5,0.5,78.1
0,0,0,0,0,0,1,0,0,28.3,0.0,76.0
1,1,0,0,0,0,0,1,0,28.1,6.8,79.3
1,1,0,0,0,0,0,0,1,28.0,0.5,79.5
0,0,1,0,0,0,0,0,0,27.9,0.0,81.6
0,0,0,1,0,0,0,0,0,26.3,0.1,83.3
0,0,0,0,1,0,0,0,0,27.0,0.0,67.3
0,0,0,0,0,1,0,0,0,27.0,3.0,70.1
0,0,0,0,0,0,1,0,0,27.3,0.0,69.9
1,1,0,0,0,0,0,1,0,26.6,0.0,70.3
1,1,0,0,0,0,0,0,1,26.9,0.0,69.1
0,0,1,0,0,0,0,0,0,24.8,0.0,75.0
0,0,0,1,0,0,0,0,0,27.1,0.0,61.3
0,0,0,0,1,0,0,0,0,26.8,0.0,57.8
0,0,0,0,0,1,0,0,0,27.2,0.0,70.3
0,0,0,0,0,0,1,0,0,25.6,0.5,82.6
1,1,0,0,0,0,0,1,0,26.6,0.0,75.9
1,1,0,0,0,0,0,0,1,27.6,0.0,67.5
0,0,1,0,0,0,0,0,0,29.0,0.0,67.9
0,0,0,1,0,0,0,0,0,29.5,0.0,62.8
0,0,0,0,1,0,0,0,0,28.1,21.2,79.8
0,0,0,0,0,1,0,0,0,26.5,4.1,89.9
0,0,0,0,0,0,1,0,0,28.0,0.0,77.0
1,1,0,0,0,0,0,1,0,28.8,0.0,74.4
1,1,0,0,0,0,0,0,1,29.3,0.0,70.3
1,0,1,0,0,0,0,0,0,28.0,0.0,70.4
1,0,0,1,0,0,0,0,0,29.7,0.0,72.0
1,0,0,0,1,0,0,0,0,28.2,2.0,81.8
0,0,0,0,0,1,0,0,0,28.5,0.0,76.0
0,0,0,0,0,0,1,0,0,25.5,45.6,93.5
1,1,0,0,0,0,0,1,0,21.4,131.2,95.9
1,1,0,0,0,0,0,0,1,21.3,0.0,75.1
0,0,1,0,0,0,0,0,0,21.0,0.0,59.6
0,0,0,1,0,0,0,0,0,20.9,0.0,64.3
0,0,0,0,1,0,0,0,0,23.2,0.0,72.0
0,0,0,0,0,1,0,0,0,24.1,0.0,74.3
0,0,0,0,0,0,1,0,0,23.0,0.0,72.8
1,1,0,0,0,0,0,1,0,22.7,0.0,71.9
1,1,0,0,0,0,0,0,1,22.8,0.0,64.4
0,0,1,0,0,0,0,0,0,21.0,0.0,64.6
0,0,0,1,0,0,0,0,0,17.0,2.0,81.0
0,0,0,0,1,0,0,0,0,14.9,0.0,59.6
1,0,0,0,0,1,0,0,0,12.9,4.0,87.3
0,0,0,0,0,0,1,0,0,16.2,0.0,80.5
1,1,0,0,0,0,0,1,0,17.2,0.0,74.1
1,1,0,0,0,0,0,0,1,16.6,0.2,88.0
0,0,1,0,0,0,0,0,0,17.0,2.3,85.3
0,0,0,1,0,0,0,0,0,16.7,0.0,81.8
0,0,0,0,1,0,0,0,0,18.5,0.0,70.4
0,0,0,0,0,1,0,0,0,17.7,0.0,72.4
0,0,0,0,0,0,1,0,0,17.6,0.0,75.9
1,1,0,0,0,0,0,1,0,17.2,0.0,73.3
1,1,0,0,0,0,0,0,1,17.7,0.0,73.8
0,0,1,0,0,0,0,0,0,17.7,8.3,91.5
0,0,0,1,0,0,0,0,0,18.3,33.5,96.9
0,0,0,0,1,0,0,0,0,18.9,0.0,86.5
0,0,0,0,0,1,0,0,0,19.1,0.0,78.6
0,0,0,0,0,0,1,0,0,20.0,41.6,89.4
1,1,0,0,0,0,0,1,0,17.6,1.9,84.4
1,1,0,0,0,0,0,0,1,13.3,0.0,60.6
0,0,1,0,0,0,0,0,0,13.9,0.4,85.0
0,0,0,1,0,0,0,0,0,16.6,13.1,97.4
0,0,0,0,1,0,0,0,0,13.7,1.2,72.3
0,0,0,0,0,1,0,0,0,12.0,0.0,76.0
0,0,0,0,0,0,1,0,0,14.5,0.0,78.0
1,1,0,0,0,0,0,1,0,17.2,0.0,74.4
1,1,0,0,0,0,0,0,1,15.2,0.7,86.4
0,0,1,0,0,0,0,0,0,14.8,0.0,81.3
0,0,0,1,0,0,0,0,0,14.9,0.0,70.5
0,0,0,0,1,0,0,0,0,14.7,0.0,76.8
0,0,0,0,0,1,0,0,0,14.5,0.0,75.6
0,0,0,0,0,0,1,0,0,13.3,1.6,88.1
1,1,0,0,0,0,0,1,0,16.9,0.1,77.9
1,1,0,0,0,0,0,0,1,16.2,0.0,76.4
0,0,1,0,0,0,0,0,0,14.5,0.0,69.3
0,0,0,1,0,0,0,0,0,9.8,0.0,56.4
0,0,0,0,1,0,0,0,0,7.3,0.0,54.9
0,0,0,0,0,1,0,0,0,7.7,0.0,66.9
0,0,0,0,0,0,1,0,0,10.5,0.0,73.0
1,1,0,0,0,0,0,1,0,12.4,0.0,76.9
1,1,0,0,0,0,0,0,1,13.3,0.0,78.0
0,0,1,0,0,0,0,0,0,13.3,0.0,74.8
0,0,0,1,0,0,0,0,0,13.7,0.0,67.5
0,0,0,0,1,0,0,0,0,13.1,0.0,71.9
0,0,0,0,0,1,0,0,0,13.8,0.1,78.4
0,0,0,0,0,0,1,0,0,14.8,5.5,78.6
1,1,0,0,0,0,0,1,0,16.8,0.1,74.4
1,1,0,0,0,0,0,0,1,9.1,0.0,51.6
0,0,1,0,0,0,0,0,0,2.6,0.0,34.4
0,0,0,1,0,0,0,0,0,5.4,0.0,59.3
0,0,0,0,1,0,0,0,0,6.7,0.0,67.0
0,0,0,0,0,1,0,0,0,9.8,0.0,69.4
0,0,0,0,0,0,1,0,0,7.2,0.0,54.1
1,1,0,0,0,0,0,1,0,5.3,0.0,62.0
1,1,0,0,0,0,0,0,1,6.6,0.0,67.0
0,0,1,0,0,0,0,0,0,9.7,0.3,66.8
0,0,0,1,0,0,0,0,0,7.6,18.0,72.4
0,0,0,0,1,0,0,0,0,2.3,3.8,75.5
0,0,0,0,0,1,0,0,0,3.2,4.7,79.6
0,0,0,0,0,0,1,0,0,2.2,0.4,81.1
1,1,0,0,0,0,0,1,0,5.3,0.0,73.3
1,1,0,0,0,0,0,0,1,7.6,0.0,80.0
0,0,1,0,0,0,0,0,0,8.3,0.0,75.6
0,0,0,1,0,0,0,0,0,2.1,0.0,48.5
0,0,0,0,1,0,0,0,0,3.6,0.0,48.5
0,0,0,0,0,1,0,0,0,4.5,0.0,69.5
0,0,0,0,0,0,1,0,0,4.0,0.0,65.0
1,1,0,0,0,0,0,1,0,1.4,0.0,66.3
1,1,0,0,0,0,0,0,1,0.5,0.0,58.0
0,0,1,0,0,0,0,0,0,2.0,0.0,63.4
0,0,0,1,0,0,0,0,0,3.9,0.0,58.6
0,0,0,0,1,0,0,0,0,2.5,0.0,62.6
0,0,0,0,0,1,0,0,0,1.2,0.0,54.8
0,0,0,0,0,0,1,0,0,0.6,0.0,59.5
1,1,0,0,0,0,0,1,0,0.5,0.0,59.1
1,1,0,0,0,0,0,0,1,1.7,1.4,81.5
0,0,1,0,0,0,0,0,0,2.7,0.1,61.4
0,0,0,1,0,0,0,0,0,1.6,0.0,54.8
0,0,0,0,1,0,0,0,0,-2.0,0.0,50.4
0,0,0,0,0,1,0,0,0,-1.9,0.0,54.1
0,0,0,0,0,0,1,0,0,0.7,0.2,67.4
1,1,0,0,0,0,0,1,0,0.6,1.9,75.1
1,1,0,0,0,0,0,0,1,-2.5,0.0,55.9
0,0,1,0,0,0,0,0,0,-0.4,0.0,73.9
0,0,0,1,0,0,0,0,0,0.6,0.0,65.5
1,0,0,0,1,0,0,0,0,2.5,0.0,67.0
0,0,0,0,0,1,0,0,0,2.4,0.0,59.3
0,0,0,0,0,0,1,0,0,-1.4,0.1,61.4
1,1,0,0,0,0,0,1,0,-2.0,0.0,62.0
1,1,0,0,0,0,0,0,1,2.1,0.0,67.8
0,0,1,0,0,0,0,0,0,6.7,0.0,65.3
0,0,0,1,0,0,0,0,0,2.3,0.0,44.1
1,0,0,0,1,0,0,0,0,2.6,0.0,60.5
0,0,0,0,0,1,0,0,0,1.8,0.0,53.3
0,0,0,0,0,0,1,0,0,0.3,0.0,50.8
1,1,0,0,0,0,0,1,0,0.6,0.0,57.3
1,1,0,0,0,0,0,0,1,2.2,0.3,80.5
0,0,1,0,0,0,0,0,0,2.0,1.8,75.5
0,0,0,1,0,0,0,0,0,-1.5,0.5,66.6
0,0,0,0,1,0,0,0,0,-1.7,0.6,82.8
0,0,0,0,0,1,0,0,0,-8.1,0.0,47.8
0,0,0,0,0,0,1,0,0,-6.6,0.0,55.6
1,1,0,0,0,0,0,1,0,-3.0,0.0,64.8
1,1,0,0,0,0,0,0,1,-1.9,0.0,68.3
0,0,1,0,0,0,0,0,0,1.1,0.0,65.5
0,0,0,1,0,0,0,0,0,4.9,0.1,56.4
0,0,0,0,1,0,0,0,0,-1.8,0.0,45.5
0,0,0,0,0,1,0,0,0,0.9,0.0,57.0
0,0,0,0,0,0,1,0,0,1.3,0.0,58.6
1,1,0,0,0,0,0,1,0,1.0,0.0,50.8
1,1,0,0,0,0,0,0,1,1.7,0.0,62.3
0,0,1,0,0,0,0,0,0,2.8,0.0,71.8
0,0,0,1,0,0,0,0,0,2.5,0.0,70.6
0,0,0,0,1,0,0,0,0,3.4,0.0,71.3
0,0,0,0,0,1,0,0,0,2.9,0.0,51.4
0,0,0,0,0,0,1,0,0,2.6,0.0,45.0
1,1,0,0,0,0,0,1,0,4.3,0.0,53.5
1,1,0,0,0,0,0,0,1,5.2,0.0,50.9
0,0,1,0,0,0,0,0,0,0.3,4.5,82.8
0,0,0,1,0,0,0,0,0,-1.4,4.4,79.8
0,0,0,0,1,0,0,0,0,-2.6,0.3,71.5
0,0,0,0,0,1,0,0,0,-1.8,0.0,68.3
0,0,0,0,0,0,1,0,0,1.9,0.0,70.6
1,1,0,0,0,0,0,1,0,3.5,0.2,84.5
1,1,0,0,0,0,0,0,1,2.4,0.0,78.0
0,0,1,0,0,0,0,0,0,-1.4,0.2,50.0
0,0,0,1,0,0,0,0,0,-6.2,0.0,58.1
0,0,0,0,1,0,0,0,0,-6.4,0.0,56.1
0,0,0,0,0,1,0,0,0,-4.1,0.7,61.9
0,0,0,0,0,0,1,0,0,-6.4,1.3,73.6
1,1,0,0,0,0,0,1,0,-6.6,0.0,64.4
1,1,0,0,0,0,0,0,1,-3.9,0.0,64.1
0,0,1,0,0,0,0,0,0,-2.6,0.0,71.5
0,0,0,1,0,0,0,0,0,0.3,0.0,55.0
0,0,0,0,1,0,0,0,0,1.1,8.3,82.1
0,0,0,0,0,1,0,0,0,1.1,0.0,47.4
0,0,0,0,0,0,1,0,0,3.5,0.0,63.5
1,1,0,0,0,0,0,1,0,2.9,0.0,64.8
1,1,0,0,0,0,0,0,1,5.1,0.0,67.3
0,0,1,0,0,0,0,0,0,1.3,0.0,34.0
0,0,0,1,0,0,0,0,0,-0.9,0.0,39.9
0,0,0,0,1,0,0,0,0,-1.6,0.0,42.6
0,0,0,0,0,1,0,0,0,-1.9,0.0,44.4
0,0,0,0,0,0,1,0,0,-1.5,0.0,42.3
1,1,0,0,0,0,0,1,0,-1.0,0.4,54.6
1,1,0,0,0,0,0,0,1,-2.7,0.0,47.5
0,0,1,0,0,0,0,0,0,-0.7,0.0,41.3
0,0,0,1,0,0,0,0,0,1.7,0.0,58.8
0,0,0,0,1,0,0,0,0,5.3,0.0,44.4
0,0,0,0,0,1,0,0,0,6.6,0.0,28.1
0,0,0,0,0,0,1,0,0,9.8,0.0,55.8
1,1,0,0,0,0,0,1,0,6.3,2.6,88.3
1,1,0,0,0,0,0,0,1,9.7,5.7,84.5
0,0,1,0,0,0,0,0,0,3.5,23.0,71.4
0,0,0,1,0,0,0,0,0,3.4,0.9,70.4
0,0,0,0,1,0,0,0,0,5.5,0.0,66.1
0,0,0,0,0,1,0,0,0,5.1,0.0,56.3
0,0,0,0,0,0,1,0,0,5.6,0.0,49.5
1,1,0,0,0,0,0,1,0,6.2,0.0,54.0
1,1,0,0,0,0,0,0,1,6.8,0.0,57.3
0,0,1,0,0,0,0,0,0,8.2,0.0,46.9
0,0,0,1,0,0,0,0,0,9.8,0.0,45.8
0,0,0,0,1,0,0,0,0,9.6,0.0,62.1
0,0,0,0,0,1,0,0,0,10.3,0.0,48.6
0,0,0,0,0,0,1,0,0,12.9,0.0,31.8
1,1,0,0,0,0,0,1,0,9.8,0.0,52.5
1,1,0,0,0,0,0,0,1,4.5,0.9,59.4
0,0,1,0,0,0,0,0,0,3.8,0.0,35.4
0,0,0,1,0,0,0,0,0,1.2,3.9,77.4
0,0,0,0,1,0,0,0,0,3.2,0.0,47.0
0,0,0,0,0,1,0,0,0,7.6,0.0,61.4
0,0,0,0,0,0,1,0,0,12.8,0.0,51.1
1,1,0,0,0,0,0,1,0,14.9,0.0,42.8
1,1,0,0,0,0,0,0,1,16.6,0.0,40.1
0,0,1,0,0,0,0,0,0,16.6,0.0,53.4
0,0,0,1,0,0,0,0,0,15.4,0.0,54.4
0,0,0,0,1,0,0,0,0,18.5,0.0,36.0
0,0,0,0,0,1,0,0,0,16.1,0.7,68.3
0,0,0,0,0,0,1,0,0,7.5,0.0,42.1
1,1,0,0,0,0,0,1,0,3.9,0.0,42.6
1,1,0,0,0,0,0,0,1,4.4,0.0,43.9
0,0,1,0,0,0,0,0,0,8.1,0.0,52.4
0,0,0,1,0,0,0,0,0,10.3,0.0,46.9
0,0,0,0,1,0,0,0,0,9.6,0.0,47.9
0,0,0,0,0,1,0,0,0,10.3,0.0,57.8
0,0,0,0,0,0,1,0,0,11.7,0.4,55.8
1,1,0,0,0,0,0,1,0,9.4,11.7,79.1
1,1,0,0,0,0,0,0,1,10.7,0.0,53.6
0,0,1,0,0,0,0,0,0,13.8,0.0,43.0
0,0,0,1,0,0,0,0,0,15.6,0.0,41.4
0,0,0,0,1,0,0,0,0,13.9,0.0,42.4
0,0,0,0,0,1,0,0,0,14.0,0.0,53.1
0,0,0,0,0,0,1,0,0,16.2,0.0,47.0
1,1,0,0,0,0,0,1,0,14.7,13.0,57.0
1,1,0,0,0,0,0,0,1,5.8,5.2,68.1
0,0,1,0,0,0,0,0,0,5.1,6.2,81.6
0,0,0,1,0,0,0,0,0,8.8,0.0,66.9
0,0,0,0,1,0,0,0,0,16.0,0.0,50.9
0,0,0,0,0,1,0,0,0,21.8,0.0,54.1
0,0,0,0,0,0,1,0,0,21.4,0.0,63.5
1,1,0,0,0,0,0,1,0,20.8,4.2,70.5
1,1,0,0,0,0,0,0,1,17.6,0.9,78.9
0,0,1,0,0,0,0,0,0,21.5,0.0,62.4
0,0,0,1,0,0,0,0,0,17.7,25.6,91.5
0,0,0,0,1,0,0,0,0,17.5,0.0,77.1
0,0,0,0,0,1,0,0,0,15.0,0.0,55.1
0,0,0,0,0,0,1,0,0,12.7,0.0,33.1
1,1,0,0,0,0,0,1,0,14.4,0.0,37.4
1,1,0,0,0,0,0,0,1,17.2,0.0,26.9
0,0,1,0,0,0,0,0,0,15.3,0.0,39.6
0,0,0,1,0,0,0,0,0,14.7,0.0,42.5
0,0,0,0,1,0,0,0,0,18.6,0.0,40.8
0,0,0,0,0,1,0,0,0,14.8,35.9,77.0
0,0,0,0,0,0,1,0,0,13.6,0.0,55.8
1,1,0,0,0,0,0,1,0,10.5,22.1,83.5
1,1,0,0,0,0,0,0,1,14.3,0.0,48.1
1,0,1,0,0,0,0,0,0,11.9,0.1,60.4
1,0,0,1,0,0,0,0,0,13.1,0.0,66.5
0,0,0,0,1,0,0,0,0,14.7,0.0,61.9
0,0,0,0,0,1,0,0,0,18.2,0.0,55.4
0,0,0,0,0,0,1,0,0,15.4,11.0,85.1
1,1,0,0,0,0,0,1,0,12.6,4.4,90.1
1,1,0,0,0,0,0,0,1,15.4,0.0,69.1
0,0,1,0,0,0,0,0,0,17.7,0.0,59.4
0,0,0,1,0,0,0,0,0,19.3,0.0,53.5
0,0,0,0,1,0,0,0,0,21.0,0.0,51.8
0,0,0,0,0,1,0,0,0,21.6,4.2,81.3
0,0,0,0,0,0,1,0,0,20.5,14.3,88.8
1,1,0,0,0,0,0,1,0,19.4,0.5,81.3
1,1,0,0,0,0,0,0,1,16.2,0.0,56.6
0,0,1,0,0,0,0,0,0,18.8,0.0,65.1
0,0,0,1,0,0,0,0,0,25.4,0.0,71.6
0,0,0,0,1,0,0,0,0,25.5,0.0,72.4
0,0,0,0,0,1,0,0,0,21.2,0.3,80.3
0,0,0,0,0,0,1,0,0,19.9,0.0,43.5
1,1,0,0,0,0,0,1,0,16.0,0.6,60.5
1,1,0,0,0,0,0,0,1,17.8,0.0,64.9
0,0,1,0,0,0,0,0,0,19.7,0.0,54.1
0,0,0,1,0,0,0,0,0,20.5,0.0,52.6
0,0,0,0,1,0,0,0,0,20.7,0.0,56.3
0,0,0,0,0,1,0,0,0,20.6,0.0,58.5
0,0,0,0,0,0,1,0,0,20.4,0.0,52.8
1,1,0,0,0,0,0,1,0,20.4,0.0,58.8
1,1,0,0,0,0,0,0,1,22.4,0.0,56.8
0,0,1,0,0,0,0,0,0,20.4,0.0,65.6
1,0,0,1,0,0,0,0,0,21.1,0.0,53.9
0,0,0,0,1,0,0,0,0,20.8,0.0,48.9
0,0,0,0,0,1,0,0,0,21.2,0.0,47.3
1,0,0,0,0,0,1,0,0,23.7,0.0,40.8
1,1,0,0,0,0,0,1,0,24.3,0.0,53.1
1,1,0,0,0,0,0,0,1,25.5,0.0,65.9
0,0,1,0,0,0,0,0,0,25.5,0.0,62.9
0,0,0,1,0,0,0,0,0,23.6,0.0,66.6
0,0,0,0,1,0,0,0,0,23.1,0.0,48.8
0,0,0,0,0,1,0,0,0,25.1,0.0,43.6
0,0,0,0,0,0,1,0,0,21.3,39.9,73.9
1,1,0,0,0,0,0,1,0,23.8,44.7,84.8
1,1,0,0,0,0,0,0,1,26.3,37.4,73.4
0,0,1,0,0,0,0,0,0,24.2,26.3,83.1
0,0,0,1,0,0,0,0,0,25.0,3.6,74.6
0,0,0,0,1,0,0,0,0,25.8,0.0,62.8
0,0,0,0,0,1,0,0,0,27.2,0.0,63.6
0,0,0,0,0,0,1,0,0,24.9,49.4,85.5
1,1,0,0,0,0,0,1,0,21.1,78.3,94.9
1,1,0,0,0,0,0,0,1,23.3,0.0,71.1
0,0,1,0,0,0,0,0,0,25.1,0.0,65.5
0,0,0,1,0,0,0,0,0,21.9,19.1,76.5
0,0,0,0,1,0,0,0,0,21.2,1.3,84.8
0,0,0,0,0,1,0,0,0,22.9,0.1,80.6
0,0,0,0,0,0,1,0,0,25.3,0.0,75.5
1,1,0,0,0,0,0,1,0,27.5,0.0,79.1
1,1,0,0,0,0,0,0,1,28.7,0.0,71.9
0,0,1,0,0,0,0,0,0,29.1,0.0,69.8
0,0,0,1,0,0,0,0,0,29.0,0.0,73.9
0,0,0,0,1,0,0,0,0,29.4,0.0,71.3
0,0,0,0,0,1,0,0,0,28.6,0.0,69.1
0,0,0,0,0,0,1,0,0,27.9,0.0,72.1
1,1,0,0,0,0,0,1,0,28.6,0.0,71.1
1,1,0,0,0,0,0,0,1,29.0,0.0,72.3
0,0,1,0,0,0,0,0,0,30.0,0.0,74.5
0,0,0,1,0,0,0,0,0,31.4,0.0,65.9
0,0,0,0,1,0,0,0,0,31.0,0.0,48.1
0,0,0,0,0,1,0,0,0,29.8,0.0,42.4
0,0,0,0,0,0,1,0,0,29.0,0.0,44.9
1,1,0,0,0,0,0,1,0,28.6,0.0,54.4
1,1,0,0,0,0,0,0,1,25.3,2.3,78.9
0,0,1,0,0,0,0,0,0,23.4,20.9,83.3
0,0,0,1,0,0,0,0,0,22.9,2.0,84.8
0,0,0,0,1,0,0,0,0,22.6,66.1,90.8
1,0,0,0,0,1,0,0,0,22.0,168.4,96.6
0,0,0,0,0,0,1,0,0,24.3,0.1,90.3
1,1,0,0,0,0,0,1,0,24.6,33.5,93.1
1,1,0,0,0,0,0,0,1,27.9,0.0,77.3
0,0,1,0,0,0,0,0,0,28.4,0.0,76.1
0,0,0,1,0,0,0,0,0,28.6,7.5,78.0
0,0,0,0,1,0,0,0,0,28.9,0.0,75.0
0,0,0,0,0,1,0,0,0,29.9,0.0,70.1
0,0,0,0,0,0,1,0,0,30.4,0.0,68.0
1,1,0,0,0,0,0,1,0,30.6,0.0,66.8
1,1,0,0,0,0,0,0,1,31.6,0.0,61.5
0,0,1,0,0,0,0,0,0,30.9,0.0,66.3
0,0,0,1,0,0,0,0,0,31.2,0.0,62.6
0,0,0,0,1,0,0,0,0,30.9,0.0,59.6
0,0,0,0,0,1,0,0,0,29.9,0.0,61.9
0,0,0,0,0,0,1,0,0,30.4,0.0,64.5
1,1,0,0,0,0,0,1,0,31.2,0.0,65.3
1,1,0,0,0,0,0,0,1,27.4,46.7,80.8
0,0,1,0,0,0,0,0,0,28.4,11.4,81.0
0,0,0,1,0,0,0,0,0,29.3,0.0,71.0
0,0,0,0,1,0,0,0,0,28.0,1.9,84.3
0,0,0,0,0,1,0,0,0,27.5,0.0,74.5
0,0,0,0,0,0,1,0,0,26.1,0.0,75.0
1,1,0,0,0,0,0,1,0,24.3,0.8,89.6
1,1,0,0,0,0,0,0,1,26.2,0.0,73.5
0,0,1,0,0,0,0,0,0,24.3,2.3,86.4
0,0,0,1,0,0,0,0,0,24.3,0.2,82.8
0,0,0,0,1,0,0,0,0,26.8,5.4,86.0
0,0,0,0,0,1,0,0,0,28.5,0.0,74.5
1,0,0,0,0,0,1,0,0,28.9,0.0,78.6
1,1,0,0,0,0,0,1,0,28.6,0.0,74.6
1,1,0,0,0,0,0,0,1,28.2,0.0,76.3
0,0,1,0,0,0,0,0,0,29.2,0.0,70.9
0,0,0,1,0,0,0,0,0,29.0,0.0,73.0
0,0,0,0,1,0,0,0,0,29.5,0.0,70.9
0,0,0,0,0,1,0,0,0,29.9,0.0,70.3
0,0,0,0,0,0,1,0,0,29.8,0.0,70.1
1,1,0,0,0,0,0,1,0,29.2,0.0,73.1
1,1,0,0,0,0,0,0,1,30.6,0.0,65.3
0,0,1,0,0,0,0,0,0,30.3,0.0,70.0
0,0,0,1,0,0,0,0,0,26.2,36.8,87.0
0,0,0,0,1,0,0,0,0,26.9,0.0,76.9
0,0,0,0,0,1,0,0,0,28.1,0.0,72.8
0,0,0,0,0,0,1,0,0,29.3,0.0,74.4
1,1,0,0,0,0,0,1,0,29.4,0.0,72.0
1,1,0,0,0,0,0,0,1,27.9,0.0,76.9
0,0,1,0,0,0,0,0,0,26.8,7.4,82.4
0,0,0,1,0,0,0,0,0,25.4,0.1,79.5
0,0,0,0,1,0,0,0,0,26.0,8.8,79.4
0,0,0,0,0,1,0,0,0,26.1,0.4,82.1
0,0,0,0,0,0,1,0,0,28.1,0.0,72.3
1,1,0,0,0,0,0,1,0,28.0,23.3,76.3
1,1,0,0,0,0,0,0,1,24.4,41.1,90.5
0,0,1,0,0,0,0,0,0,22.2,0.0,85.5
0,0,0,1,0,0,0,0,0,20.4,8.4,85.6
0,0,0,0,1,0,0,0,0,23.8,0.0,78.4
0,0,0,0,0,1,0,0,0,24.9,0.0,69.6
0,0,0,0,0,0,1,0,0,22.8,24.4,83.3
1,1,0,0,0,0,0,1,0,25.1,20.1,83.0
1,1,0,0,0,0,0,0,1,25.3,0.0,78.4
0,0,1,0,0,0,0,0,0,25.3,0.0,81.0
0,0,0,1,0,0,0,0,0,25.8,65.3,88.0
0,0,0,0,1,0,0,0,0,23.5,48.7,93.3
0,0,0,0,0,1,0,0,0,21.9,0.0,80.5
0,0,0,0,0,0,1,0,0,20.3,6.0,77.8
1,1,0,0,0,0,0,1,0,20.1,53.6,90.6
1,1,0,0,0,0,0,0,1,21.6,0.0,75.3
0,0,1,0,0,0,0,0,0,21.2,0.0,66.5
0,0,0,1,0,0,0,0,0,22.3,0.0,60.8
0,0,0,0,1,0,0,0,0,22.9,11.5,81.3
0,0,0,0,0,1,0,0,0,22.2,14.8,96.4
0,0,0,0,0,0,1,0,0,21.3,0.0,83.5
1,1,0,0,0,0,0,1,0,23.1,0.0,78.3
1,1,0,0,0,0,0,0,1,20.4,27.2,95.3
0,0,1,0,0,0,0,0,0,19.9,0.0,80.0
0,0,0,1,0,0,0,0,0,19.3,0.0,79.8
0,0,0,0,1,0,0,0,0,20.3,0.0,75.9
0,0,0,0,0,1,0,0,0,20.5,0.0,80.3
1,0,0,0,0,0,1,0,0,18.5,13.7,93.6
1,1,0,0,0,0,0,1,0,20.7,1.5,94.6
1,1,0,0,0,0,0,0,1,21.7,0.9,94.5
1,0,1,0,0,0,0,0,0,19.9,31.2,95.5
1,0,0,1,0,0,0,0,0,19.9,12.9,95.8
1,0,0,0,1,0,0,0,0,21.2,1.3,91.6
1,0,0,0,0,1,0,0,0,21.1,0.0,76.0
0,0,0,0,0,0,1,0,0,21.5,0.0,73.5
1,1,0,0,0,0,0,1,0,23.1,0.0,72.9
1,1,0,0,0,0,0,0,1,20.9,0.8,88.3
0,0,1,0,0,0,0,0,0,18.6,58.3,93.1
0,0,0,1,0,0,0,0,0,18.3,5.7,88.8
0,0,0,0,1,0,0,0,0,20.3,14.1,79.8
0,0,0,0,0,1,0,0,0,19.4,30.6,88.8
0,0,0,0,0,0,1,0,0,19.8,20.9,81.8
1,1,0,0,0,0,0,1,0,16.6,19.3,92.3
1,1,0,0,0,0,0,0,1,16.3,0.0,79.0
0,0,1,0,0,0,0,0,0,11.5,0.0,71.8
0,0,0,1,0,0,0,0,0,11.3,0.0,73.3
0,0,0,0,1,0,0,0,0,13.4,0.0,78.0
0,0,0,0,0,1,0,0,0,15.8,0.0,76.6
0,0,0,0,0,0,1,0,0,15.7,0.0,76.4
1,1,0,0,0,0,0,1,0,14.3,0.0,77.1
1,1,0,0,0,0,0,0,1,13.2,0.0,74.9
0,0,1,0,0,0,0,0,0,9.5,0.0,53.4
0,0,0,1,0,0,0,0,0,8.5,0.0,63.3
0,0,0,0,1,0,0,0,0,9.6,0.0,67.5
0,0,0,0,0,1,0,0,0,10.2,0.0,75.3
0,0,0,0,0,0,1,0,0,12.6,0.0,75.9
1,1,0,0,0,0,0,1,0,13.6,0.6,69.0
1,1,0,0,0,0,0,0,1,9.4,2.1,65.3
0,0,1,0,0,0,0,0,0,7.0,0.0,64.6
0,0,0,1,0,0,0,0,0,10.5,0.0,72.6
0,0,0,0,1,0,0,0,0,10.4,0.0,78.1
0,0,0,0,0,1,0,0,0,11.3,0.0,79.4
0,0,0,0,0,0,1,0,0,13.3,0.0,73.6
1,1,0,0,0,0,0,1,0,13.7,0.4,77.8
1,1,0,0,0,0,0,0,1,13.7,0.0,66.3
0,0,1,0,0,0,0,0,0,8.9,0.0,42.0
0,0,0,1,0,0,0,0,0,8.2,0.0,58.8
0,0,0,0,1,0,0,0,0,8.8,0.0,70.6
0,0,0,0,0,1,0,0,0,9.3,0.0,70.0
0,0,0,0,0,0,1,0,0,8.5,0.0,66.0
1,1,0,0,0,0,0,1,0,8.8,0.0,63.0
1,1,0,0,0,0,0,0,1,11.2,0.9,64.5
0,0,1,0,0,0,0,0,0,5.6,0.0,52.8
0,0,0,1,0,0,0,0,0,3.0,0.0,52.5
0,0,0,0,1,0,0,0,0,4.4,0.0,55.3
0,0,0,0,0,1,0,0,0,8.5,0.0,61.9
0,0,0,0,0,0,1,0,0,7.0,0.0,56.1
1,1,0,0,0,0,0,1,0,7.6,0.0,67.8
1,1,0,0,0,0,0,0,1,8.8,0.0,71.6
0,0,1,0,0,0,0,0,0,12.0,0.0,72.4
0,0,0,1,0,0,0,0,0,8.0,7.0,75.9
0,0,0,0,1,0,0,0,0,7.2,0.0,64.0
0,0,0,0,0,1,0,0,0,5.2,6.1,76.5
0,0,0,0,0,0,1,0,0,3.7,0.0,50.0
1,1,0,0,0,0,0,1,0,6.6,0.0,62.9
1,1,0,0,0,0,0,0,1,13.9,0.0,70.4
0,0,1,0,0,0,0,0,0,7.9,0.0,49.9
0,0,0,1,0,0,0,0,0,2.2,0.0,43.9
0,0,0,0,1,0,0,0,0,-3.2,0.0,49.4
0,0,0,0,0,1,0,0,0,-1.6,1.1,61.1
0,0,0,0,0,0,1,0,0,-1.1,0.0,54.3
1,1,0,0,0,0,0,1,0,4.3,0.0,64.0
1,1,0,0,0,0,0,0,1,10.4,0.0,74.3
0,0,1,0,0,0,0,0,0,4.9,0.0,33.8
0,0,0,1,0,0,0,0,0,2.2,0.0,58.3
0,0,0,0,1,0,0,0,0,5.1,0.0,66.5
0,0,0,0,0,1,0,0,0,5.0,6.9,71.9
0,0,0,0,0,0,1,0,0,3.1,0.0,58.8
1,1,0,0,0,0,0,1,0,3.6,10.0,82.4
1,1,0,0,0,0,0,0,1,1.1,0.0,78.0
0,0,1,0,0,0,0,0,0,1.8,0.0,77.9
0,0,0,1,0,0,0,0,0,5.7,0.0,79.1
0,0,0,0,1,0,0,0,0,5.2,0.0,68.4
0,0,0,0,0,1,0,0,0,2.4,0.0,62.8
0,0,0,0,0,0,1,0,0,4.7,0.0,68.4
1,1,0,0,0,0,0,1,0,7.7,2.8,82.3
1,1,0,0,0,0,0,0,1,-0.1,0.0,45.0
0,0,1,0,0,0,0,0,0,-0.5,0.0,55.6
0,0,0,1,0,0,0,0,0,1.7,10.9,76.9
0,0,0,0,1,0,0,0,0,2.6,3.1,88.4
1,0,0,0,0,1,0,0,0,-1.7,0.0,63.8
0,0,0,0,0,0,1,0,0,-6.2,0.0,41.9
1,1,0,0,0,0,0,1,0,-2.2,0.1,69.3
1,1,0,0,0,0,0,0,1,3.6,0.0,77.5
0,0,1,0,0,0,0,0,0,5.3,1.0,79.4
0,0,0,1,0,0,0,0,0,0.4,0.0,46.9
0,0,0,0,1,0,0,0,0,-3.4,0.0,44.8
1,0,0,0,0,1,0,0,0,-6.2,0.0,42.0
0,0,0,0,0,0,1,0,0,-6.2,0.0,53.1
1,1,0,0,0,0,0,1,0,-2.9,0.0,65.0
1,1,0,0,0,0,0,0,1,2.5,0.0,62.5
0,0,1,0,0,0,0,0,0,-0.2,0.0,52.1
0,0,0,1,0,0,0,0,0,-0.7,0.0,47.9
0,0,0,0,1,0,0,0,0,1.3,0.0,54.6
0,0,0,0,0,1,0,0,0,-3.6,0.0,37.8
0,0,0,0,0,0,1,0,0,1.2,0.0,55.5
1,1,0,0,0,0,0,1,0,3.9,1.1,54.8
1,1,0,0,0,0,0,0,1,-5.0,0.0,48.3
0,0,1,0,0,0,0,0,0,-1.5,1.3,68.4
0,0,0,1,0,0,0,0,0,0.5,0.3,53.3
0,0,0,0,1,0,0,0,0,-1.0,0.0,42.3
0,0,0,0,0,1,0,0,0,7.9,0.0,73.3
0,0,0,0,0,0,1,0,0,2.6,0.0,81.0
1,1,0,0,0,0,0,1,0,2.5,0.0,58.6
1,1,0,0,0,0,0,0,1,1.6,0.0,57.4
0,0,1,0,0,0,0,0,0,-1.0,0.6,59.5
0,0,0,1,0,0,0,0,0,-6.4,0.0,44.3
0,0,0,0,1,0,0,0,0,-7.1,0.0,56.8
0,0,0,0,0,1,0,0,0,-6.9,0.0,53.6
0,0,0,0,0,0,1,0,0,-3.8,0.0,65.8
1,1,0,0,0,0,0,1,0,-3.0,0.9,53.8
1,1,0,0,0,0,0,0,1,-4.0,0.0,43.9
0,0,1,0,0,0,0,0,0,-3.5,0.0,56.8
0,0,0,1,0,0,0,0,0,-1.8,0.0,47.9
0,0,0,0,1,0,0,0,0,-4.0,0.0,35.9
0,0,0,0,0,1,0,0,0,-3.0,0.0,41.8
0,0,0,0,0,0,1,0,0,-4.6,0.0,40.0
1,1,0,0,0,0,0,1,0,-3.6,0.0,49.0
1,1,0,0,0,0,0,0,1,-1.0,0.1,51.0
0,0,1,0,0,0,0,0,0,-1.9,2.4,64.8
0,0,0,1,0,0,0,0,0,-0.5,0.0,63.5
0,0,0,0,1,0,0,0,0,2.1,0.0,68.3
0,0,0,0,0,1,0,0,0,4.8,0.0,66.3
0,0,0,0,0,0,1,0,0,-2.9,0.0,38.4
1,1,0,0,0,0,0,1,0,-5.7,0.0,39.8
1,1,0,0,0,0,0,0,1,-6.7,0.0,50.4
0,0,1,0,0,0,0,0,0,-2.0,0.0,55.3
0,0,0,1,0,0,0,0,0,1.5,0.0,71.1
0,0,0,0,1,0,0,0,0,3.1,0.0,73.9
0,0,0,0,0,1,0,0,0,2.6,0.0,61.5
0,0,0,0,0,0,1,0,0,4.6,0.0,65.4
1,1,0,0,0,0,0,1,0,6.6,0.0,73.3
1,1,0,0,0,0,0,0,1,5.8,0.0,60.9
0,0,1,0,0,0,0,0,0,2.1,0.0,45.8
0,0,0,1,0,0,0,0,0,1.9,0.0,52.8
0,0,0,0,1,0,0,0,0,3.5,0.0,49.0
0,0,0,0,0,1,0,0,0,2.1,0.0,47.9
0,0,0,0,0,0,1,0,0,5.6,0.0,49.0
1,1,0,0,0,0,0,1,0,10.6,0.0,44.6
1,1,0,0,0,0,0,0,1,9.4,0.0,44.8
0,0,1,0,0,0,0,0,0,3.0,0.0,31.8
0,0,0,1,0,0,0,0,0,0.8,9.3,71.4
0,0,0,0,1,0,0,0,0,6.3,0.0,66.6
0,0,0,0,0,1,0,0,0,7.7,0.0,61.6
0,0,0,0,0,0,1,0,0,8.2,0.0,68.3
1,1,0,0,0,0,0,1,0,7.9,0.0,63.0
1,1,0,0,0,0,0,0,1,8.6,0.0,57.3
0,0,1,0,0,0,0,0,0,5.9,17.5,80.3
0,0,0,1,0,0,0,0,0,6.9,0.1,70.8
0,0,0,0,1,0,0,0,0,6.5,0.0,55.9
0,0,0,0,0,1,0,0,0,7.4,7.0,69.3
0,0,0,0,0,0,1,0,0,2.0,7.3,76.5
1,1,0,0,0,0,0,1,0,1.5,0.0,51.0
1,1,0,0,0,0,0,0,1,2.2,0.0,46.9
0,0,1,0,0,0,0,0,0,2.8,0.0,56.4
0,0,0,1,0,0,0,0,0,3.6,0.0,56.1
0,0,0,0,1,0,0,0,0,4.9,0.0,52.9
0,0,0,0,0,1,0,0,0,6.8,0.0,58.4
0,0,0,0,0,0,1,0,0,7.4,0.0,46.4
1,1,0,0,0,0,0,1,0,7.6,0.0,45.3
1,1,0,0,0,0,0,0,1,6.2,0.0,66.4
0,0,1,0,0,0,0,0,0,7.5,0.0,60.9
0,0,0,1,0,0,0,0,0,9.3,0.0,46.1
0,0,0,0,1,0,0,0,0,6.2,9.5,87.8
0,0,0,0,0,1,0,0,0,6.0,0.0,51.1
0,0,0,0,0,0,1,0,0,6.9,0.0,57.5
1,1,0,0,0,0,0,1,0,8.9,0.0,51.6
1,1,0,0,0,0,0,0,1,10.6,0.0,36.1
0,0,1,0,0,0,0,0,0,11.8,0.0,35.5
0,0,0,1,0,0,0,0,0,13.4,0.0,44.5
0,0,0,0,1,0,0,0,0,13.3,0.0,50.0
0,0,0,0,0,1,0,0,0,13.1,0.0,50.8
0,0,0,0,0,0,1,0,0,13.3,0.0,47.3
1,1,0,0,0,0,0,1,0,13.2,0.0,50.9
1,1,0,0,0,0,0,0,1,13.9,0.0,38.8
0,0,1,0,0,0,0,0,0,12.9,11.3,61.4
0,0,0,1,0,0,0,0,0,14.0,17.2,72.3
0,0,0,0,1,0,0,0,0,13.3,0.0,61.5
0,0,0,0,0,1,0,0,0,11.6,0.0,54.4
0,0,0,0,0,0,1,0,0,14.6,0.0,57.4
1,1,0,0,0,0,0,1,0,11.5,33.8,86.3
1,1,0,0,0,0,0,0,1,11.6,0.0,54.3
0,0,1,0,0,0,0,0,0,10.0,7.3,77.1
0,0,0,1,0,0,0,0,0,8.2,0.0,37.0
0,0,0,0,1,0,0,0,0,10.3,0.0,39.4
0,0,0,0,0,1,0,0,0,10.9,14.5,76.5
0,0,0,0,0,0,1,0,0,10.6,4.1,90.6
1,1,0,0,0,0,0,1,0,13.5,0.0,73.3
1,1,0,0,0,0,0,0,1,15.8,0.0,53.4
0,0,1,0,0,0,0,0,0,19.0,0.0,38.1
0,0,0,1,0,0,0,0,0,18.5,0.0,39.6
0,0,0,0,1,0,0,0,0,19.0,0.0,43.9
0,0,0,0,0,1,0,0,0,19.9,0.0,32.4
0,0,0,0,0,0,1,0,0,15.0,1.4,56.9
1,1,0,0,0,0,0,1,0,18.0,0.0,59.3
1,1,0,0,0,0,0,0,1,20.0,0.0,54.3
0,0,1,0,0,0,0,0,0,13.3,0.2,66.4
0,0,0,1,0,0,0,0,0,13.3,0.0,40.0
0,0,0,0,1,0,0,0,0,14.4,0.0,40.4
0,0,0,0,0,1,0,0,0,16.4,0.0,37.5
0,0,0,0,0,0,1,0,0,16.7,0.0,29.0
1,1,0,0,0,0,0,1,0,17.7,0.0,36.3
1,1,0,0,0,0,0,0,1,17.3,0.0,36.1
0,0,1,0,0,0,0,0,0,17.4,0.0,35.1
0,0,0,1,0,0,0,0,0,14.7,0.0,51.0
0,0,0,0,1,0,0,0,0,14.2,0.0,53.0
0,0,0,0,0,1,0,0,0,16.2,0.0,42.9
0,0,0,0,0,0,1,0,0,16.7,0.0,42.5
1,1,0,0,0,0,0,1,0,17.8,0.0,55.6
1,1,0,0,0,0,0,0,1,12.8,17.2,92.3
0,0,1,0,0,0,0,0,0,14.2,0.0,52.0
1,0,0,1,0,0,0,0,0,14.9,0.0,49.1
0,0,0,0,1,0,0,0,0,17.2,0.0,52.4
0,0,0,0,0,1,0,0,0,16.6,0.1,64.4
0,0,0,0,0,0,1,0,0,15.7,0.0,44.1
1,1,0,0,0,0,0,1,0,16.1,0.0,47.5
1,1,0,0,0,0,0,0,1,18.1,0.0,48.9
0,0,1,0,0,0,0,0,0,18.8,0.1,65.8
0,0,0,1,0,0,0,0,0,17.2,23.0,90.4
0,0,0,0,1,0,0,0,0,20.0,0.0,67.8
0,0,0,0,0,1,0,0,0,23.1,0.0,55.1
0,0,0,0,0,0,1,0,0,23.2,0.0,50.5
1,1,0,0,0,0,0,1,0,22.8,0.0,52.8
1,1,0,0,0,0,0,0,1,22.7,0.0,51.9
0,0,1,0,0,0,0,0,0,23.2,0.0,50.4
0,0,0,1,0,0,0,0,0,22.2,0.0,50.5
0,0,0,0,1,0,0,0,0,16.4,74.0,90.9
0,0,0,0,0,1,0,0,0,17.5,3.1,93.0
0,0,0,0,0,0,1,0,0,20.9,0.0,64.6
1,1,0,0,0,0,0,1,0,19.4,0.0,61.9
1,1,0,0,0,0,0,0,1,21.6,0.0,66.3
0,0,1,0,0,0,0,0,0,24.6,0.0,67.0
0,0,0,1,0,0,0,0,0,24.7,0.3,71.4
0,0,0,0,1,0,0,0,0,22.3,16.8,83.3
0,0,0,0,0,1,0,0,0,21.1,4.9,90.1
0,0,0,0,0,0,1,0,0,21.3,0.0,65.6
1,1,0,0,0,0,0,1,0,22.4,0.0,59.3
1,1,0,0,0,0,0,0,1,24.0,0.0,52.9
0,0,1,0,0,0,0,0,0,24.0,0.0,55.4
0,0,0,1,0,0,0,0,0,23.6,0.0,67.4
0,0,0,0,1,0,0,0,0,25.2,0.0,68.4
0,0,0,0,0,1,0,0,0,24.4,5.4,71.4
0,0,0,0,0,0,1,0,0,21.3,0.0,55.8
1,1,0,0,0,0,0,1,0,22.4,0.0,50.0
1,1,0,0,0,0,0,0,1,23.3,0.0,57.3
0,0,1,0,0,0,0,0,0,20.6,0.0,66.8
0,0,0,1,0,0,0,0,0,21.8,0.0,60.0
0,0,0,0,1,0,0,0,0,21.8,0.0,52.3
0,0,0,0,0,1,0,0,0,21.2,0.0,63.1
0,0,0,0,0,0,1,0,0,22.0,0.0,60.4
1,1,0,0,0,0,0,1,0,24.2,0.0,50.5
1,1,0,0,0,0,0,0,1,22.9,3.1,71.9
0,0,1,0,0,0,0,0,0,24.8,0.0,57.3
0,0,0,1,0,0,0,0,0,26.8,0.0,53.0
0,0,0,0,1,0,0,0,0,25.0,17.8,72.0
0,0,0,0,0,1,0,0,0,25.7,0.9,76.4
0,0,0,0,0,0,1,0,0,25.8,10.3,76.4
1,1,0,0,0,0,0,1,0,22.1,61.2,92.4
1,1,0,0,0,0,0,0,1,23.1,0.7,75.8
0,0,1,0,0,0,0,0,0,22.5,1.2,81.3
0,0,0,1,0,0,0,0,0,22.3,0.0,67.9
0,0,0,0,1,0,0,0,0,22.2,0.0,63.0
0,0,0,0,0,1,0,0,0,22.9,0.3,69.6
0,0,0,0,0,0,1,0,0,23.8,0.0,64.5
1,1,0,0,0,0,0,1,0,25.4,0.0,62.1
1,1,0,0,0,0,0,0,1,25.8,0.3,64.6
0,0,1,0,0,0,0,0,0,26.5,0.0,68.8
0,0,0,1,0,0,0,0,0,26.0,8.5,68.3
