holiday,weekend,temperature,humidity,target,rain,mon,tue,wed,thur,fri,sat,sun
1,1,-0.8,54.1,1875,0,False,False,False,False,False,False,True
0,1,-3.0,40.6,422,0,True,False,False,False,False,False,False
0,1,-3.5,55.0,379,0,False,True,False,False,False,False,False
0,1,-1.5,53.3,498,0,False,False,True,False,False,False,False
0,1,-1.1,66.1,426,0,False,False,False,True,False,False,False
0,1,1.1,72.4,533,1,False,False,False,False,True,False,False
0,1,2.6,62.1,1705,1,False,False,False,False,False,True,False
0,1,1.2,62.4,1917,0,False,False,False,False,False,False,True
0,1,1.9,62.5,345,0,True,False,False,False,False,False,False
0,1,1.2,55.8,488,0,False,True,False,False,False,False,False
0,1,2.2,55.0,616,0,False,False,True,False,False,False,False
0,1,5.1,52.6,870,0,False,False,False,True,False,False,False
0,1,9.0,94.4,126,1,False,False,False,False,True,False,False
0,1,7.3,93.0,443,1,False,False,False,False,False,True,False
0,1,0.4,81.0,393,1,False,False,False,False,False,False,True
0,1,-3.1,58.5,332,0,True,False,False,False,False,False,False
0,1,-2.4,55.1,273,0,False,True,False,False,False,False,False
0,1,-0.8,61.6,300,0,False,False,True,False,False,False,False
0,1,0.6,56.3,387,0,False,False,False,True,False,False,False
0,1,-1.0,43.1,290,1,False,False,False,False,True,False,False
1,1,-3.3,51.0,910,0,False,False,False,False,False,True,False
1,1,-0.5,58.1,1274,0,False,False,False,False,False,False,True
1,1,0.6,61.5,3810,0,True,False,False,False,False,False,False
1,1,-10.9,50.8,200,0,False,True,False,False,False,False,False
0,1,-11.4,42.9,32,0,False,False,True,False,False,False,False
0,1,-5.8,70.1,96,1,False,False,False,True,False,False,False
0,1,-6.0,55.1,122,0,False,False,False,False,True,False,False
0,1,-5.8,60.4,893,0,False,False,False,False,False,True,False
0,1,-1.1,63.4,1372,0,False,False,False,False,False,False,True
0,1,-0.4,42.8,497,0,True,False,False,False,False,False,False
0,1,2.3,54.8,419,0,False,True,False,False,False,False,False
0,1,3.1,53.9,474,0,False,False,True,False,False,False,False
0,1,-1.5,42.8,348,0,False,False,False,True,False,False,False
0,1,-0.8,41.4,540,0,False,False,False,False,True,False,False
0,1,-0.6,53.8,3244,0,False,False,False,False,False,True,False
0,1,0.7,57.6,3716,0,False,False,False,False,False,False,True
0,1,2.1,52.8,646,0,True,False,False,False,False,False,False
0,1,2.9,52.5,505,0,False,True,False,False,False,False,False
0,1,1.8,53.4,610,0,False,False,True,False,False,False,False
0,1,3.5,54.4,733,1,False,False,False,True,False,False,False
0,1,2.9,83.1,542,1,False,False,False,False,True,False,False
0,1,0.9,83.6,4168,0,False,False,False,False,False,True,False
0,1,1.9,79.3,3595,0,False,False,False,False,False,False,True
0,1,6.3,62.3,703,0,True,False,False,False,False,False,False
0,1,2.4,53.0,833,0,False,True,False,False,False,False,False
0,1,3.4,55.6,778,0,False,False,True,False,False,False,False
0,1,2.7,63.6,811,0,False,False,False,True,False,False,False
0,1,4.2,51.0,1370,0,False,False,False,False,True,False,False
0,1,6.4,55.6,2946,1,False,False,False,False,False,True,False
0,1,3.6,59.6,2828,1,False,False,False,False,False,False,True
0,1,-0.1,43.4,897,0,True,False,False,False,False,False,False
0,1,-1.1,35.6,595,0,False,True,False,False,False,False,False
0,1,2.1,48.9,1089,0,False,False,True,False,False,False,False
0,1,3.4,48.4,1913,0,False,False,False,True,False,False,False
0,1,2.9,49.3,2736,0,False,False,False,False,True,False,False
0,1,0.7,41.5,5844,0,False,False,False,False,False,True,False
0,1,1.9,37.0,6554,0,False,False,False,False,False,False,True
0,1,4.4,38.5,4312,0,True,False,False,False,False,False,False
0,1,5.8,54.3,4655,0,False,True,False,False,False,False,False
1,1,6.6,52.5,4924,0,False,False,True,False,False,False,False
0,1,2.3,25.9,332,0,False,False,False,True,False,False,False
0,1,4.2,45.9,447,0,False,False,False,False,True,False,False
0,1,6.4,53.3,5028,0,False,False,False,False,False,True,False
0,1,7.9,41.0,5316,0,False,False,False,False,False,False,True
0,1,8.3,38.6,433,0,True,False,False,False,False,False,False
0,1,11.9,41.6,391,0,False,True,False,False,False,False,False
0,1,14.5,34.9,467,0,False,False,True,False,False,False,False
0,1,13.9,57.3,337,0,False,False,False,True,False,False,False
0,1,14.3,48.4,729,0,False,False,False,False,True,False,False
0,1,16.4,33.0,8168,0,False,False,False,False,False,True,False
0,1,6.8,62.1,174,1,False,False,False,False,False,False,True
0,1,3.5,31.6,231,0,True,False,False,False,False,False,False
0,1,9.4,38.4,403,0,False,True,False,False,False,False,False
0,1,11.5,56.4,472,0,False,False,True,False,False,False,False
0,1,6.1,24.4,337,0,False,False,False,True,False,False,False
0,1,7.3,35.4,664,0,False,False,False,False,True,False,False
0,1,9.3,32.0,6472,0,False,False,False,False,False,True,False
0,1,8.7,41.4,6538,0,False,False,False,False,False,False,True
0,1,10.6,37.8,522,0,True,False,False,False,False,False,False
0,1,14.0,32.5,586,0,False,True,False,False,False,False,False
0,1,17.0,44.9,772,0,False,False,True,False,False,False,False
0,1,15.0,77.0,125,1,False,False,False,True,False,False,False
0,1,12.4,55.0,845,0,False,False,False,False,True,False,False
0,1,10.8,65.5,5718,0,False,False,False,False,False,True,False
0,1,9.7,36.0,6562,0,False,False,False,False,False,False,True
0,1,7.4,35.5,688,0,True,False,False,False,False,False,False
0,1,8.7,47.1,544,0,False,True,False,False,False,False,False
0,1,11.8,43.5,701,0,False,False,True,False,False,False,False
0,1,14.2,30.3,1011,0,False,False,False,True,False,False,False
0,1,14.7,31.0,1693,0,False,False,False,False,True,False,False
0,1,16.8,30.9,8698,0,False,False,False,False,False,True,False
0,1,16.9,26.8,7663,0,False,False,False,False,False,False,True
0,1,16.8,25.8,1495,0,True,False,False,False,False,False,False
0,1,15.2,50.9,751,1,False,True,False,False,False,False,False
0,1,12.1,91.0,248,1,False,False,True,False,False,False,False
0,1,8.7,88.5,362,1,False,False,False,True,False,False,False
0,1,9.0,60.0,1086,1,False,False,False,False,True,False,False
0,1,8.6,44.4,6751,0,False,False,False,False,False,True,False
0,1,10.1,47.0,7109,0,False,False,False,False,False,False,True
0,1,12.6,45.1,1234,0,True,False,False,False,False,False,False
0,1,14.7,65.5,1219,0,False,True,False,False,False,False,False
0,1,10.9,30.1,932,0,False,False,True,False,False,False,False
0,1,13.5,28.8,1484,0,False,False,False,True,False,False,False
0,1,15.1,35.8,2418,0,False,False,False,False,True,False,False
0,1,12.5,74.5,2592,1,False,False,False,False,False,True,False
0,1,10.9,64.5,5282,0,False,False,False,False,False,False,True
0,1,13.6,51.3,2563,0,True,False,False,False,False,False,False
0,1,13.8,78.3,701,1,False,True,False,False,False,False,False
0,1,20.2,65.0,3368,0,False,False,True,False,False,False,False
0,1,19.9,69.5,4016,0,False,False,False,True,False,False,False
0,1,17.5,61.0,5205,0,False,False,False,False,True,False,False
0,1,16.2,30.4,8324,0,False,False,False,False,False,True,False
0,1,15.9,36.4,5342,0,False,False,False,False,False,False,True
0,1,15.0,41.9,2269,0,True,False,False,False,False,False,False
0,1,9.3,74.6,1367,1,False,True,False,False,False,False,False
0,1,9.5,66.8,3412,0,False,False,True,False,False,False,False
0,1,12.7,51.5,6257,0,False,False,False,True,False,False,False
0,1,16.2,53.6,5822,0,False,False,False,False,True,False,False
0,1,14.0,81.0,1231,1,False,False,False,False,False,True,False
0,1,13.5,57.4,11765,0,False,False,False,False,False,False,True
0,1,14.7,49.6,11328,0,True,False,False,False,False,False,False
0,1,17.0,42.1,2313,0,False,True,False,False,False,False,False
0,1,19.1,46.4,2954,0,False,False,True,False,False,False,False
0,1,20.1,63.0,7327,1,False,False,False,True,False,False,False
1,1,19.0,92.6,697,1,False,False,False,False,True,False,False
0,1,15.1,89.3,766,1,False,False,False,False,False,True,False
0,1,12.0,66.5,2698,1,False,False,False,False,False,False,True
0,1,13.7,59.3,1664,0,True,False,False,False,False,False,False
0,1,16.5,54.8,2175,0,False,True,False,False,False,False,False
0,1,17.3,51.9,3337,0,False,False,True,False,False,False,False
0,1,18.9,45.0,2231,0,False,False,False,True,False,False,False
0,1,18.5,46.4,5363,0,False,False,False,False,True,False,False
0,1,18.2,54.3,9643,0,False,False,False,False,False,True,False
0,1,17.8,51.3,6823,0,False,False,False,False,False,False,True
0,1,20.5,50.9,1385,0,True,False,False,False,False,False,False
0,1,23.5,41.9,1611,0,False,True,False,False,False,False,False
0,1,23.6,44.8,2084,0,False,False,True,False,False,False,False
0,1,19.2,68.0,1810,0,False,False,False,True,False,False,False
0,1,20.8,61.9,3749,0,False,False,False,False,True,False,False
0,1,20.6,66.6,8572,0,False,False,False,False,False,True,False
0,1,18.3,69.1,5741,0,False,False,False,False,False,False,True
0,1,17.5,67.8,785,1,True,False,False,False,False,False,False
0,1,18.5,62.5,1398,0,False,True,False,False,False,False,False
0,1,19.9,54.8,1082,0,False,False,True,False,False,False,False
0,1,21.3,45.0,1796,0,False,False,False,True,False,False,False
0,1,21.8,52.9,2939,0,False,False,False,False,True,False,False
1,1,20.8,79.0,8312,1,False,False,False,False,False,True,False
0,1,20.2,91.8,852,1,False,False,False,False,False,False,True
1,1,20.4,89.3,1005,1,True,False,False,False,False,False,False
0,1,21.6,73.0,786,0,False,True,False,False,False,False,False
0,1,22.3,53.6,1102,0,False,False,True,False,False,False,False
0,1,22.4,63.9,1476,0,False,False,False,True,False,False,False
0,1,21.9,67.8,1604,0,False,False,False,False,True,False,False
0,1,21.9,51.6,8655,0,False,False,False,False,False,True,False
0,1,22.6,50.1,8697,0,False,False,False,False,False,False,True
0,1,21.5,59.3,6034,0,True,False,False,False,False,False,False
1,1,21.4,62.1,7563,0,False,True,False,False,False,False,False
0,1,21.7,68.0,728,0,False,False,True,False,False,False,False
0,1,22.3,69.6,781,1,False,False,False,True,False,False,False
0,1,23.2,56.8,1049,1,False,False,False,False,True,False,False
0,1,23.3,63.1,3946,1,False,False,False,False,False,True,False
0,1,23.5,67.5,3240,0,False,False,False,False,False,False,True
0,1,23.3,65.0,641,0,True,False,False,False,False,False,False
0,1,22.8,64.0,752,0,False,True,False,False,False,False,False
0,1,22.6,60.8,820,0,False,False,True,False,False,False,False
0,1,22.3,63.9,948,0,False,False,False,True,False,False,False
0,1,24.4,57.3,1243,0,False,False,False,False,True,False,False
0,1,25.0,54.3,5801,0,False,False,False,False,False,True,False
0,1,26.1,50.4,2842,0,False,False,False,False,False,False,True
0,1,27.0,51.6,333,0,True,False,False,False,False,False,False
0,1,23.7,61.0,556,1,False,True,False,False,False,False,False
0,1,21.3,87.1,153,1,False,False,True,False,False,False,False
0,1,22.9,69.3,476,0,False,False,False,True,False,False,False
0,1,25.7,61.3,752,0,False,False,False,False,True,False,False
0,1,27.1,59.9,5164,0,False,False,False,False,False,True,False
0,1,26.7,58.0,2484,0,False,False,False,False,False,False,True
0,1,23.8,89.8,37,1,True,False,False,False,False,False,False
0,1,26.1,70.8,339,1,False,True,False,False,False,False,False
0,1,24.1,78.8,304,1,False,False,True,False,False,False,False
0,1,24.6,88.1,47,1,False,False,False,True,False,False,False
0,1,24.2,90.5,141,1,False,False,False,False,True,False,False
0,1,27.3,75.6,3265,0,False,False,False,False,False,True,False
0,1,27.5,73.5,1910,0,False,False,False,False,False,False,True
0,1,28.4,71.0,221,0,True,False,False,False,False,False,False
0,1,24.7,87.3,22,1,False,True,False,False,False,False,False
0,1,24.3,77.8,270,1,False,False,True,False,False,False,False
0,1,26.4,59.8,496,0,False,False,False,True,False,False,False
0,1,21.6,87.6,132,1,False,False,False,False,True,False,False
0,1,23.9,85.6,2625,1,False,False,False,False,False,True,False
0,1,26.4,81.6,1412,1,False,False,False,False,False,False,True
0,1,26.5,74.8,206,1,True,False,False,False,False,False,False
0,1,23.6,89.0,57,1,False,True,False,False,False,False,False
0,1,26.7,81.4,166,1,False,False,True,False,False,False,False
0,1,25.2,90.0,30,1,False,False,False,True,False,False,False
0,1,24.2,94.5,4,1,False,False,False,False,True,False,False
0,1,23.2,93.0,42,1,False,False,False,False,False,True,False
0,1,24.3,88.5,417,1,False,False,False,False,False,False,True
0,1,25.4,87.0,164,1,True,False,False,False,False,False,False
0,1,23.0,94.4,15,1,False,True,False,False,False,False,False
0,1,26.0,78.0,282,0,False,False,True,False,False,False,False
0,1,26.8,75.8,676,0,False,False,False,True,False,False,False
0,1,27.6,75.0,319,0,False,False,False,False,True,False,False
0,1,25.3,78.4,1630,1,False,False,False,False,False,True,False
0,1,24.8,89.4,345,1,False,False,False,False,False,False,True
0,1,26.1,82.3,520,1,True,False,False,False,False,False,False
0,1,25.1,88.0,427,1,False,True,False,False,False,False,False
0,1,25.9,83.8,808,1,False,False,True,False,False,False,False
0,1,27.5,76.8,1029,1,False,False,False,True,False,False,False
0,1,28.4,76.1,1113,1,False,False,False,False,True,False,False
0,1,29.5,70.3,3454,0,False,False,False,False,False,True,False
0,1,27.4,80.3,1727,1,False,False,False,False,False,False,True
0,1,27.8,77.4,1640,0,True,False,False,False,False,False,False
0,1,29.5,70.4,1349,0,False,True,False,False,False,False,False
0,1,29.1,72.6,1228,0,False,False,True,False,False,False,False
0,1,29.2,67.5,1061,0,False,False,False,True,False,False,False
0,1,29.6,70.3,1091,0,False,False,False,False,True,False,False
0,1,30.0,67.1,3074,0,False,False,False,False,False,True,False
0,1,29.5,71.4,1420,1,False,False,False,False,False,False,True
0,1,29.7,70.4,376,0,True,False,False,False,False,False,False
0,1,30.1,66.6,381,0,False,True,False,False,False,False,False
0,1,26.4,79.5,1583,1,False,False,True,False,False,False,False
0,1,21.3,93.8,1,1,False,False,False,True,False,False,False
0,1,25.3,80.4,811,1,False,False,False,False,True,False,False
0,1,24.2,83.6,4604,1,False,False,False,False,False,True,False
0,1,26.8,78.9,4005,0,False,False,False,False,False,False,True
0,1,28.1,74.0,1478,0,True,False,False,False,False,False,False
1,1,28.1,73.1,2829,0,False,True,False,False,False,False,False
0,1,27.7,72.0,672,0,False,False,True,False,False,False,False
0,1,26.1,80.5,648,1,False,False,False,True,False,False,False
0,1,28.3,72.9,754,1,False,False,False,False,True,False,False
0,1,28.2,72.4,3691,0,False,False,False,False,False,True,False
0,1,28.1,71.1,2187,0,False,False,False,False,False,False,True
0,1,29.2,69.6,484,0,True,False,False,False,False,False,False
0,1,27.6,73.3,472,1,False,True,False,False,False,False,False
0,1,26.7,83.0,166,1,False,False,True,False,False,False,False
0,1,25.5,89.1,154,1,False,False,False,True,False,False,False
0,1,26.2,70.3,848,0,False,False,False,False,True,False,False
0,1,25.0,74.8,6063,0,False,False,False,False,False,True,False
0,1,26.2,71.8,3988,0,False,False,False,False,False,False,True
0,1,26.1,73.5,378,0,True,False,False,False,False,False,False
0,1,24.8,86.3,92,1,False,True,False,False,False,False,False
0,1,21.1,93.9,34,1,False,False,True,False,False,False,False
0,1,22.5,81.3,584,0,False,False,False,True,False,False,False
0,1,23.1,72.8,1392,0,False,False,False,False,True,False,False
0,1,24.6,70.8,8479,0,False,False,False,False,False,True,False
0,1,27.0,74.5,4024,0,False,False,False,False,False,False,True
0,1,27.4,75.3,924,0,True,False,False,False,False,False,False
0,1,26.9,66.8,749,0,False,True,False,False,False,False,False
0,1,26.0,67.6,494,0,False,False,True,False,False,False,False
0,1,25.0,60.0,836,0,False,False,False,True,False,False,False
0,1,23.3,61.3,1660,0,False,False,False,False,True,False,False
0,1,24.1,67.6,9667,0,False,False,False,False,False,True,False
0,1,24.9,68.6,5892,0,False,False,False,False,False,False,True
0,1,25.2,68.8,541,0,True,False,False,False,False,False,False
0,1,24.5,71.4,662,0,False,True,False,False,False,False,False
0,1,21.0,91.8,192,1,False,False,True,False,False,False,False
0,1,22.1,87.1,1879,1,False,False,False,True,False,False,False
0,1,21.9,93.5,477,1,False,False,False,False,True,False,False
0,1,22.5,93.8,884,1,False,False,False,False,False,True,False
0,1,24.4,83.4,3668,0,False,False,False,False,False,False,True
0,1,24.5,79.6,730,1,True,False,False,False,False,False,False
0,1,23.6,78.8,1091,0,False,True,False,False,False,False,False
0,1,20.9,93.1,317,1,False,False,True,False,False,False,False
0,1,18.4,89.3,1009,1,False,False,False,True,False,False,False
0,1,18.6,79.8,2302,0,False,False,False,False,True,False,False
0,1,19.5,72.9,9723,0,False,False,False,False,False,True,False
0,1,21.1,58.4,6996,0,False,False,False,False,False,False,True
0,1,21.4,74.0,1089,1,True,False,False,False,False,False,False
0,1,20.4,94.0,260,1,False,True,False,False,False,False,False
0,1,21.5,89.0,478,1,False,False,True,False,False,False,False
1,1,22.2,74.5,5877,0,False,False,False,True,False,False,False
1,1,20.2,74.3,8644,0,False,False,False,False,True,False,False
1,1,18.6,77.3,12866,1,False,False,False,False,False,True,False
0,1,17.8,60.9,14691,0,False,False,False,False,False,False,True
1,1,16.7,65.5,17317,0,True,False,False,False,False,False,False
1,1,15.2,79.5,6763,0,False,True,False,False,False,False,False
0,1,17.8,71.4,1384,0,False,False,True,False,False,False,False
0,1,14.5,42.6,2406,0,False,False,False,True,False,False,False
0,1,15.0,57.0,3483,0,False,False,False,False,True,False,False
0,1,15.7,70.9,7624,0,False,False,False,False,False,True,False
0,1,17.2,64.8,10691,0,False,False,False,False,False,False,True
1,1,17.3,70.0,6819,0,True,False,False,False,False,False,False
0,1,16.5,72.3,1539,0,False,True,False,False,False,False,False
0,1,16.6,65.4,1701,0,False,False,True,False,False,False,False
0,1,16.1,64.9,2917,0,False,False,False,True,False,False,False
0,1,16.4,69.9,5600,0,False,False,False,False,True,False,False
0,1,15.3,75.5,6553,0,False,False,False,False,False,True,False
0,1,15.1,75.6,6515,0,False,False,False,False,False,False,True
0,1,14.7,64.5,1478,0,True,False,False,False,False,False,False
0,1,13.3,63.8,1893,0,False,True,False,False,False,False,False
0,1,14.8,65.6,3536,0,False,False,True,False,False,False,False
0,1,15.2,85.9,1909,1,False,False,False,True,False,False,False
0,1,11.8,60.5,4853,1,False,False,False,False,True,False,False
0,1,10.6,59.8,8687,0,False,False,False,False,False,True,False
0,1,11.8,68.5,5895,0,False,False,False,False,False,False,True
0,1,13.7,75.5,1625,0,True,False,False,False,False,False,False
0,1,14.0,77.1,1478,0,False,True,False,False,False,False,False
0,1,15.7,74.9,2365,0,False,False,True,False,False,False,False
0,1,16.6,77.5,2498,0,False,False,False,True,False,False,False
0,1,14.3,71.1,4392,0,False,False,False,False,True,False,False
0,1,13.3,74.1,9691,0,False,False,False,False,False,True,False
0,1,13.3,70.8,7149,0,False,False,False,False,False,False,True
0,1,14.1,72.1,1685,0,True,False,False,False,False,False,False
0,1,14.8,67.6,1887,0,False,True,False,False,False,False,False
0,1,18.1,68.8,1568,0,False,False,True,False,False,False,False
0,1,19.6,59.1,2381,0,False,False,False,True,False,False,False
0,1,19.3,69.4,2737,0,False,False,False,False,True,False,False
0,1,18.8,81.0,4212,0,False,False,False,False,False,True,False
0,1,19.3,75.4,2313,1,False,False,False,False,False,False,True
0,1,15.5,64.9,447,1,True,False,False,False,False,False,False
0,1,8.3,55.1,910,0,False,True,False,False,False,False,False
0,1,8.4,60.4,614,0,False,False,True,False,False,False,False
0,1,11.5,73.8,1248,1,False,False,False,True,False,False,False
0,1,5.7,49.8,2069,1,False,False,False,False,True,False,False
0,1,1.7,54.4,3883,0,False,False,False,False,False,True,False
0,1,1.7,61.5,2486,0,False,False,False,False,False,False,True
0,1,2.4,58.3,374,0,True,False,False,False,False,False,False
0,1,5.5,67.0,717,0,False,True,False,False,False,False,False
0,1,7.0,68.5,980,0,False,False,True,False,False,False,False
0,1,5.3,88.1,965,1,False,False,False,True,False,False,False
0,1,2.5,71.8,337,1,False,False,False,False,True,False,False
0,1,1.6,67.6,2166,1,False,False,False,False,False,True,False
0,1,7.8,67.6,2756,0,False,False,False,False,False,False,True
0,1,6.0,58.4,756,0,True,False,False,False,False,False,False
0,1,6.2,58.4,820,0,False,True,False,False,False,False,False
0,1,7.9,72.6,819,0,False,False,True,False,False,False,False
0,1,12.8,59.0,716,0,False,False,False,True,False,False,False
0,1,1.2,47.3,652,0,False,False,False,False,True,False,False
0,1,-1.2,38.0,1681,0,False,False,False,False,False,True,False
0,1,4.2,49.9,1592,1,False,False,False,False,False,False,True
0,1,7.0,82.1,133,1,True,False,False,False,False,False,False
0,1,3.4,59.4,172,0,False,True,False,False,False,False,False
0,1,2.4,66.8,212,0,False,False,True,False,False,False,False
0,1,-2.1,49.8,244,0,False,False,False,True,False,False,False
0,1,-1.7,58.8,426,0,False,False,False,False,True,False,False
0,1,2.8,61.4,1425,0,False,False,False,False,False,True,False
0,1,2.7,49.4,1454,0,False,False,False,False,False,False,True
0,1,2.3,60.4,258,0,True,False,False,False,False,False,False
0,1,3.6,65.6,326,0,False,True,False,False,False,False,False
0,1,6.0,73.6,248,1,False,False,True,False,False,False,False
0,1,6.3,55.6,232,0,False,False,False,True,False,False,False
0,1,10.6,62.5,591,0,False,False,False,False,True,False,False
0,1,13.3,71.0,6177,0,False,False,False,False,False,True,False
0,1,13.9,71.4,4753,0,False,False,False,False,False,False,True
0,1,11.9,82.6,25,1,True,False,False,False,False,False,False
0,1,7.6,75.6,302,1,False,True,False,False,False,False,False
0,1,9.5,66.5,338,0,False,False,True,False,False,False,False
0,1,9.6,79.0,203,1,False,False,False,True,False,False,False
0,1,8.9,93.4,21,1,False,False,False,False,True,False,False
0,1,-1.8,75.8,387,1,False,False,False,False,False,True,False
0,1,-8.5,61.5,125,0,False,False,False,False,False,False,True
0,1,-5.6,53.9,100,0,True,False,False,False,False,False,False
0,1,-2.5,59.8,68,0,False,True,False,False,False,False,False
0,1,-5.5,70.5,497,1,False,False,True,False,False,False,False
0,1,-9.7,64.8,38,0,False,False,False,True,False,False,False
0,1,-9.5,57.5,146,0,False,False,False,False,True,False,False
0,1,-5.6,57.1,647,0,False,False,False,False,False,True,False
0,1,-1.5,75.3,1632,1,False,False,False,False,False,False,True
1,1,-0.4,79.6,1605,0,True,False,False,False,False,False,False
0,1,2.2,72.3,404,0,False,True,False,False,False,False,False
0,1,2.6,73.6,594,0,False,False,True,False,False,False,False
0,1,1.2,78.3,663,0,False,False,False,True,False,False,False
0,1,1.9,74.6,776,0,False,False,False,False,True,False,False
0,1,0.8,89.3,685,1,False,False,False,False,False,True,False
0,1,3.8,85.0,984,1,False,False,False,False,False,False,True
1,1,3.8,75.3,2418,0,True,False,False,False,False,False,False
0,1,4.0,72.3,548,0,False,True,False,False,False,False,False
0,1,1.9,75.3,393,1,False,False,True,False,False,False,False
0,1,1.0,73.3,506,0,False,False,False,True,False,False,False
0,1,5.6,74.1,647,0,False,False,False,False,True,False,False
0,1,1.4,66.0,2238,1,False,False,False,False,False,True,False
0,1,-2.2,52.4,926,0,False,False,False,False,False,False,True
0,1,-3.8,51.0,282,0,True,False,False,False,False,False,False
0,1,0.8,69.5,143,1,False,True,False,False,False,False,False
0,1,-1.3,85.1,173,1,False,False,True,False,False,False,False
0,1,0.6,77.0,326,0,False,False,False,True,False,False,False
0,1,2.9,56.8,419,0,False,False,False,False,True,False,False
0,1,0.4,53.5,2175,0,False,False,False,False,False,True,False
0,1,1.2,77.4,1594,1,False,False,False,False,False,False,True
0,1,-2.1,50.4,324,0,True,False,False,False,False,False,False
0,1,-1.9,53.3,330,0,False,True,False,False,False,False,False
0,1,0.8,81.1,125,1,False,False,True,False,False,False,False
0,1,4.3,90.0,151,1,False,False,False,True,False,False,False
0,1,5.9,66.6,568,0,False,False,False,False,True,False,False
0,1,4.4,80.5,199,1,False,False,False,False,False,True,False
0,1,2.7,82.3,1414,1,False,False,False,False,False,False,True
0,1,-5.4,62.6,149,0,True,False,False,False,False,False,False
0,1,-9.2,65.3,36,1,False,True,False,False,False,False,False
0,1,-6.9,62.8,92,0,False,False,True,False,False,False,False
0,1,-4.3,51.4,176,0,False,False,False,True,False,False,False
0,1,-1.9,66.3,416,0,False,False,False,False,True,False,False
0,1,0.1,61.8,2058,0,False,False,False,False,False,True,False
0,1,-0.3,64.0,1982,0,False,False,False,False,False,False,True
0,1,-1.0,63.4,526,0,True,False,False,False,False,False,False
0,1,1.3,54.6,431,0,False,True,False,False,False,False,False
0,1,5.9,46.3,412,0,False,False,True,False,False,False,False
0,1,4.0,62.4,282,0,False,False,False,True,False,False,False
0,1,4.1,60.5,457,0,False,False,False,False,True,False,False
0,1,4.6,71.0,1992,1,False,False,False,False,False,True,False
0,1,6.2,72.9,2898,1,False,False,False,False,False,False,True
0,1,4.1,83.3,16,1,True,False,False,False,False,False,False
0,1,1.7,87.4,103,1,False,True,False,False,False,False,False
0,1,0.3,63.8,229,0,False,False,True,False,False,False,False
0,1,0.6,66.4,391,0,False,False,False,True,False,False,False
1,1,1.2,61.6,1800,0,False,False,False,False,True,False,False
1,1,1.3,67.3,2370,0,False,False,False,False,False,True,False
1,1,0.8,64.9,2908,0,False,False,False,False,False,False,True
1,1,3.6,54.9,4536,0,True,False,False,False,False,False,False
0,1,8.4,59.5,1424,0,False,True,False,False,False,False,False
0,1,13.2,72.8,537,0,False,False,True,False,False,False,False
0,1,5.9,83.0,114,1,False,False,False,True,False,False,False
0,1,3.1,63.1,1013,0,False,False,False,False,True,False,False
0,1,5.5,62.3,6254,0,False,False,False,False,False,True,False
0,1,5.5,81.8,3586,1,False,False,False,False,False,False,True
0,1,9.8,94.5,122,1,True,False,False,False,False,False,False
0,1,5.3,89.4,89,1,False,True,False,False,False,False,False
0,1,4.0,87.5,23,1,False,False,True,False,False,False,False
0,1,2.1,80.1,93,1,False,False,False,True,False,False,False
0,1,3.0,66.8,1036,0,False,False,False,False,True,False,False
0,1,2.9,65.3,2854,1,False,False,False,False,False,True,False
0,1,2.3,86.8,1308,1,False,False,False,False,False,False,True
0,1,3.7,68.0,1723,0,True,False,False,False,False,False,False
0,1,5.3,48.4,2308,0,False,True,False,False,False,False,False
0,1,6.3,50.5,3488,0,False,False,True,False,False,False,False
0,1,5.1,66.4,932,1,False,False,False,True,False,False,False
1,1,-2.2,37.6,2841,0,False,False,False,False,True,False,False
0,1,-0.9,52.1,2606,0,False,False,False,False,False,True,False
0,1,5.3,72.4,2089,1,False,False,False,False,False,False,True
0,1,6.7,59.4,288,0,True,False,False,False,False,False,False
0,1,5.9,81.1,16,1,False,True,False,False,False,False,False
0,1,7.0,62.1,257,0,False,False,True,False,False,False,False
0,1,4.6,51.3,195,0,False,False,False,True,False,False,False
0,1,2.9,44.5,253,0,False,False,False,False,True,False,False
0,1,2.3,43.9,2483,0,False,False,False,False,False,True,False
0,1,4.6,43.3,4398,0,False,False,False,False,False,False,True
0,1,6.4,56.4,202,0,True,False,False,False,False,False,False
0,1,5.6,76.6,102,1,False,True,False,False,False,False,False
0,1,6.6,54.8,287,0,False,False,True,False,False,False,False
0,1,8.4,56.0,471,0,False,False,False,True,False,False,False
0,1,9.5,48.1,678,0,False,False,False,False,True,False,False
0,1,11.4,41.8,8942,0,False,False,False,False,False,True,False
0,1,9.7,51.8,4193,0,False,False,False,False,False,False,True
0,1,7.9,34.6,418,0,True,False,False,False,False,False,False
0,1,7.2,53.0,119,0,False,True,False,False,False,False,False
0,1,4.6,43.1,263,0,False,False,True,False,False,False,False
0,1,5.2,48.3,291,0,False,False,False,True,False,False,False
0,1,10.1,58.1,507,1,False,False,False,False,True,False,False
0,1,14.9,53.9,8250,1,False,False,False,False,False,True,False
0,1,14.1,47.8,5964,0,False,False,False,False,False,False,True
0,1,9.4,72.1,169,1,True,False,False,False,False,False,False
0,1,6.7,80.5,165,1,False,True,False,False,False,False,False
0,1,10.2,65.8,559,0,False,False,True,False,False,False,False
0,1,9.0,90.9,62,1,False,False,False,True,False,False,False
0,1,9.3,77.6,530,1,False,False,False,False,True,False,False
0,1,10.0,66.1,5773,0,False,False,False,False,False,True,False
0,1,10.9,44.9,6485,0,False,False,False,False,False,False,True
0,1,13.1,41.0,1922,0,True,False,False,False,False,False,False
0,1,16.1,46.5,828,0,False,True,False,False,False,False,False
0,1,13.2,92.4,69,1,False,False,True,False,False,False,False
0,1,13.4,71.6,679,0,False,False,False,True,False,False,False
0,1,13.3,59.4,1683,0,False,False,False,False,True,False,False
0,1,13.2,58.6,8883,0,False,False,False,False,False,True,False
0,1,15.9,43.4,6874,0,False,False,False,False,False,False,True
0,1,16.5,41.0,978,0,True,False,False,False,False,False,False
0,1,15.3,43.8,2368,0,False,True,False,False,False,False,False
1,1,14.5,51.1,9456,0,False,False,True,False,False,False,False
0,1,16.1,60.0,1570,0,False,False,False,True,False,False,False
0,1,17.5,55.6,1799,0,False,False,False,False,True,False,False
0,1,19.3,46.9,10658,0,False,False,False,False,False,True,False
0,1,20.3,45.3,6535,0,False,False,False,False,False,False,True
0,1,16.2,80.1,170,1,True,False,False,False,False,False,False
0,1,14.3,75.1,1358,1,False,True,False,False,False,False,False
0,1,15.6,57.4,2811,0,False,False,True,False,False,False,False
0,1,17.3,48.5,2414,0,False,False,False,True,False,False,False
0,1,18.2,45.4,3998,0,False,False,False,False,True,False,False
0,1,14.1,78.6,1940,1,False,False,False,False,False,True,False
0,1,16.2,72.0,4289,1,False,False,False,False,False,False,True
0,1,17.4,56.3,1840,0,True,False,False,False,False,False,False
0,1,16.4,55.8,2465,0,False,True,False,False,False,False,False
0,1,13.8,75.4,2705,1,False,False,True,False,False,False,False
0,1,15.6,67.5,3982,0,False,False,False,True,False,False,False
0,1,17.8,62.5,4579,0,False,False,False,False,True,False,False
0,1,18.7,49.3,10944,0,False,False,False,False,False,True,False
0,1,19.9,50.0,6250,0,False,False,False,False,False,False,True
0,1,17.2,71.6,902,1,True,False,False,False,False,False,False
0,1,16.6,70.8,3189,0,False,True,False,False,False,False,False
0,1,16.5,50.8,9285,0,False,False,True,False,False,False,False
0,1,17.0,50.5,2125,0,False,False,False,True,False,False,False
0,1,18.4,45.0,5444,0,False,False,False,False,True,False,False
0,1,21.1,48.0,16458,0,False,False,False,False,False,True,False
1,1,18.1,90.9,999,1,False,False,False,False,False,False,True
1,1,14.4,86.5,1941,1,True,False,False,False,False,False,False
0,1,12.9,90.8,400,1,False,True,False,False,False,False,False
0,1,14.4,63.6,1940,1,False,False,True,False,False,False,False
0,1,15.6,55.4,3233,0,False,False,False,True,False,False,False
0,1,17.9,51.1,5247,0,False,False,False,False,True,False,False
0,1,18.9,69.3,5058,1,False,False,False,False,False,True,False
0,1,16.6,61.5,5177,1,False,False,False,False,False,False,True
0,1,17.6,52.6,1199,0,True,False,False,False,False,False,False
0,1,18.5,49.5,4910,0,False,True,False,False,False,False,False
1,1,13.7,70.8,4891,1,False,False,True,False,False,False,False
0,1,14.2,63.6,1428,1,False,False,False,True,False,False,False
0,1,19.2,53.3,2848,0,False,False,False,False,True,False,False
0,1,20.4,57.0,8633,0,False,False,False,False,False,True,False
0,1,21.6,58.3,5089,0,False,False,False,False,False,False,True
0,1,19.3,67.5,1202,0,True,False,False,False,False,False,False
0,1,20.5,70.9,1481,0,False,True,False,False,False,False,False
0,1,21.5,69.6,1500,0,False,False,True,False,False,False,False
0,1,22.2,64.3,2478,0,False,False,False,True,False,False,False
0,1,21.2,68.9,3111,0,False,False,False,False,True,False,False
0,1,19.4,54.8,7738,0,False,False,False,False,False,True,False
0,1,20.4,74.0,3328,1,False,False,False,False,False,False,True
0,1,18.5,59.5,720,0,True,False,False,False,False,False,False
0,1,18.8,58.6,752,0,False,True,False,False,False,False,False
0,1,20.9,56.3,1097,0,False,False,True,False,False,False,False
0,1,21.1,58.4,1125,0,False,False,False,True,False,False,False
0,1,21.4,50.9,1940,0,False,False,False,False,True,False,False
0,1,20.0,58.3,7624,0,False,False,False,False,False,True,False
0,1,20.1,54.5,4225,0,False,False,False,False,False,False,True
0,1,20.8,54.9,587,0,True,False,False,False,False,False,False
0,1,21.6,49.5,714,0,False,True,False,False,False,False,False
0,1,22.5,60.1,1339,0,False,False,True,False,False,False,False
1,1,22.8,57.0,6672,0,False,False,False,True,False,False,False
0,1,22.8,56.8,5938,0,False,False,False,False,True,False,False
0,1,20.5,83.5,3213,1,False,False,False,False,False,True,False
0,1,23.9,66.4,3980,0,False,False,False,False,False,False,True
0,1,24.7,59.9,546,0,True,False,False,False,False,False,False
0,1,25.8,54.8,505,0,False,True,False,False,False,False,False
0,1,25.3,48.8,526,0,False,False,True,False,False,False,False
0,1,25.9,45.3,584,0,False,False,False,True,False,False,False
0,1,26.6,52.9,625,0,False,False,False,False,True,False,False
0,1,24.3,73.8,4038,1,False,False,False,False,False,True,False
0,1,24.4,59.4,2582,0,False,False,False,False,False,False,True
0,1,23.4,59.4,359,0,True,False,False,False,False,False,False
0,1,25.4,53.1,271,0,False,True,False,False,False,False,False
0,1,27.5,49.3,221,0,False,False,True,False,False,False,False
0,1,25.7,48.8,366,0,False,False,False,True,False,False,False
0,1,26.4,55.5,634,0,False,False,False,False,True,False,False
0,1,23.5,89.8,441,1,False,False,False,False,False,True,False
0,1,24.2,83.8,2287,1,False,False,False,False,False,False,True
0,1,25.3,66.4,352,0,True,False,False,False,False,False,False
0,1,22.9,60.6,469,0,False,True,False,False,False,False,False
0,1,24.3,60.6,347,0,False,False,True,False,False,False,False
0,1,23.7,63.5,462,0,False,False,False,True,False,False,False
0,1,25.7,58.5,663,0,False,False,False,False,True,False,False
0,1,25.3,74.6,1556,1,False,False,False,False,False,True,False
0,1,24.2,88.8,605,1,False,False,False,False,False,False,True
0,1,26.2,72.4,290,0,True,False,False,False,False,False,False
0,1,24.0,90.5,38,1,False,True,False,False,False,False,False
0,1,25.7,79.8,172,1,False,False,True,False,False,False,False
0,1,28.1,68.9,168,0,False,False,False,True,False,False,False
0,1,25.8,70.0,350,1,False,False,False,False,True,False,False
0,1,27.5,74.5,1844,1,False,False,False,False,False,True,False
0,1,25.5,91.6,195,1,False,False,False,False,False,False,True
0,1,23.9,96.6,14,1,True,False,False,False,False,False,False
0,1,23.1,94.6,13,1,False,True,False,False,False,False,False
0,1,23.4,89.8,313,1,False,False,True,False,False,False,False
0,1,24.4,84.8,234,1,False,False,False,True,False,False,False
0,1,26.0,77.0,625,0,False,False,False,False,True,False,False
0,1,26.3,75.5,2064,1,False,False,False,False,False,True,False
0,1,26.2,75.9,1730,0,False,False,False,False,False,False,True
0,1,26.6,76.9,222,1,True,False,False,False,False,False,False
0,1,24.6,89.3,16,1,False,True,False,False,False,False,False
0,1,26.7,81.5,274,1,False,False,True,False,False,False,False
0,1,25.9,84.4,30,1,False,False,False,True,False,False,False
0,1,25.1,88.8,250,1,False,False,False,False,True,False,False
0,1,26.0,87.0,752,1,False,False,False,False,False,True,False
0,1,27.8,79.3,1348,1,False,False,False,False,False,False,True
0,1,28.9,72.8,289,0,True,False,False,False,False,False,False
0,1,27.2,83.3,239,1,False,True,False,False,False,False,False
0,1,28.6,79.3,259,1,False,False,True,False,False,False,False
0,1,28.1,81.0,295,1,False,False,False,True,False,False,False
0,1,28.4,81.1,439,1,False,False,False,False,True,False,False
0,1,28.2,83.6,1310,1,False,False,False,False,False,True,False
0,1,29.7,71.8,1251,0,False,False,False,False,False,False,True
0,1,28.6,73.8,1163,0,True,False,False,False,False,False,False
0,1,28.7,73.4,1366,0,False,True,False,False,False,False,False
0,1,29.5,74.0,1149,0,False,False,True,False,False,False,False
0,1,30.0,73.0,1544,0,False,False,False,True,False,False,False
0,1,30.3,76.0,1565,0,False,False,False,False,True,False,False
0,1,30.7,74.5,3161,0,False,False,False,False,False,True,False
0,1,29.1,80.1,1070,1,False,False,False,False,False,False,True
0,1,27.4,87.1,439,1,True,False,False,False,False,False,False
0,1,28.6,78.0,519,0,False,True,False,False,False,False,False
0,1,28.9,78.3,422,1,False,False,True,False,False,False,False
0,1,27.3,81.9,549,0,False,False,False,True,False,False,False
0,1,28.4,74.6,757,0,False,False,False,False,True,False,False
0,1,28.7,76.5,2474,0,False,False,False,False,False,True,False
0,1,29.6,72.5,1458,0,False,False,False,False,False,False,True
0,1,30.5,72.0,303,0,True,False,False,False,False,False,False
0,1,29.2,71.1,539,1,False,True,False,False,False,False,False
0,1,29.5,64.3,538,0,False,False,True,False,False,False,False
1,1,29.5,66.4,1577,0,False,False,False,True,False,False,False
0,1,29.7,66.1,860,0,False,False,False,False,True,False,False
0,1,29.5,67.0,3913,0,False,False,False,False,False,True,False
0,1,29.5,68.6,1472,0,False,False,False,False,False,False,True
0,1,29.9,68.1,268,1,True,False,False,False,False,False,False
0,1,29.7,77.6,238,1,False,True,False,False,False,False,False
0,1,28.6,83.5,174,1,False,False,True,False,False,False,False
0,1,28.5,78.1,145,1,False,False,False,True,False,False,False
0,1,28.3,76.0,361,0,False,False,False,False,True,False,False
0,1,28.1,79.3,3972,1,False,False,False,False,False,True,False
0,1,28.0,79.5,2048,1,False,False,False,False,False,False,True
0,1,27.9,81.6,257,0,True,False,False,False,False,False,False
0,1,26.3,83.3,303,1,False,True,False,False,False,False,False
0,1,27.0,67.3,376,0,False,False,True,False,False,False,False
0,1,27.0,70.1,412,1,False,False,False,True,False,False,False
0,1,27.3,69.9,484,0,False,False,False,False,True,False,False
0,1,26.6,70.3,6056,0,False,False,False,False,False,True,False
0,1,26.9,69.1,2804,0,False,False,False,False,False,False,True
0,1,24.8,75.0,276,0,True,False,False,False,False,False,False
0,1,27.1,61.3,677,0,False,True,False,False,False,False,False
0,1,26.8,57.8,373,0,False,False,True,False,False,False,False
0,1,27.2,70.3,347,0,False,False,False,True,False,False,False
0,1,25.6,82.6,1393,1,False,False,False,False,True,False,False
0,1,26.6,75.9,6178,0,False,False,False,False,False,True,False
0,1,27.6,67.5,3290,0,False,False,False,False,False,False,True
0,1,29.0,67.9,241,0,True,False,False,False,False,False,False
0,1,29.5,62.8,572,0,False,True,False,False,False,False,False
0,1,28.1,79.8,487,1,False,False,True,False,False,False,False
0,1,26.5,89.9,1364,1,False,False,False,True,False,False,False
0,1,28.0,77.0,598,0,False,False,False,False,True,False,False
0,1,28.8,74.4,4544,0,False,False,False,False,False,True,False
0,1,29.3,70.3,4707,0,False,False,False,False,False,False,True
1,1,28.0,70.4,3483,0,True,False,False,False,False,False,False
1,1,29.7,72.0,4538,0,False,True,False,False,False,False,False
1,1,28.2,81.8,1555,1,False,False,True,False,False,False,False
0,1,28.5,76.0,494,0,False,False,False,True,False,False,False
0,1,25.5,93.5,96,1,False,False,False,False,True,False,False
0,1,21.4,95.9,96,1,False,False,False,False,False,True,False
0,1,21.3,75.1,6021,0,False,False,False,False,False,False,True
0,1,21.0,59.6,726,0,True,False,False,False,False,False,False
0,1,20.9,64.3,1659,0,False,True,False,False,False,False,False
0,1,23.2,72.0,1989,0,False,False,True,False,False,False,False
0,1,24.1,74.3,2789,0,False,False,False,True,False,False,False
0,1,23.0,72.8,3582,0,False,False,False,False,True,False,False
0,1,22.7,71.9,10122,0,False,False,False,False,False,True,False
0,1,22.8,64.4,6720,0,False,False,False,False,False,False,True
0,1,21.0,64.6,1463,0,True,False,False,False,False,False,False
1,1,17.0,81.0,3774,1,False,True,False,False,False,False,False
0,1,14.9,59.6,3155,0,False,False,True,False,False,False,False
1,1,12.9,87.3,2872,1,False,False,False,True,False,False,False
0,1,16.2,80.5,7517,0,False,False,False,False,True,False,False
0,1,17.2,74.1,12048,0,False,False,False,False,False,True,False
0,1,16.6,88.0,3747,1,False,False,False,False,False,False,True
0,1,17.0,85.3,1583,1,True,False,False,False,False,False,False
0,1,16.7,81.8,5177,0,False,True,False,False,False,False,False
1,1,18.5,70.4,10038,0,False,False,True,False,False,False,False
0,1,17.7,72.4,2441,0,False,False,False,True,False,False,False
0,1,17.6,75.9,5237,0,False,False,False,False,True,False,False
0,1,17.2,73.3,10698,0,False,False,False,False,False,True,False
0,1,17.7,73.8,6690,0,False,False,False,False,False,False,True
0,1,17.7,91.5,243,1,True,False,False,False,False,False,False
0,1,18.3,96.9,2112,1,False,True,False,False,False,False,False
0,1,18.9,86.5,3308,0,False,False,True,False,False,False,False
0,1,19.1,78.6,4014,0,False,False,False,True,False,False,False
0,1,20.0,89.4,4200,1,False,False,False,False,True,False,False
0,1,17.6,84.4,5334,1,False,False,False,False,False,True,False
0,1,13.3,60.6,5916,0,False,False,False,False,False,False,True
0,1,13.9,85.0,964,1,True,False,False,False,False,False,False
0,1,16.6,97.4,973,1,False,True,False,False,False,False,False
0,1,13.7,72.3,1558,1,False,False,True,False,False,False,False
0,1,12.0,76.0,2381,0,False,False,False,True,False,False,False
0,1,14.5,78.0,4875,0,False,False,False,False,True,False,False
0,1,17.2,74.4,11830,0,False,False,False,False,False,True,False
0,1,15.2,86.4,6221,1,False,False,False,False,False,False,True
0,1,14.8,81.3,1374,0,True,False,False,False,False,False,False
0,1,14.9,70.5,2127,0,False,True,False,False,False,False,False
0,1,14.7,76.8,1754,0,False,False,True,False,False,False,False
0,1,14.5,75.6,2468,0,False,False,False,True,False,False,False
0,1,13.3,88.1,2033,1,False,False,False,False,True,False,False
0,1,16.9,77.9,6831,1,False,False,False,False,False,True,False
0,1,16.2,76.4,6928,0,False,False,False,False,False,False,True
0,1,14.5,69.3,805,0,True,False,False,False,False,False,False
0,1,9.8,56.4,1003,0,False,True,False,False,False,False,False
0,1,7.3,54.9,1065,0,False,False,True,False,False,False,False
0,1,7.7,66.9,1239,0,False,False,False,True,False,False,False
0,1,10.5,73.0,1834,0,False,False,False,False,True,False,False
0,1,12.4,76.9,6737,0,False,False,False,False,False,True,False
0,1,13.3,78.0,5082,0,False,False,False,False,False,False,True
0,1,13.3,74.8,692,0,True,False,False,False,False,False,False
0,1,13.7,67.5,1016,0,False,True,False,False,False,False,False
0,1,13.1,71.9,936,0,False,False,True,False,False,False,False
0,1,13.8,78.4,1675,1,False,False,False,True,False,False,False
0,1,14.8,78.6,2113,1,False,False,False,False,True,False,False
0,1,16.8,74.4,7322,1,False,False,False,False,False,True,False
0,1,9.1,51.6,3116,0,False,False,False,False,False,False,True
0,1,2.6,34.4,670,0,True,False,False,False,False,False,False
0,1,5.4,59.3,674,0,False,True,False,False,False,False,False
0,1,6.7,67.0,623,0,False,False,True,False,False,False,False
0,1,9.8,69.4,524,0,False,False,False,True,False,False,False
0,1,7.2,54.1,958,0,False,False,False,False,True,False,False
0,1,5.3,62.0,3711,0,False,False,False,False,False,True,False
0,1,6.6,67.0,3402,0,False,False,False,False,False,False,True
0,1,9.7,66.8,579,1,True,False,False,False,False,False,False
0,1,7.6,72.4,81,1,False,True,False,False,False,False,False
0,1,2.3,75.5,249,1,False,False,True,False,False,False,False
0,1,3.2,79.6,100,1,False,False,False,True,False,False,False
0,1,2.2,81.1,177,1,False,False,False,False,True,False,False
0,1,5.3,73.3,2055,0,False,False,False,False,False,True,False
0,1,7.6,80.0,2309,0,False,False,False,False,False,False,True
0,1,8.3,75.6,423,0,True,False,False,False,False,False,False
0,1,2.1,48.5,178,0,False,True,False,False,False,False,False
0,1,3.6,48.5,161,0,False,False,True,False,False,False,False
0,1,4.5,69.5,254,0,False,False,False,True,False,False,False
0,1,4.0,65.0,419,0,False,False,False,False,True,False,False
0,1,1.4,66.3,1773,0,False,False,False,False,False,True,False
0,1,0.5,58.0,1484,0,False,False,False,False,False,False,True
0,1,2.0,63.4,288,0,True,False,False,False,False,False,False
0,1,3.9,58.6,312,0,False,True,False,False,False,False,False
0,1,2.5,62.6,142,0,False,False,True,False,False,False,False
0,1,1.2,54.8,174,0,False,False,False,True,False,False,False
0,1,0.6,59.5,278,0,False,False,False,False,True,False,False
0,1,0.5,59.1,1360,0,False,False,False,False,False,True,False
0,1,1.7,81.5,472,1,False,False,False,False,False,False,True
0,1,2.7,61.4,232,1,True,False,False,False,False,False,False
0,1,1.6,54.8,205,0,False,True,False,False,False,False,False
0,1,-2.0,50.4,147,0,False,False,True,False,False,False,False
0,1,-1.9,54.1,287,0,False,False,False,True,False,False,False
0,1,0.7,67.4,178,1,False,False,False,False,True,False,False
0,1,0.6,75.1,544,1,False,False,False,False,False,True,False
0,1,-2.5,55.9,749,0,False,False,False,False,False,False,True
0,1,-0.4,73.9,233,0,True,False,False,False,False,False,False
0,1,0.6,65.5,249,0,False,True,False,False,False,False,False
1,1,2.5,67.0,2692,0,False,False,True,False,False,False,False
0,1,2.4,59.3,423,0,False,False,False,True,False,False,False
0,1,-1.4,61.4,371,1,False,False,False,False,True,False,False
0,1,-2.0,62.0,713,0,False,False,False,False,False,True,False
0,1,2.1,67.8,1124,0,False,False,False,False,False,False,True
0,1,6.7,65.3,880,0,True,False,False,False,False,False,False
0,1,2.3,44.1,635,0,False,True,False,False,False,False,False
1,1,2.6,60.5,1960,0,False,False,True,False,False,False,False
0,1,1.8,53.3,545,0,False,False,False,True,False,False,False
0,1,0.3,50.8,440,0,False,False,False,False,True,False,False
0,1,0.6,57.3,1197,0,False,False,False,False,False,True,False
0,1,2.2,80.5,429,1,False,False,False,False,False,False,True
0,1,2.0,75.5,195,1,True,False,False,False,False,False,False
0,1,-1.5,66.6,150,1,False,True,False,False,False,False,False
0,1,-1.7,82.8,47,1,False,False,True,False,False,False,False
0,1,-8.1,47.8,25,0,False,False,False,True,False,False,False
0,1,-6.6,55.6,45,0,False,False,False,False,True,False,False
0,1,-3.0,64.8,522,0,False,False,False,False,False,True,False
0,1,-1.9,68.3,831,0,False,False,False,False,False,False,True
0,1,1.1,65.5,304,0,True,False,False,False,False,False,False
0,1,4.9,56.4,370,1,False,True,False,False,False,False,False
0,1,-1.8,45.5,173,0,False,False,True,False,False,False,False
0,1,0.9,57.0,195,0,False,False,False,True,False,False,False
0,1,1.3,58.6,372,0,False,False,False,False,True,False,False
0,1,1.0,50.8,1658,0,False,False,False,False,False,True,False
0,1,1.7,62.3,2000,0,False,False,False,False,False,False,True
0,1,2.8,71.8,344,0,True,False,False,False,False,False,False
0,1,2.5,70.6,316,0,False,True,False,False,False,False,False
0,1,3.4,71.3,295,0,False,False,True,False,False,False,False
0,1,2.9,51.4,291,0,False,False,False,True,False,False,False
0,1,2.6,45.0,419,0,False,False,False,False,True,False,False
0,1,4.3,53.5,2221,0,False,False,False,False,False,True,False
0,1,5.2,50.9,3009,0,False,False,False,False,False,False,True
1,1,0.3,82.8,475,1,True,False,False,False,False,False,False
1,1,-1.4,79.8,153,1,False,True,False,False,False,False,False
1,1,-2.6,71.5,320,1,False,False,True,False,False,False,False
1,1,-1.8,68.3,1008,0,False,False,False,True,False,False,False
0,1,1.9,70.6,900,0,False,False,False,False,True,False,False
0,1,3.5,84.5,1168,1,False,False,False,False,False,True,False
0,1,2.4,78.0,2048,0,False,False,False,False,False,False,True
0,1,-1.4,50.0,280,1,True,False,False,False,False,False,False
0,1,-6.2,58.1,93,0,False,True,False,False,False,False,False
0,1,-6.4,56.1,95,0,False,False,True,False,False,False,False
0,1,-4.1,61.9,170,1,False,False,False,True,False,False,False
0,1,-6.4,73.6,22,1,False,False,False,False,True,False,False
0,1,-6.6,64.4,358,0,False,False,False,False,False,True,False
0,1,-3.9,64.1,752,0,False,False,False,False,False,False,True
0,1,-2.6,71.5,280,0,True,False,False,False,False,False,False
0,1,0.3,55.0,437,0,False,True,False,False,False,False,False
0,1,1.1,82.1,18,1,False,False,True,False,False,False,False
0,1,1.1,47.4,504,0,False,False,False,True,False,False,False
0,1,3.5,63.5,978,0,False,False,False,False,True,False,False
0,1,2.9,64.8,3500,0,False,False,False,False,False,True,False
0,1,5.1,67.3,4319,0,False,False,False,False,False,False,True
0,1,1.3,34.0,625,0,True,False,False,False,False,False,False
0,1,-0.9,39.9,392,0,False,True,False,False,False,False,False
0,1,-1.6,42.6,420,0,False,False,True,False,False,False,False
0,1,-1.9,44.4,482,0,False,False,False,True,False,False,False
0,1,-1.5,42.3,604,0,False,False,False,False,True,False,False
0,1,-1.0,54.6,1888,1,False,False,False,False,False,True,False
0,1,-2.7,47.5,1353,0,False,False,False,False,False,False,True
0,1,-0.7,41.3,846,0,True,False,False,False,False,False,False
0,1,1.7,58.8,921,0,False,True,False,False,False,False,False
0,1,5.3,44.4,1440,0,False,False,True,False,False,False,False
0,1,6.6,28.1,3257,0,False,False,False,True,False,False,False
0,1,9.8,55.8,4263,0,False,False,False,False,True,False,False
1,1,6.3,88.3,3108,1,False,False,False,False,False,True,False
0,1,9.7,84.5,2076,1,False,False,False,False,False,False,True
1,1,3.5,71.4,529,1,True,False,False,False,False,False,False
0,1,3.4,70.4,24,1,False,True,False,False,False,False,False
0,1,5.5,66.1,147,0,False,False,True,False,False,False,False
0,1,5.1,56.3,110,0,False,False,False,True,False,False,False
0,1,5.6,49.5,232,0,False,False,False,False,True,False,False
0,1,6.2,54.0,2891,0,False,False,False,False,False,True,False
0,1,6.8,57.3,5150,0,False,False,False,False,False,False,True
0,1,8.2,46.9,373,0,True,False,False,False,False,False,False
0,1,9.8,45.8,325,0,False,True,False,False,False,False,False
0,1,9.6,62.1,238,0,False,False,True,False,False,False,False
0,1,10.3,48.6,244,0,False,False,False,True,False,False,False
0,1,12.9,31.8,1059,0,False,False,False,False,True,False,False
0,1,9.8,52.5,5445,0,False,False,False,False,False,True,False
0,1,4.5,59.4,498,1,False,False,False,False,False,False,True
0,1,3.8,35.4,210,0,True,False,False,False,False,False,False
0,1,1.2,77.4,16,1,False,True,False,False,False,False,False
0,1,3.2,47.0,147,0,False,False,True,False,False,False,False
0,1,7.6,61.4,258,0,False,False,False,True,False,False,False
0,1,12.8,51.1,645,0,False,False,False,False,True,False,False
0,1,14.9,42.8,7545,0,False,False,False,False,False,True,False
0,1,16.6,40.1,7285,0,False,False,False,False,False,False,True
0,1,16.6,53.4,574,0,True,False,False,False,False,False,False
0,1,15.4,54.4,382,0,False,True,False,False,False,False,False
0,1,18.5,36.0,619,0,False,False,True,False,False,False,False
0,1,16.1,68.3,170,1,False,False,False,True,False,False,False
0,1,7.5,42.1,669,0,False,False,False,False,True,False,False
0,1,3.9,42.6,2495,0,False,False,False,False,False,True,False
0,1,4.4,43.9,2365,0,False,False,False,False,False,False,True
0,1,8.1,52.4,564,0,True,False,False,False,False,False,False
0,1,10.3,46.9,686,0,False,True,False,False,False,False,False
0,1,9.6,47.9,438,0,False,False,True,False,False,False,False
0,1,10.3,57.8,485,0,False,False,False,True,False,False,False
0,1,11.7,55.8,1372,1,False,False,False,False,True,False,False
0,1,9.4,79.1,662,1,False,False,False,False,False,True,False
0,1,10.7,53.6,7432,0,False,False,False,False,False,False,True
0,1,13.8,43.0,1093,0,True,False,False,False,False,False,False
0,1,15.6,41.4,742,0,False,True,False,False,False,False,False
0,1,13.9,42.4,1110,0,False,False,True,False,False,False,False
0,1,14.0,53.1,879,0,False,False,False,True,False,False,False
0,1,16.2,47.0,2966,0,False,False,False,False,True,False,False
0,1,14.7,57.0,3537,1,False,False,False,False,False,True,False
0,1,5.8,68.1,1800,1,False,False,False,False,False,False,True
0,1,5.1,81.6,82,1,True,False,False,False,False,False,False
0,1,8.8,66.9,1421,0,False,True,False,False,False,False,False
0,1,16.0,50.9,2573,0,False,False,True,False,False,False,False
0,1,21.8,54.1,2028,0,False,False,False,True,False,False,False
0,1,21.4,63.5,2922,0,False,False,False,False,True,False,False
0,1,20.8,70.5,6944,1,False,False,False,False,False,True,False
0,1,17.6,78.9,6785,1,False,False,False,False,False,False,True
0,1,21.5,62.4,1567,0,True,False,False,False,False,False,False
0,1,17.7,91.5,212,1,False,True,False,False,False,False,False
0,1,17.5,77.1,1869,0,False,False,True,False,False,False,False
0,1,15.0,55.1,2265,0,False,False,False,True,False,False,False
0,1,12.7,33.1,3883,0,False,False,False,False,True,False,False
0,1,14.4,37.4,10180,0,False,False,False,False,False,True,False
0,1,17.2,26.9,7330,0,False,False,False,False,False,False,True
0,1,15.3,39.6,1349,0,True,False,False,False,False,False,False
0,1,14.7,42.5,1488,0,False,True,False,False,False,False,False
0,1,18.6,40.8,1954,0,False,False,True,False,False,False,False
0,1,14.8,77.0,5638,1,False,False,False,True,False,False,False
0,1,13.6,55.8,8065,0,False,False,False,False,True,False,False
0,1,10.5,83.5,2479,1,False,False,False,False,False,True,False
0,1,14.3,48.1,20083,0,False,False,False,False,False,False,True
1,1,11.9,60.4,13476,1,True,False,False,False,False,False,False
1,1,13.1,66.5,5696,0,False,True,False,False,False,False,False
0,1,14.7,61.9,1133,0,False,False,True,False,False,False,False
0,1,18.2,55.4,2136,0,False,False,False,True,False,False,False
0,1,15.4,85.1,2122,1,False,False,False,False,True,False,False
0,1,12.6,90.1,1422,1,False,False,False,False,False,True,False
0,1,15.4,69.1,5558,0,False,False,False,False,False,False,True
0,1,17.7,59.4,3022,0,True,False,False,False,False,False,False
0,1,19.3,53.5,1655,0,False,True,False,False,False,False,False
0,1,21.0,51.8,1941,0,False,False,True,False,False,False,False
0,1,21.6,81.3,1803,1,False,False,False,True,False,False,False
0,1,20.5,88.8,2664,1,False,False,False,False,True,False,False
0,1,19.4,81.3,7626,1,False,False,False,False,False,True,False
0,1,16.2,56.6,6361,0,False,False,False,False,False,False,True
0,1,18.8,65.1,2091,0,True,False,False,False,False,False,False
0,1,25.4,71.6,1643,0,False,True,False,False,False,False,False
0,1,25.5,72.4,1063,0,False,False,True,False,False,False,False
0,1,21.2,80.3,1166,1,False,False,False,True,False,False,False
0,1,19.9,43.5,2502,0,False,False,False,False,True,False,False
0,1,16.0,60.5,5446,1,False,False,False,False,False,True,False
0,1,17.8,64.9,7277,0,False,False,False,False,False,False,True
0,1,19.7,54.1,955,0,True,False,False,False,False,False,False
0,1,20.5,52.6,1112,0,False,True,False,False,False,False,False
0,1,20.7,56.3,1098,0,False,False,True,False,False,False,False
0,1,20.6,58.5,822,0,False,False,False,True,False,False,False
0,1,20.4,52.8,1669,0,False,False,False,False,True,False,False
0,1,20.4,58.8,8430,0,False,False,False,False,False,True,False
0,1,22.4,56.8,5291,0,False,False,False,False,False,False,True
0,1,20.4,65.6,1455,0,True,False,False,False,False,False,False
1,1,21.1,53.9,5239,0,False,True,False,False,False,False,False
0,1,20.8,48.9,853,0,False,False,True,False,False,False,False
0,1,21.2,47.3,1657,0,False,False,False,True,False,False,False
1,1,23.7,40.8,8557,0,False,False,False,False,True,False,False
0,1,24.3,53.1,10047,0,False,False,False,False,False,True,False
0,1,25.5,65.9,3915,0,False,False,False,False,False,False,True
0,1,25.5,62.9,457,0,True,False,False,False,False,False,False
0,1,23.6,66.6,372,0,False,True,False,False,False,False,False
0,1,23.1,48.8,444,0,False,False,True,False,False,False,False
0,1,25.1,43.6,413,0,False,False,False,True,False,False,False
0,1,21.3,73.9,314,1,False,False,False,False,True,False,False
0,1,23.8,84.8,2770,1,False,False,False,False,False,True,False
0,1,26.3,73.4,2050,1,False,False,False,False,False,False,True
0,1,24.2,83.1,446,1,True,False,False,False,False,False,False
0,1,25.0,74.6,576,1,False,True,False,False,False,False,False
0,1,25.8,62.8,462,0,False,False,True,False,False,False,False
0,1,27.2,63.6,311,0,False,False,False,True,False,False,False
0,1,24.9,85.5,83,1,False,False,False,False,True,False,False
0,1,21.1,94.9,214,1,False,False,False,False,False,True,False
0,1,23.3,71.1,4393,0,False,False,False,False,False,False,True
0,1,25.1,65.5,439,0,True,False,False,False,False,False,False
0,1,21.9,76.5,155,1,False,True,False,False,False,False,False
0,1,21.2,84.8,239,1,False,False,True,False,False,False,False
0,1,22.9,80.6,347,1,False,False,False,True,False,False,False
0,1,25.3,75.5,751,0,False,False,False,False,True,False,False
0,1,27.5,79.1,2246,0,False,False,False,False,False,True,False
0,1,28.7,71.9,1824,0,False,False,False,False,False,False,True
0,1,29.1,69.8,209,0,True,False,False,False,False,False,False
0,1,29.0,73.9,155,0,False,True,False,False,False,False,False
0,1,29.4,71.3,192,0,False,False,True,False,False,False,False
0,1,28.6,69.1,147,0,False,False,False,True,False,False,False
0,1,27.9,72.1,320,0,False,False,False,False,True,False,False
0,1,28.6,71.1,1477,0,False,False,False,False,False,True,False
0,1,29.0,72.3,826,0,False,False,False,False,False,False,True
0,1,30.0,74.5,155,0,True,False,False,False,False,False,False
0,1,31.4,65.9,63,0,False,True,False,False,False,False,False
0,1,31.0,48.1,70,0,False,False,True,False,False,False,False
0,1,29.8,42.4,100,0,False,False,False,True,False,False,False
0,1,29.0,44.9,245,0,False,False,False,False,True,False,False
0,1,28.6,54.4,1191,0,False,False,False,False,False,True,False
0,1,25.3,78.9,772,1,False,False,False,False,False,False,True
0,1,23.4,83.3,271,1,True,False,False,False,False,False,False
0,1,22.9,84.8,210,1,False,True,False,False,False,False,False
0,1,22.6,90.8,51,1,False,False,True,False,False,False,False
0,1,22.0,96.6,31,1,False,False,False,True,False,False,False
0,1,24.3,90.3,113,1,False,False,False,False,True,False,False
0,1,24.6,93.1,366,1,False,False,False,False,False,True,False
0,1,27.9,77.3,2345,0,False,False,False,False,False,False,True
0,1,28.4,76.1,210,0,True,False,False,False,False,False,False
0,1,28.6,78.0,500,1,False,True,False,False,False,False,False
0,1,28.9,75.0,760,0,False,False,True,False,False,False,False
0,1,29.9,70.1,323,0,False,False,False,True,False,False,False
0,1,30.4,68.0,393,0,False,False,False,False,True,False,False
0,1,30.6,66.8,993,0,False,False,False,False,False,True,False
0,1,31.6,61.5,976,0,False,False,False,False,False,False,True
0,1,30.9,66.3,774,0,True,False,False,False,False,False,False
0,1,31.2,62.6,588,0,False,True,False,False,False,False,False
0,1,30.9,59.6,705,0,False,False,True,False,False,False,False
0,1,29.9,61.9,845,0,False,False,False,True,False,False,False
0,1,30.4,64.5,971,0,False,False,False,False,True,False,False
0,1,31.2,65.3,1428,0,False,False,False,False,False,True,False
0,1,27.4,80.8,1256,1,False,False,False,False,False,False,True
0,1,28.4,81.0,465,1,True,False,False,False,False,False,False
0,1,29.3,71.0,451,0,False,True,False,False,False,False,False
0,1,28.0,84.3,264,1,False,False,True,False,False,False,False
0,1,27.5,74.5,511,0,False,False,False,True,False,False,False
0,1,26.1,75.0,759,0,False,False,False,False,True,False,False
0,1,24.3,89.6,1475,1,False,False,False,False,False,True,False
0,1,26.2,73.5,2914,0,False,False,False,False,False,False,True
0,1,24.3,86.4,960,1,True,False,False,False,False,False,False
0,1,24.3,82.8,832,1,False,True,False,False,False,False,False
0,1,26.8,86.0,582,1,False,False,True,False,False,False,False
0,1,28.5,74.5,1090,0,False,False,False,True,False,False,False
1,1,28.9,78.6,5223,0,False,False,False,False,True,False,False
0,1,28.6,74.6,4962,0,False,False,False,False,False,True,False
0,1,28.2,76.3,2465,0,False,False,False,False,False,False,True
0,1,29.2,70.9,758,0,True,False,False,False,False,False,False
0,1,29.0,73.0,688,0,False,True,False,False,False,False,False
0,1,29.5,70.9,378,0,False,False,True,False,False,False,False
0,1,29.9,70.3,382,0,False,False,False,True,False,False,False
0,1,29.8,70.1,1106,0,False,False,False,False,True,False,False
0,1,29.2,73.1,3886,0,False,False,False,False,False,True,False
0,1,30.6,65.3,2439,0,False,False,False,False,False,False,True
0,1,30.3,70.0,185,0,True,False,False,False,False,False,False
0,1,26.2,87.0,515,1,False,True,False,False,False,False,False
0,1,26.9,76.9,674,0,False,False,True,False,False,False,False
0,1,28.1,72.8,555,0,False,False,False,True,False,False,False
0,1,29.3,74.4,443,0,False,False,False,False,True,False,False
0,1,29.4,72.0,3905,0,False,False,False,False,False,True,False
0,1,27.9,76.9,1279,0,False,False,False,False,False,False,True
0,1,26.8,82.4,233,1,True,False,False,False,False,False,False
0,1,25.4,79.5,243,1,False,True,False,False,False,False,False
0,1,26.0,79.4,217,1,False,False,True,False,False,False,False
0,1,26.1,82.1,233,1,False,False,False,True,False,False,False
0,1,28.1,72.3,800,0,False,False,False,False,True,False,False
0,1,28.0,76.3,4474,1,False,False,False,False,False,True,False
0,1,24.4,90.5,1397,1,False,False,False,False,False,False,True
0,1,22.2,85.5,360,0,True,False,False,False,False,False,False
0,1,20.4,85.6,178,1,False,True,False,False,False,False,False
0,1,23.8,78.4,902,0,False,False,True,False,False,False,False
0,1,24.9,69.6,660,0,False,False,False,True,False,False,False
0,1,22.8,83.3,755,1,False,False,False,False,True,False,False
0,1,25.1,83.0,4296,1,False,False,False,False,False,True,False
0,1,25.3,78.4,5287,0,False,False,False,False,False,False,True
0,1,25.3,81.0,566,0,True,False,False,False,False,False,False
0,1,25.8,88.0,664,1,False,True,False,False,False,False,False
0,1,23.5,93.3,51,1,False,False,True,False,False,False,False
0,1,21.9,80.5,1634,0,False,False,False,True,False,False,False
0,1,20.3,77.8,1595,1,False,False,False,False,True,False,False
0,1,20.1,90.6,6527,1,False,False,False,False,False,True,False
0,1,21.6,75.3,6066,0,False,False,False,False,False,False,True
0,1,21.2,66.5,941,0,True,False,False,False,False,False,False
0,1,22.3,60.8,1591,0,False,True,False,False,False,False,False
0,1,22.9,81.3,939,1,False,False,True,False,False,False,False
0,1,22.2,96.4,1319,1,False,False,False,True,False,False,False
0,1,21.3,83.5,3559,0,False,False,False,False,True,False,False
0,1,23.1,78.3,8580,0,False,False,False,False,False,True,False
0,1,20.4,95.3,521,1,False,False,False,False,False,False,True
0,1,19.9,80.0,1740,0,True,False,False,False,False,False,False
0,1,19.3,79.8,2341,0,False,True,False,False,False,False,False
0,1,20.3,75.9,1261,0,False,False,True,False,False,False,False
0,1,20.5,80.3,3453,0,False,False,False,True,False,False,False
1,1,18.5,93.6,755,1,False,False,False,False,True,False,False
0,1,20.7,94.6,5589,1,False,False,False,False,False,True,False
1,1,21.7,94.5,4507,1,False,False,False,False,False,False,True
1,1,19.9,95.5,1838,1,True,False,False,False,False,False,False
1,1,19.9,95.8,2720,1,False,True,False,False,False,False,False
1,1,21.2,91.6,11506,1,False,False,True,False,False,False,False
1,1,21.1,76.0,10194,0,False,False,False,True,False,False,False
0,1,21.5,73.5,5381,0,False,False,False,False,True,False,False
0,1,23.1,72.9,10236,0,False,False,False,False,False,True,False
0,1,20.9,88.3,3200,1,False,False,False,False,False,False,True
0,1,18.6,93.1,102,1,True,False,False,False,False,False,False
0,1,18.3,88.8,1675,1,False,True,False,False,False,False,False
0,1,20.3,79.8,1730,1,False,False,True,False,False,False,False
0,1,19.4,88.8,2231,1,False,False,False,True,False,False,False
0,1,19.8,81.8,4313,1,False,False,False,False,True,False,False
0,1,16.6,92.3,5410,1,False,False,False,False,False,True,False
0,1,16.3,79.0,6114,0,False,False,False,False,False,False,True
0,1,11.5,71.8,2304,0,True,False,False,False,False,False,False
0,1,11.3,73.3,3462,0,False,True,False,False,False,False,False
0,1,13.4,78.0,2171,0,False,False,True,False,False,False,False
0,1,15.8,76.6,3606,0,False,False,False,True,False,False,False
0,1,15.7,76.4,4768,0,False,False,False,False,True,False,False
0,1,14.3,77.1,9769,0,False,False,False,False,False,True,False
0,1,13.2,74.9,5410,0,False,False,False,False,False,False,True
0,1,9.5,53.4,1094,0,True,False,False,False,False,False,False
0,1,8.5,63.3,2275,0,False,True,False,False,False,False,False
0,1,9.6,67.5,1893,0,False,False,True,False,False,False,False
0,1,10.2,75.3,2187,0,False,False,False,True,False,False,False
0,1,12.6,75.9,5376,0,False,False,False,False,True,False,False
0,1,13.6,69.0,7367,1,False,False,False,False,False,True,False
0,1,9.4,65.3,3985,1,False,False,False,False,False,False,True
0,1,7.0,64.6,994,0,True,False,False,False,False,False,False
0,1,10.5,72.6,886,0,False,True,False,False,False,False,False
0,1,10.4,78.1,1297,0,False,False,True,False,False,False,False
0,1,11.3,79.4,1663,0,False,False,False,True,False,False,False
0,1,13.3,73.6,2839,0,False,False,False,False,True,False,False
0,1,13.7,77.8,6139,1,False,False,False,False,False,True,False
0,1,13.7,66.3,3941,0,False,False,False,False,False,False,True
0,1,8.9,42.0,742,0,True,False,False,False,False,False,False
0,1,8.2,58.8,699,0,False,True,False,False,False,False,False
0,1,8.8,70.6,575,0,False,False,True,False,False,False,False
0,1,9.3,70.0,1611,0,False,False,False,True,False,False,False
0,1,8.5,66.0,2211,0,False,False,False,False,True,False,False
0,1,8.8,63.0,6062,0,False,False,False,False,False,True,False
0,1,11.2,64.5,4275,1,False,False,False,False,False,False,True
0,1,5.6,52.8,540,0,True,False,False,False,False,False,False
0,1,3.0,52.5,312,0,False,True,False,False,False,False,False
0,1,4.4,55.3,583,0,False,False,True,False,False,False,False
0,1,8.5,61.9,484,0,False,False,False,True,False,False,False
0,1,7.0,56.1,856,0,False,False,False,False,True,False,False
0,1,7.6,67.8,4045,0,False,False,False,False,False,True,False
0,1,8.8,71.6,3261,0,False,False,False,False,False,False,True
0,1,12.0,72.4,639,0,True,False,False,False,False,False,False
0,1,8.0,75.9,102,1,False,True,False,False,False,False,False
0,1,7.2,64.0,740,0,False,False,True,False,False,False,False
0,1,5.2,76.5,67,1,False,False,False,True,False,False,False
0,1,3.7,50.0,777,0,False,False,False,False,True,False,False
0,1,6.6,62.9,3672,0,False,False,False,False,False,True,False
0,1,13.9,70.4,3187,0,False,False,False,False,False,False,True
0,1,7.9,49.9,562,0,True,False,False,False,False,False,False
0,1,2.2,43.9,241,0,False,True,False,False,False,False,False
0,1,-3.2,49.4,163,0,False,False,True,False,False,False,False
0,1,-1.6,61.1,166,1,False,False,False,True,False,False,False
0,1,-1.1,54.3,273,0,False,False,False,False,True,False,False
0,1,4.3,64.0,1554,0,False,False,False,False,False,True,False
0,1,10.4,74.3,2678,0,False,False,False,False,False,False,True
0,1,4.9,33.8,296,0,True,False,False,False,False,False,False
0,1,2.2,58.3,192,0,False,True,False,False,False,False,False
0,1,5.1,66.5,323,0,False,False,True,False,False,False,False
0,1,5.0,71.9,930,1,False,False,False,True,False,False,False
0,1,3.1,58.8,431,0,False,False,False,False,True,False,False
0,1,3.6,82.4,610,1,False,False,False,False,False,True,False
0,1,1.1,78.0,917,0,False,False,False,False,False,False,True
0,1,1.8,77.9,305,0,True,False,False,False,False,False,False
0,1,5.7,79.1,237,0,False,True,False,False,False,False,False
0,1,5.2,68.4,253,0,False,False,True,False,False,False,False
0,1,2.4,62.8,282,0,False,False,False,True,False,False,False
0,1,4.7,68.4,354,0,False,False,False,False,True,False,False
0,1,7.7,82.3,1273,1,False,False,False,False,False,True,False
0,1,-0.1,45.0,1428,0,False,False,False,False,False,False,True
0,1,-0.5,55.6,432,0,True,False,False,False,False,False,False
0,1,1.7,76.9,174,1,False,True,False,False,False,False,False
0,1,2.6,88.4,263,1,False,False,True,False,False,False,False
1,1,-1.7,63.8,2540,0,False,False,False,True,False,False,False
0,1,-6.2,41.9,373,0,False,False,False,False,True,False,False
0,1,-2.2,69.3,1081,1,False,False,False,False,False,True,False
0,1,3.6,77.5,1459,0,False,False,False,False,False,False,True
0,1,5.3,79.4,786,1,True,False,False,False,False,False,False
0,1,0.4,46.9,757,0,False,True,False,False,False,False,False
0,1,-3.4,44.8,384,0,False,False,True,False,False,False,False
1,1,-6.2,42.0,735,0,False,False,False,True,False,False,False
0,1,-6.2,53.1,419,0,False,False,False,False,True,False,False
0,1,-2.9,65.0,988,0,False,False,False,False,False,True,False
0,1,2.5,62.5,1084,0,False,False,False,False,False,False,True
0,1,-0.2,52.1,418,0,True,False,False,False,False,False,False
0,1,-0.7,47.9,242,0,False,True,False,False,False,False,False
0,1,1.3,54.6,251,0,False,False,True,False,False,False,False
0,1,-3.6,37.8,221,0,False,False,False,True,False,False,False
0,1,1.2,55.5,324,0,False,False,False,False,True,False,False
0,1,3.9,54.8,497,1,False,False,False,False,False,True,False
0,1,-5.0,48.3,346,0,False,False,False,False,False,False,True
0,1,-1.5,68.4,234,1,True,False,False,False,False,False,False
0,1,0.5,53.3,110,1,False,True,False,False,False,False,False
0,1,-1.0,42.3,179,0,False,False,True,False,False,False,False
0,1,7.9,73.3,413,0,False,False,False,True,False,False,False
0,1,2.6,81.0,472,0,False,False,False,False,True,False,False
0,1,2.5,58.6,2223,0,False,False,False,False,False,True,False
0,1,1.6,57.4,2088,0,False,False,False,False,False,False,True
0,1,-1.0,59.5,278,1,True,False,False,False,False,False,False
0,1,-6.4,44.3,116,0,False,True,False,False,False,False,False
0,1,-7.1,56.8,187,0,False,False,True,False,False,False,False
0,1,-6.9,53.6,61,0,False,False,False,True,False,False,False
0,1,-3.8,65.8,224,0,False,False,False,False,True,False,False
0,1,-3.0,53.8,703,1,False,False,False,False,False,True,False
0,1,-4.0,43.9,806,0,False,False,False,False,False,False,True
0,1,-3.5,56.8,471,0,True,False,False,False,False,False,False
0,1,-1.8,47.9,221,0,False,True,False,False,False,False,False
0,1,-4.0,35.9,215,0,False,False,True,False,False,False,False
0,1,-3.0,41.8,202,0,False,False,False,True,False,False,False
0,1,-4.6,40.0,310,0,False,False,False,False,True,False,False
0,1,-3.6,49.0,1070,0,False,False,False,False,False,True,False
0,1,-1.0,51.0,1093,1,False,False,False,False,False,False,True
0,1,-1.9,64.8,252,1,True,False,False,False,False,False,False
0,1,-0.5,63.5,188,0,False,True,False,False,False,False,False
0,1,2.1,68.3,306,0,False,False,True,False,False,False,False
0,1,4.8,66.3,528,0,False,False,False,True,False,False,False
0,1,-2.9,38.4,263,0,False,False,False,False,True,False,False
0,1,-5.7,39.8,770,0,False,False,False,False,False,True,False
0,1,-6.7,50.4,434,0,False,False,False,False,False,False,True
0,1,-2.0,55.3,387,0,True,False,False,False,False,False,False
0,1,1.5,71.1,173,0,False,True,False,False,False,False,False
0,1,3.1,73.9,334,0,False,False,True,False,False,False,False
0,1,2.6,61.5,374,0,False,False,False,True,False,False,False
0,1,4.6,65.4,681,0,False,False,False,False,True,False,False
0,1,6.6,73.3,2689,0,False,False,False,False,False,True,False
0,1,5.8,60.9,3278,0,False,False,False,False,False,False,True
1,1,2.1,45.8,3680,0,True,False,False,False,False,False,False
1,1,1.9,52.8,3557,0,False,True,False,False,False,False,False
1,1,3.5,49.0,3331,0,False,False,True,False,False,False,False
0,1,2.1,47.9,1160,0,False,False,False,True,False,False,False
0,1,5.6,49.0,1410,0,False,False,False,False,True,False,False
0,1,10.6,44.6,8201,0,False,False,False,False,False,True,False
0,1,9.4,44.8,3104,0,False,False,False,False,False,False,True
0,1,3.0,31.8,1306,0,True,False,False,False,False,False,False
0,1,0.8,71.4,84,1,False,True,False,False,False,False,False
0,1,6.3,66.6,1490,0,False,False,True,False,False,False,False
0,1,7.7,61.6,3075,0,False,False,False,True,False,False,False
0,1,8.2,68.3,3161,0,False,False,False,False,True,False,False
0,1,7.9,63.0,8158,0,False,False,False,False,False,True,False
1,1,8.6,57.3,7811,0,False,False,False,False,False,False,True
1,1,5.9,80.3,197,1,True,False,False,False,False,False,False
0,1,6.9,70.8,197,1,False,True,False,False,False,False,False
0,1,6.5,55.9,221,0,False,False,True,False,False,False,False
0,1,7.4,69.3,1201,1,False,False,False,True,False,False,False
0,1,2.0,76.5,104,1,False,False,False,False,True,False,False
0,1,1.5,51.0,1709,0,False,False,False,False,False,True,False
0,1,2.2,46.9,2229,0,False,False,False,False,False,False,True
0,1,2.8,56.4,143,0,True,False,False,False,False,False,False
0,1,3.6,56.1,172,0,False,True,False,False,False,False,False
0,1,4.9,52.9,234,0,False,False,True,False,False,False,False
0,1,6.8,58.4,221,0,False,False,False,True,False,False,False
0,1,7.4,46.4,400,0,False,False,False,False,True,False,False
0,1,7.6,45.3,4695,0,False,False,False,False,False,True,False
0,1,6.2,66.4,2120,0,False,False,False,False,False,False,True
0,1,7.5,60.9,362,0,True,False,False,False,False,False,False
0,1,9.3,46.1,383,0,False,True,False,False,False,False,False
0,1,6.2,87.8,37,1,False,False,True,False,False,False,False
0,1,6.0,51.1,324,0,False,False,False,True,False,False,False
0,1,6.9,57.5,622,0,False,False,False,False,True,False,False
0,1,8.9,51.6,6262,0,False,False,False,False,False,True,False
0,1,10.6,36.1,5617,0,False,False,False,False,False,False,True
0,1,11.8,35.5,797,0,True,False,False,False,False,False,False
0,1,13.4,44.5,600,0,False,True,False,False,False,False,False
0,1,13.3,50.0,507,0,False,False,True,False,False,False,False
0,1,13.1,50.8,607,0,False,False,False,True,False,False,False
0,1,13.3,47.3,918,0,False,False,False,False,True,False,False
0,1,13.2,50.9,7953,0,False,False,False,False,False,True,False
0,1,13.9,38.8,6587,0,False,False,False,False,False,False,True
0,1,12.9,61.4,605,1,True,False,False,False,False,False,False
0,1,14.0,72.3,342,1,False,True,False,False,False,False,False
0,1,13.3,61.5,669,0,False,False,True,False,False,False,False
0,1,11.6,54.4,829,0,False,False,False,True,False,False,False
0,1,14.6,57.4,1293,0,False,False,False,False,True,False,False
0,1,11.5,86.3,2782,1,False,False,False,False,False,True,False
0,1,11.6,54.3,6799,0,False,False,False,False,False,False,True
0,1,10.0,77.1,517,1,True,False,False,False,False,False,False
0,1,8.2,37.0,687,0,False,True,False,False,False,False,False
0,1,10.3,39.4,0,0,False,False,True,False,False,False,False
0,1,10.9,76.5,0,1,False,False,False,True,False,False,False
0,1,10.6,90.6,0,1,False,False,False,False,True,False,False
0,1,13.5,73.3,0,0,False,False,False,False,False,True,False
0,1,15.8,53.4,0,0,False,False,False,False,False,False,True
0,1,19.0,38.1,0,0,True,False,False,False,False,False,False
0,1,18.5,39.6,0,0,False,True,False,False,False,False,False
0,1,19.0,43.9,0,0,False,False,True,False,False,False,False
0,1,19.9,32.4,0,0,False,False,False,True,False,False,False
0,1,15.0,56.9,0,1,False,False,False,False,True,False,False
0,1,18.0,59.3,0,0,False,False,False,False,False,True,False
0,1,20.0,54.3,0,0,False,False,False,False,False,False,True
0,1,13.3,66.4,0,1,True,False,False,False,False,False,False
0,1,13.3,40.0,0,0,False,True,False,False,False,False,False
0,1,14.4,40.4,0,0,False,False,True,False,False,False,False
0,1,16.4,37.5,0,0,False,False,False,True,False,False,False
0,1,16.7,29.0,0,0,False,False,False,False,True,False,False
0,1,17.7,36.3,0,0,False,False,False,False,False,True,False
0,1,17.3,36.1,0,0,False,False,False,False,False,False,True
0,1,17.4,35.1,0,0,True,False,False,False,False,False,False
0,1,14.7,51.0,0,0,False,True,False,False,False,False,False
0,1,14.2,53.0,0,0,False,False,True,False,False,False,False
0,1,16.2,42.9,0,0,False,False,False,True,False,False,False
0,1,16.7,42.5,0,0,False,False,False,False,True,False,False
0,1,17.8,55.6,0,0,False,False,False,False,False,True,False
0,1,12.8,92.3,0,1,False,False,False,False,False,False,True
0,1,14.2,52.0,0,0,True,False,False,False,False,False,False
0,1,14.9,49.1,0,0,False,True,False,False,False,False,False
0,1,17.2,52.4,0,0,False,False,True,False,False,False,False
0,1,16.6,64.4,0,1,False,False,False,True,False,False,False
0,1,15.7,44.1,0,0,False,False,False,False,True,False,False
0,1,16.1,47.5,0,0,False,False,False,False,False,True,False
0,1,18.1,48.9,0,0,False,False,False,False,False,False,True
0,1,18.8,65.8,0,1,True,False,False,False,False,False,False
0,1,17.2,90.4,0,1,False,True,False,False,False,False,False
0,1,20.0,67.8,0,0,False,False,True,False,False,False,False
0,1,23.1,55.1,0,0,False,False,False,True,False,False,False
0,1,23.2,50.5,0,0,False,False,False,False,True,False,False
0,1,22.8,52.8,0,0,False,False,False,False,False,True,False
0,1,22.7,51.9,0,0,False,False,False,False,False,False,True
0,1,23.2,50.4,0,0,True,False,False,False,False,False,False
0,1,22.2,50.5,0,0,False,True,False,False,False,False,False
0,1,16.4,90.9,0,1,False,False,True,False,False,False,False
0,1,17.5,93.0,0,1,False,False,False,True,False,False,False
0,1,20.9,64.6,0,0,False,False,False,False,True,False,False
0,1,19.4,61.9,0,0,False,False,False,False,False,True,False
0,1,21.6,66.3,0,0,False,False,False,False,False,False,True
0,1,24.6,67.0,0,0,True,False,False,False,False,False,False
0,1,24.7,71.4,0,1,False,True,False,False,False,False,False
0,1,22.3,83.3,0,1,False,False,True,False,False,False,False
0,1,21.1,90.1,0,1,False,False,False,True,False,False,False
0,1,21.3,65.6,0,0,False,False,False,False,True,False,False
0,1,22.4,59.3,0,0,False,False,False,False,False,True,False
0,1,24.0,52.9,0,0,False,False,False,False,False,False,True
0,1,24.0,55.4,0,0,True,False,False,False,False,False,False
0,1,23.6,67.4,0,0,False,True,False,False,False,False,False
0,1,25.2,68.4,0,0,False,False,True,False,False,False,False
0,1,24.4,71.4,2,1,False,False,False,True,False,False,False
0,1,21.3,55.8,1207,0,False,False,False,False,True,False,False
0,1,22.4,50.0,5592,0,False,False,False,False,False,True,False
0,1,23.3,57.3,4951,0,False,False,False,False,False,False,True
0,1,20.6,66.8,1119,0,True,False,False,False,False,False,False
0,1,21.8,60.0,879,0,False,True,False,False,False,False,False
0,1,21.8,52.3,858,0,False,False,True,False,False,False,False
0,1,21.2,63.1,758,0,False,False,False,True,False,False,False
0,1,22.0,60.4,928,0,False,False,False,False,True,False,False
0,1,24.2,50.5,7700,0,False,False,False,False,False,True,False
0,1,22.9,71.9,4524,1,False,False,False,False,False,False,True
0,1,24.8,57.3,856,0,True,False,False,False,False,False,False
0,1,26.8,53.0,940,0,False,True,False,False,False,False,False
0,1,25.0,72.0,692,1,False,False,True,False,False,False,False
0,1,25.7,76.4,524,1,False,False,False,True,False,False,False
0,1,25.8,76.4,693,1,False,False,False,False,True,False,False
0,1,22.1,92.4,1391,1,False,False,False,False,False,True,False
0,1,23.1,75.8,7113,1,False,False,False,False,False,False,True
0,1,22.5,81.3,783,1,True,False,False,False,False,False,False
0,1,22.3,67.9,798,0,False,True,False,False,False,False,False
0,1,22.2,63.0,909,0,False,False,True,False,False,False,False
0,1,22.9,69.6,540,1,False,False,False,True,False,False,False
0,1,23.8,64.5,1024,0,False,False,False,False,True,False,False
0,1,25.4,62.1,7560,0,False,False,False,False,False,True,False
0,1,25.8,64.6,4372,1,False,False,False,False,False,False,True
0,1,26.5,68.8,798,0,True,False,False,False,False,False,False
0,1,26.0,68.3,518,1,False,True,False,False,False,False,False
